Genome_ID,Microbiome,Gene_count,DNA_UMAP_1,DNA_UMAP_2,DNA_cluster,Functional_UMAP_1,Functional_UMAP_2,Functional_cluster
MGYG000000001,Gut,2984,-0.95409733,17.301004,2,10.282639,3.9553547,-1
MGYG000000002,Gut,3746,-5.870117,4.320358,4,8.466472,1.897732,7
MGYG000000003,Gut,2512,2.8386738,7.0291514,6,-6.5688996,13.363551,3
MGYG000000004,Gut,3478,-2.2062013,5.2768717,4,10.896835,-2.053568,6
MGYG000000005,Gut,3541,-1.0476465,17.33921,2,10.321367,3.9152102,-1
MGYG000000006,Gut,2525,-2.0199957,14.591068,3,-1.1826453,-4.8188677,2
MGYG000000007,Gut,1816,-2.9090357,12.847239,3,11.406364,9.23055,5
MGYG000000008,Gut,1738,-2.9038484,12.852237,3,11.434414,9.227749,5
MGYG000000009,Gut,2011,-3.1618795,13.212298,3,11.407092,8.732227,5
MGYG000000010,Gut,2661,-1.9990427,14.549819,3,-1.179566,-4.825245,2
MGYG000000011,Gut,2647,-2.0089366,14.582303,3,-1.1751221,-4.817892,2
MGYG000000012,Gut,3831,-2.3429978,6.5204353,4,-1.4254633,-5.517794,2
MGYG000000013,Gut,4653,1.1625859,8.481389,6,-10.119425,9.64745,3
MGYG000000014,Gut,3951,-1.1084818,17.35843,2,10.112442,4.0424047,-1
MGYG000000015,Gut,4415,5.678598,-2.5130649,-1,-12.855542,-2.3800285,1
MGYG000000016,Gut,2300,-5.453227,5.0281057,4,11.271374,-0.9885265,6
MGYG000000017,Gut,1780,14.048501,9.303005,0,7.51085,16.330961,0
MGYG000000018,Gut,2673,-3.9548886,9.858323,4,7.278321,3.673116,7
MGYG000000019,Gut,4440,5.7057652,-2.53401,-1,-12.880497,-2.397189,1
MGYG000000020,Gut,1877,1.8296493,5.0354924,5,11.495604,8.713874,5
MGYG000000021,Gut,1795,1.606344,4.7519245,5,11.1963,8.619594,5
MGYG000000022,Gut,2720,-1.902266,3.1476974,4,12.5329485,-4.485833,6
MGYG000000023,Gut,1908,-3.5458086,14.105461,3,13.65318,8.337886,5
MGYG000000024,Gut,3321,-0.98469234,17.313726,2,10.320418,3.9176574,-1
MGYG000000025,Gut,2574,-2.0257576,14.579993,3,-1.1717216,-4.810224,2
MGYG000000026,Gut,2332,-1.2649344,13.9016075,3,15.904168,6.884036,5
MGYG000000027,Gut,2051,3.907139,8.303105,6,2.2893822,1.5033187,4
MGYG000000028,Gut,2254,-6.7103004,4.84624,4,7.7212157,2.068552,7
MGYG000000029,Gut,3380,1.1847395,8.437165,6,-10.041997,9.562288,3
MGYG000000030,Gut,2508,-3.774843,10.177691,4,7.485703,3.7232308,7
MGYG000000031,Gut,3199,-6.116627,4.2916446,4,8.363336,1.9328922,7
MGYG000000032,Gut,5853,-4.208113,4.6684227,4,9.10414,1.696541,7
MGYG000000033,Gut,2424,-2.8354304,9.065744,4,9.008309,-3.6942523,6
MGYG000000034,Gut,2443,-3.0651114,5.1192913,4,10.153387,-3.7014492,6
MGYG000000035,Gut,3142,-4.811377,4.642632,4,8.392296,1.7661438,7
MGYG000000036,Gut,1993,-3.0767086,9.56346,4,9.503294,-3.2695732,6
MGYG000000037,Gut,2216,-2.0344644,14.321757,3,10.183429,4.073107,-1
MGYG000000038,Gut,2883,-6.584361,4.758136,4,8.044025,1.5994544,7
MGYG000000039,Gut,2471,-2.076197,3.4174073,4,12.5083685,-4.467648,6
MGYG000000040,Gut,2146,-3.8509245,8.898793,4,11.167991,0.80969906,7
MGYG000000041,Gut,3255,-5.621418,4.5815554,4,8.185811,3.3961725,7
MGYG000000042,Gut,2826,1.1571351,8.804265,6,-9.6987295,8.929741,3
MGYG000000043,Gut,3336,0.900592,8.662443,6,-9.7443285,9.02033,3
MGYG000000044,Gut,3320,1.4259858,7.943376,6,-10.332189,9.168487,3
MGYG000000045,Gut,2566,-1.0776752,14.586219,3,15.945099,6.845757,5
MGYG000000046,Gut,2226,0.022244338,7.2179623,4,2.274388,1.6771874,4
MGYG000000047,Gut,3093,-0.9029991,17.24794,2,10.139053,4.0784583,-1
MGYG000000048,Gut,2098,-0.9479984,17.447649,2,10.184682,4.073528,-1
MGYG000000049,Gut,3108,-0.88183063,17.273685,2,10.31434,3.926842,-1
MGYG000000050,Gut,3424,-5.721171,4.346051,4,8.442304,1.8454598,7
MGYG000000051,Gut,3187,-4.3251357,4.631554,4,8.343723,1.877063,7
MGYG000000052,Gut,3201,-5.224502,4.621809,4,7.8032417,2.0168433,7
MGYG000000053,Gut,1668,4.964993,6.509672,5,-6.624714,13.144717,3
MGYG000000054,Gut,4112,1.2833612,8.551153,6,-10.123549,9.64364,3
MGYG000000055,Gut,2417,3.2907095,8.633962,6,-8.377277,11.08276,3
MGYG000000056,Gut,2518,3.188544,8.68912,6,-8.393068,11.118277,3
MGYG000000057,Gut,3544,1.4988887,8.692666,6,-9.9757595,9.412712,3
MGYG000000058,Gut,2972,-5.0457582,4.294077,4,8.197267,1.7775061,7
MGYG000000059,Gut,2583,-3.1277606,2.6795797,4,11.391312,-1.6333575,6
MGYG000000060,Gut,2905,-3.8647366,10.079253,4,7.747106,3.9049869,7
MGYG000000061,Gut,1767,13.8867,9.390275,0,7.9213815,16.440002,0
MGYG000000062,Gut,2678,-1.6289402,17.41043,2,10.315211,3.8917885,-1
MGYG000000063,Gut,3713,-4.66176,4.7644224,4,9.289768,1.2439712,7
MGYG000000064,Gut,2893,-0.78291684,17.336601,2,10.161131,4.108205,-1
MGYG000000065,Gut,2720,-6.724033,4.8282166,4,7.7735248,2.0063927,7
MGYG000000066,Gut,4824,-4.1537433,4.6616354,4,8.915205,1.549505,7
MGYG000000067,Gut,3282,-5.521538,4.523371,4,8.126445,1.539558,7
MGYG000000068,Gut,2741,-1.9606413,5.0654416,4,11.118029,-1.6175325,6
MGYG000000069,Gut,2550,-3.181263,4.475713,4,10.171338,-3.6882453,6
MGYG000000070,Gut,3556,-3.0774705,2.7234218,4,11.353757,-1.6705376,6
MGYG000000071,Gut,3344,-3.0560985,2.707027,4,11.372062,-1.6892813,6
MGYG000000072,Gut,2306,-3.1077483,9.660838,4,8.879668,-3.068768,6
MGYG000000073,Gut,2253,-2.5525045,4.1778073,4,10.377336,-3.7024584,6
MGYG000000074,Gut,2467,2.8635116,7.0768466,6,-6.565563,13.342525,3
MGYG000000075,Gut,2869,-0.8936683,17.301756,2,10.321998,3.933251,-1
MGYG000000076,Gut,3728,-6.5622787,4.7069597,4,8.012195,3.442463,7
MGYG000000077,Gut,2582,-6.272624,4.791283,4,7.839565,2.0175612,7
MGYG000000078,Gut,2608,-3.887169,10.1252775,4,7.7424664,3.932187,7
MGYG000000079,Gut,2657,-2.5537055,13.732618,3,-1.3163519,-5.246136,2
MGYG000000080,Gut,3124,-5.246307,4.636276,4,7.8345823,1.9936515,7
MGYG000000081,Gut,2162,7.3503785,5.7733297,1,-6.9342546,-10.079715,2
MGYG000000082,Gut,3133,3.4522574,-1.0005064,-1,-11.195821,-0.85892993,1
MGYG000000083,Gut,5358,-2.526816,13.814302,3,-1.3084099,-5.587052,2
MGYG000000084,Gut,2445,-1.9074261,3.7273946,4,12.179576,-4.242128,6
MGYG000000085,Gut,1704,14.391891,9.57607,0,7.147511,16.727465,0
MGYG000000086,Gut,2995,-3.1447077,2.6939847,4,11.370397,-1.6444019,6
MGYG000000087,Gut,3010,-4.219573,4.4364333,4,9.662248,2.1600401,7
MGYG000000088,Gut,1892,-3.526442,13.390925,3,13.434768,8.154664,5
MGYG000000089,Gut,2518,-3.4595077,9.409143,4,8.702923,-2.8910072,6
MGYG000000090,Gut,2938,-3.0506644,2.731134,4,11.330737,-1.6576707,6
MGYG000000091,Gut,5932,6.3493557,5.455111,1,-11.515607,-1.2659912,1
MGYG000000092,Gut,3191,-4.9143414,5.346237,4,8.426737,1.9198587,7
MGYG000000093,Gut,5633,6.133589,-2.376154,-1,-13.047259,-2.1436307,1
MGYG000000094,Gut,1833,13.97115,9.268646,0,8.05585,16.20267,0
MGYG000000095,Gut,4603,-4.2080274,4.6163363,4,8.859703,1.5373464,7
MGYG000000096,Gut,2182,-3.1820655,12.653888,3,11.365723,8.642078,5
MGYG000000097,Gut,1741,-3.112866,13.24342,3,11.386962,8.730747,5
MGYG000000098,Gut,3748,1.1784046,8.4443,6,-10.0896845,9.604338,3
MGYG000000099,Gut,3565,-3.130306,2.6752396,4,11.36638,-1.6175143,6
MGYG000000100,Gut,2373,-2.2329502,13.920915,3,2.3305807,1.4993776,4
MGYG000000101,Gut,2197,6.3278346,6.593794,1,-6.517776,-10.225531,2
MGYG000000102,Gut,3422,-1.0002031,17.331648,2,10.275137,3.9604218,-1
MGYG000000103,Gut,3362,-4.0805697,4.531828,4,9.280082,1.2729192,7
MGYG000000104,Gut,3185,-0.7577151,17.340376,2,10.101198,4.11133,-1
MGYG000000105,Gut,3132,1.4642427,8.468581,6,-9.841628,9.244656,3
MGYG000000106,Gut,2906,-2.8788953,13.640396,3,12.039194,8.084564,5
MGYG000000107,Gut,5273,6.1292877,-2.3771927,-1,-13.034631,-2.152787,1
MGYG000000108,Gut,4302,5.7356453,-1.8434036,-1,-13.044844,-2.7107985,1
MGYG000000109,Gut,1847,-3.5565438,14.090809,3,13.578922,8.292869,5
MGYG000000110,Gut,4262,5.812592,-1.9194001,-1,-12.9688425,-2.5563192,1
MGYG000000111,Gut,2119,6.734911,6.3452764,1,-6.034791,-10.103989,2
MGYG000000112,Gut,2514,6.36159,6.606939,1,-5.915295,-10.1447525,2
MGYG000000113,Gut,1881,-3.824018,13.459381,3,13.468914,8.118611,5
MGYG000000114,Gut,1822,-3.55518,14.097341,3,13.598122,8.2905655,5
MGYG000000115,Gut,3135,-1.0527244,17.09067,2,10.317608,3.901306,-1
MGYG000000116,Gut,2858,-2.659624,13.667667,3,-1.3508099,-5.372293,2
MGYG000000117,Gut,2620,1.3477505,7.9996114,6,-8.464782,10.631501,3
MGYG000000118,Gut,2696,-4.230953,4.646478,4,8.26427,1.8131192,7
MGYG000000119,Gut,3181,-5.7319536,4.354156,4,8.394416,1.9584317,7
MGYG000000120,Gut,1913,-3.3322668,16.209661,2,12.222171,1.8399111,7
MGYG000000121,Gut,3735,-3.337147,4.7407184,4,8.910891,1.3799388,7
MGYG000000122,Gut,2334,-1.9803466,14.597007,3,-1.1603359,-4.779958,2
MGYG000000123,Gut,4939,-4.749054,4.2716084,4,8.879507,1.5355402,7
MGYG000000124,Gut,4654,5.718707,-1.8331957,-1,-13.059055,-2.6569855,1
MGYG000000125,Gut,3004,-1.7480369,16.805971,2,10.270967,3.980914,-1
MGYG000000126,Gut,3729,-3.3337004,4.8768334,4,9.299593,1.232642,7
MGYG000000127,Gut,5327,-3.7331252,4.868692,4,8.927662,1.5401211,7
MGYG000000128,Gut,2293,2.8211896,7.0791006,6,-6.554575,13.2868185,3
MGYG000000129,Gut,2333,-3.1389892,4.6196084,4,9.941703,-3.5775375,6
MGYG000000130,Gut,1720,-0.5005723,7.129303,4,12.116549,1.8351495,7
MGYG000000131,Gut,2977,-2.2910573,5.015454,4,10.955942,-1.9887816,6
MGYG000000132,Gut,2621,-2.3558285,13.677769,3,15.955076,6.8321896,5
MGYG000000133,Gut,2948,-5.866149,4.2733126,4,8.3210535,1.9944941,7
MGYG000000134,Gut,2932,-1.0828621,14.492499,3,15.977887,6.8146596,5
MGYG000000135,Gut,4631,-4.664085,4.2297263,4,8.932134,1.5465922,7
MGYG000000136,Gut,3421,-6.3769913,4.927158,4,7.8554316,3.5313563,7
MGYG000000137,Gut,3432,-5.067409,5.305882,4,8.433566,1.91296,7
MGYG000000138,Gut,3792,1.4375361,7.944762,6,-10.386942,9.2061825,3
MGYG000000139,Gut,2256,-3.6031332,10.365835,4,7.229549,3.407152,7
MGYG000000140,Gut,2939,-6.6053658,4.6227546,4,8.228641,1.9370911,7
MGYG000000141,Gut,3181,-5.987436,4.4060907,4,8.387093,1.8471295,7
MGYG000000142,Gut,3055,-6.0416784,4.3122363,4,8.386949,1.9055537,7
MGYG000000143,Gut,2475,-2.0254395,14.329834,3,10.164221,4.0877786,-1
MGYG000000144,Gut,2489,1.5847548,7.777566,6,-8.263681,10.830585,3
MGYG000000145,Gut,4051,-4.679228,4.0925536,4,9.298323,2.0927417,7
MGYG000000146,Gut,3147,-6.62477,4.7807736,4,8.123759,1.6345385,7
MGYG000000147,Gut,4130,-2.3009193,6.5511374,4,-1.2989106,-5.5598345,2
MGYG000000148,Gut,2558,-6.600796,4.937459,4,7.925675,1.7362887,7
MGYG000000149,Gut,3375,-0.7780889,17.32002,2,10.10247,4.090223,-1
MGYG000000150,Gut,6531,-4.322537,4.70384,4,9.089905,1.7070142,7
MGYG000000151,Gut,3141,-0.8989345,17.179003,2,10.192214,4.0359936,-1
MGYG000000152,Gut,5451,-4.6226497,4.073809,4,9.249664,1.8852319,7
MGYG000000153,Gut,2708,-5.0177555,5.348635,4,7.919926,3.5295095,7
MGYG000000154,Gut,2694,-6.0584655,4.62716,4,7.8455353,3.562923,7
MGYG000000155,Gut,1957,1.8544465,5.052643,5,11.366721,8.693299,5
MGYG000000156,Gut,1849,14.027911,9.269755,0,8.269899,16.26951,0
MGYG000000157,Gut,3137,-0.9641245,17.326756,2,10.296943,3.9505744,-1
MGYG000000158,Gut,1867,13.946855,9.294604,0,8.316451,16.242613,0
MGYG000000159,Gut,2955,-5.4507565,4.863099,4,8.097898,1.6575369,7
MGYG000000160,Gut,1681,5.1062055,6.3528643,5,10.551828,15.714915,0
MGYG000000161,Gut,1965,-3.1192324,12.748886,3,11.405413,9.235925,5
MGYG000000162,Gut,2951,-2.8679976,13.621344,3,12.04697,8.075797,5
MGYG000000163,Gut,2589,-3.3634017,13.89622,3,12.0447035,8.089921,5
MGYG000000164,Gut,2846,-6.5531735,4.6226654,4,8.020363,1.6856086,7
MGYG000000165,Gut,3525,-4.381914,4.836407,4,8.614357,1.4204665,7
MGYG000000166,Gut,1830,1.6202345,4.7879353,5,11.267242,8.577486,5
MGYG000000167,Gut,1860,13.917215,9.355024,0,8.254611,16.243135,0
MGYG000000168,Gut,3884,1.1918006,7.4203377,6,-10.585129,8.626659,3
MGYG000000169,Gut,2348,-3.591523,10.2776,4,7.2399035,3.4019587,7
MGYG000000170,Gut,2418,2.6208534,7.055457,6,-6.6723695,13.242476,3
MGYG000000171,Gut,3165,-6.5375333,4.5525856,4,8.358479,1.8750703,7
MGYG000000172,Gut,5455,-3.215503,3.590558,4,9.358997,1.9048715,7
MGYG000000173,Gut,1800,-1.4496882,13.913887,3,15.580441,7.0789876,5
MGYG000000174,Gut,4668,1.254013,7.938394,6,-10.367892,9.277835,3
MGYG000000175,Gut,4371,-4.5139213,4.552514,4,8.810776,1.4881446,7
MGYG000000176,Gut,5135,-4.9750323,4.4866176,4,8.83674,1.4741664,7
MGYG000000177,Gut,2254,-5.0118413,4.8486385,4,11.277111,-1.0239257,6
MGYG000000178,Gut,2766,-3.018234,2.655892,4,11.366938,-1.6165652,6
MGYG000000179,Gut,5336,-4.206639,4.070388,4,9.339068,1.8851103,7
MGYG000000180,Gut,1947,13.914889,9.274868,0,8.278599,16.226696,0
MGYG000000181,Gut,2672,-6.5616417,4.871749,4,7.9721756,1.7118386,7
MGYG000000182,Gut,2223,3.7306058,8.411228,6,2.299275,1.5251008,4
MGYG000000183,Gut,4092,1.1645455,7.414879,6,-10.611527,8.604018,3
MGYG000000184,Gut,3241,-6.2145076,4.26807,4,8.335535,1.9106584,7
MGYG000000185,Gut,2843,-2.0219872,5.439037,4,11.104635,-1.6042774,6
MGYG000000186,Gut,2042,-1.5800967,13.950426,3,15.757852,7.007116,5
MGYG000000187,Gut,2720,-3.8543155,10.115973,4,7.737066,3.9420023,7
MGYG000000188,Gut,1831,13.852807,9.50138,0,8.20012,16.265432,0
MGYG000000189,Gut,2426,-6.2047963,4.884551,4,7.3094516,3.678677,7
MGYG000000190,Gut,2447,-6.2236953,5.0626125,4,7.3609805,3.6778028,7
MGYG000000191,Gut,2691,-1.5030191,7.1796384,4,-1.3935996,-5.3767123,2
MGYG000000192,Gut,3109,-2.5370376,6.0630693,4,15.9469595,6.8396807,5
MGYG000000193,Gut,3619,-6.0354824,4.930919,4,8.517661,2.065318,7
MGYG000000194,Gut,3127,-4.9261675,4.7561073,4,9.618017,2.1442466,7
MGYG000000195,Gut,2910,-1.9783987,3.334495,4,12.515557,-4.473442,6
MGYG000000196,Gut,4815,1.13904,8.457591,6,-10.131855,9.658007,3
MGYG000000197,Gut,1878,13.966829,9.239053,0,8.086277,16.186245,0
MGYG000000198,Gut,5696,-4.2253904,4.0934424,4,9.324396,1.8926382,7
MGYG000000199,Gut,1857,-3.5465062,14.112884,3,13.666028,8.300595,5
MGYG000000200,Gut,3648,-6.255561,4.3432856,4,8.422542,1.9240514,7
MGYG000000201,Gut,4038,-5.7209115,4.457088,4,8.459806,1.8813345,7
MGYG000000202,Gut,4222,-4.2442555,4.69342,4,8.895155,1.6094128,7
MGYG000000203,Gut,3431,1.1851661,7.435352,6,-10.58509,8.62628,3
MGYG000000204,Gut,2147,-3.5668402,10.40738,4,7.224153,3.366619,7
MGYG000000205,Gut,3262,-4.8016505,5.406785,4,9.633258,2.1676972,7
MGYG000000206,Gut,2733,-6.3051324,4.7087,4,8.036696,1.6698083,7
MGYG000000207,Gut,1800,14.424718,9.56137,0,8.139698,16.381937,0
MGYG000000208,Gut,2313,-3.5825927,10.371479,4,7.243267,3.4121094,7
MGYG000000209,Gut,2558,-6.236706,5.0678,4,7.4495826,3.7050178,7
MGYG000000210,Gut,1806,13.944424,9.30445,0,8.176051,16.381851,0
MGYG000000211,Gut,4778,1.2064993,8.620801,6,-10.120345,9.647969,3
MGYG000000212,Gut,3223,-6.513535,4.5460396,4,8.391128,1.9022973,7
MGYG000000213,Gut,3934,-6.322606,4.3569074,4,8.447306,1.9084954,7
MGYG000000214,Gut,1855,1.6926196,14.150281,-1,1.5933261,1.1782393,4
MGYG000000215,Gut,2570,3.1028302,9.354776,6,-8.341655,7.9102354,3
MGYG000000216,Gut,3532,-6.187443,4.302834,4,8.395448,1.9368495,7
MGYG000000217,Gut,3476,-5.581173,4.566664,4,8.244045,3.3760676,7
MGYG000000218,Gut,2044,-3.2378154,3.320954,4,2.4106882,2.1816413,4
MGYG000000219,Gut,3606,-3.356836,4.741029,4,8.933688,1.3395205,7
MGYG000000220,Gut,2692,-2.8195465,2.8004992,4,11.315978,-2.0462277,6
MGYG000000221,Gut,2740,1.3049009,8.258496,6,-10.186267,9.072406,3
MGYG000000222,Gut,3219,1.3053136,8.1564865,6,-10.3277025,9.125085,3
MGYG000000223,Gut,3944,-1.5892768,13.816464,3,15.954448,6.831711,5
MGYG000000224,Gut,2935,1.4315317,8.624595,6,-9.856334,9.2379265,3
MGYG000000225,Gut,1810,3.0321786,5.909711,5,-9.659845,0.27593058,1
MGYG000000226,Gut,2087,-3.502965,13.428651,3,13.286953,8.214307,5
MGYG000000227,Gut,4489,-2.2526872,6.5331764,4,-1.3029202,-5.578349,2
MGYG000000228,Gut,1870,13.923069,9.2804,0,8.288097,16.272322,0
MGYG000000229,Gut,2462,-6.5880995,4.780817,4,7.900286,1.6866262,7
MGYG000000230,Gut,1826,-3.6064594,13.608017,3,13.325401,8.239463,5
MGYG000000231,Gut,2507,-3.9727066,9.869047,4,7.272695,3.6800961,7
MGYG000000232,Gut,1857,13.982668,9.27325,0,8.275182,16.238697,0
MGYG000000233,Gut,2854,-4.746326,5.4554343,4,9.637629,2.1714647,7
MGYG000000234,Gut,2046,-1.5273626,14.585884,3,12.974888,8.172549,5
MGYG000000235,Gut,4541,5.68181,-2.515734,-1,-12.848423,-2.356253,1
MGYG000000236,Gut,4201,1.0849494,8.406289,6,-10.092747,9.609639,3
MGYG000000237,Gut,1883,14.100855,9.318569,0,8.20037,16.23673,0
MGYG000000238,Gut,3213,-2.879795,13.634419,3,12.017553,8.0958805,5
MGYG000000239,Gut,1834,14.011431,9.307229,0,8.176172,16.340902,0
MGYG000000240,Gut,2377,-1.5216763,13.986745,3,15.833688,6.9411154,5
MGYG000000241,Gut,2187,-1.7539728,3.9225485,4,3.2684164,8.134747,3
MGYG000000242,Gut,3332,-5.1812105,4.203461,4,9.563274,2.1524868,7
MGYG000000243,Gut,3092,1.2628449,8.6707945,6,-9.890577,9.207,3
MGYG000000244,Gut,2242,-1.2702415,13.918611,3,15.903258,6.8835235,5
MGYG000000245,Gut,3601,-6.5580363,4.719702,4,7.981852,3.4601755,7
MGYG000000246,Gut,2040,-3.5210578,13.397361,3,13.426696,8.140685,5
MGYG000000247,Gut,1402,5.1262674,6.3943386,5,10.668895,15.709996,0
MGYG000000248,Gut,2025,1.8373752,5.0439444,5,11.404462,8.584433,5
MGYG000000249,Gut,2746,-6.7102904,4.7544994,4,8.0502825,1.7234879,7
MGYG000000250,Gut,2873,-3.6994746,9.987788,4,7.573741,3.613384,7
MGYG000000251,Gut,3273,-5.0337915,5.2950845,4,8.450048,1.9827174,7
MGYG000000252,Gut,3286,-6.6071315,4.5850744,4,8.357707,1.853211,7
MGYG000000253,Gut,2310,-1.6417323,13.911995,3,15.741823,7.0176888,5
MGYG000000254,Gut,3490,1.3054395,7.795242,6,-10.550298,8.661956,3
MGYG000000255,Gut,2870,-4.7687197,5.4371657,4,9.671518,2.1814225,7
MGYG000000256,Gut,2041,5.531688,6.7271643,5,10.779105,15.580027,0
MGYG000000257,Gut,1895,13.97389,9.370111,0,8.289569,16.250134,0
MGYG000000258,Gut,1827,-2.7830336,9.302706,4,9.47842,-3.2692738,6
MGYG000000259,Gut,2871,-5.0370245,4.741704,4,9.646537,2.1667328,7
MGYG000000260,Gut,1850,13.958175,9.333674,0,8.226918,16.294542,0
MGYG000000261,Gut,1769,14.492553,9.488593,0,7.8486085,16.546463,0
MGYG000000262,Gut,2831,-6.2726197,4.761563,4,7.967337,1.8866211,7
MGYG000000263,Gut,3151,-6.1428733,4.3022985,4,8.327185,1.9372674,7
MGYG000000264,Gut,2876,1.3707964,7.3227105,6,-1.3259448,-5.3161583,2
MGYG000000265,Gut,3946,1.1427583,8.536604,6,-10.068624,9.598789,3
MGYG000000266,Gut,1877,13.894167,9.382907,0,8.26356,16.211075,0
MGYG000000267,Gut,1735,-1.8926318,13.708866,3,15.721736,7.0273075,5
MGYG000000268,Gut,3012,-6.5554404,4.904353,4,8.035323,1.7007396,7
MGYG000000269,Gut,2074,-1.1308933,14.568466,3,15.906001,6.881333,5
MGYG000000270,Gut,1839,13.935586,9.444849,0,8.210128,16.27433,0
MGYG000000271,Gut,3527,-6.5740266,4.7507005,4,7.9842777,3.4798434,7
MGYG000000272,Gut,2955,3.211916,10.106295,6,-8.617688,7.6668625,3
MGYG000000273,Gut,2800,0.8937767,8.607504,6,-9.667278,8.8750925,3
MGYG000000274,Gut,3167,-5.069359,4.827623,4,9.617942,2.1801152,7
MGYG000000275,Gut,1899,13.947193,9.296755,0,8.289253,16.223492,0
MGYG000000276,Gut,2511,0.18674245,7.306441,4,2.2493162,1.6893449,4
MGYG000000277,Gut,1826,-3.6843636,13.4153595,3,13.451102,8.150186,5
MGYG000000278,Gut,4099,-5.3149357,4.5861707,4,9.53514,2.1474342,7
MGYG000000279,Gut,1816,1.7006418,14.141103,-1,1.5908775,1.1789743,4
MGYG000000280,Gut,2591,-6.056297,4.8093104,4,7.9147162,3.5497868,7
MGYG000000281,Gut,4173,-4.3512363,4.75232,4,9.446515,1.9898231,7
MGYG000000282,Gut,3063,-5.933502,4.974071,4,7.522193,3.6228204,7
MGYG000000283,Gut,1255,14.987575,13.892162,0,7.0153356,17.851065,0
MGYG000000284,Gut,4344,1.2296274,7.9711185,6,-10.39708,9.277461,3
MGYG000000285,Gut,2019,-3.1411226,5.5328307,4,11.595859,0.5778305,7
MGYG000000286,Gut,758,-1.2454982,17.263117,2,3.1651988,-9.552261,-1
MGYG000000287,Gut,5563,-5.0650134,4.2935286,4,8.9356785,1.5344375,7
MGYG000000288,Gut,1715,14.599463,10.982362,0,7.157397,16.600842,0
MGYG000000289,Gut,2151,2.8239057,9.580871,6,-8.133618,7.84701,3
MGYG000000290,Gut,1686,14.491306,10.448877,0,7.066878,16.885597,0
MGYG000000291,Gut,1364,4.4209514,5.4547772,5,15.069397,14.261896,0
MGYG000000292,Gut,1491,14.951918,13.675955,0,7.0124288,17.521137,0
MGYG000000293,Gut,1377,1.7141055,14.165139,-1,1.5277426,1.1146382,4
MGYG000000294,Gut,1515,-3.008118,6.9116974,4,2.365346,2.4920487,4
MGYG000000295,Gut,2504,-2.3348973,4.96168,4,10.758042,-2.206924,6
MGYG000000296,Gut,1583,-2.8643918,15.730811,2,11.657793,1.6355938,7
MGYG000000297,Gut,1106,-1.7547802,14.391893,3,9.672156,-14.136846,-1
MGYG000000298,Gut,1529,-4.023657,13.82048,3,13.783145,8.439624,5
MGYG000000299,Gut,1561,7.175894,5.978218,1,-5.632037,-10.297113,2
MGYG000000300,Gut,1086,4.804755,5.9714184,5,15.038366,14.225305,0
MGYG000000301,Gut,2470,-5.942685,4.2850986,4,8.262593,2.1103246,7
MGYG000000302,Gut,1729,14.463242,9.970339,0,7.4238505,16.524,0
MGYG000000303,Gut,1743,8.442922,5.266093,1,-5.497389,-10.43908,2
MGYG000000304,Gut,1341,4.3097515,5.3288608,5,15.087267,14.274,0
MGYG000000305,Gut,1677,2.4454272,9.197843,6,-7.2228127,11.06172,3
MGYG000000307,Gut,1556,7.723123,6.1443305,1,-6.2393174,-10.739849,2
MGYG000000308,Gut,1645,6.3046913,6.583153,1,-5.6610627,-10.226951,2
MGYG000000309,Gut,1636,14.625666,10.76196,0,6.9338346,17.431265,0
MGYG000000310,Gut,1493,-3.0055265,6.979632,4,2.3441596,2.4585683,4
MGYG000000311,Gut,1595,1.7182678,14.173349,-1,1.5820295,1.1806995,4
MGYG000000312,Gut,2427,-4.4053273,5.233866,4,8.335195,2.9923353,7
MGYG000000313,Gut,1155,5.4216933,6.4864016,5,10.62784,15.690895,0
MGYG000000314,Gut,1667,14.80419,12.499168,0,6.854046,17.07616,0
MGYG000000315,Gut,1301,-2.3861268,9.7306185,4,-0.32546848,17.32946,0
MGYG000000316,Gut,1919,-1.3552352,9.457465,4,10.273294,-3.78363,6
MGYG000000317,Gut,1936,3.7891617,-1.1017816,-1,-10.966929,0.47601092,1
MGYG000000318,Gut,1452,-4.032193,13.821137,3,13.757816,8.424353,5
MGYG000000319,Gut,2270,-2.592471,5.177981,4,11.918719,-4.0627303,6
MGYG000000320,Gut,1695,14.557961,10.300615,0,7.25364,16.991802,0
MGYG000000321,Gut,1613,14.867413,12.732235,0,6.795746,17.44836,0
MGYG000000322,Gut,2569,1.301119,7.772045,6,-10.377212,8.746932,3
MGYG000000323,Gut,3023,-2.8935568,13.619912,3,12.021123,8.096446,5
MGYG000000324,Gut,1631,14.88596,12.699657,0,7.169078,17.220482,0
MGYG000000325,Gut,2712,-5.7396717,4.50639,4,8.202426,3.4175801,7
MGYG000000326,Gut,1925,7.4600363,5.8725624,1,-6.3585997,-10.534783,2
MGYG000000327,Gut,1434,14.984303,13.852127,0,6.9492,17.830431,0
MGYG000000328,Gut,1266,-3.3445144,8.431884,4,9.539788,-4.804215,6
MGYG000000330,Gut,2252,1.7742022,4.9366713,5,11.531743,8.450456,5
MGYG000000331,Gut,1670,14.570519,10.801609,0,6.8630075,17.144737,0
MGYG000000332,Gut,931,-1.0199056,15.308122,3,9.36185,-13.801407,-1
MGYG000000333,Gut,1679,14.814371,12.444221,0,7.4663777,17.042,0
MGYG000000334,Gut,1878,-4.6943464,7.758896,4,12.507987,-1.7220894,6
MGYG000000335,Gut,1764,-2.8820915,13.582649,3,13.332449,8.220663,5
MGYG000000336,Gut,995,8.431649,5.2639112,1,-5.4619803,-10.495928,2
MGYG000000337,Gut,3364,5.2103863,-1.4782736,-1,-12.517431,-3.1802516,1
MGYG000000338,Gut,1823,-1.0675024,11.579357,4,-10.623037,0.7217449,1
MGYG000000339,Gut,1510,-3.0719023,2.5273616,4,11.730397,-1.8128207,6
MGYG000000342,Gut,834,-0.99283355,6.6479354,4,-10.095079,0.20805375,1
MGYG000000343,Gut,2867,1.059532,8.122038,6,-10.5023985,8.667824,3
MGYG000000344,Gut,1874,-2.3185735,7.0123596,4,8.040923,-6.232179,6
MGYG000000345,Gut,2616,-0.75416243,5.8725615,4,-0.34021938,10.716386,3
MGYG000000346,Gut,1874,-5.160998,4.601756,4,7.7033844,3.755324,7
MGYG000000347,Gut,1335,-0.86348027,15.135145,3,-1.795118,4.703976,4
MGYG000000348,Gut,1928,3.3315208,8.203675,6,-8.186425,11.181062,3
MGYG000000349,Gut,1061,-2.1629162,7.4363346,4,8.203656,-5.567232,6
MGYG000000350,Gut,1174,-3.343356,8.4016,4,9.4364195,-4.918774,6
MGYG000000351,Gut,1533,2.6581383,5.4228177,5,-9.903476,0.6010936,1
MGYG000000352,Gut,948,-2.0014012,6.1186175,4,8.36118,-5.804352,6
MGYG000000353,Gut,1972,3.755588,8.280139,6,-8.089847,11.062889,3
MGYG000000354,Gut,2086,3.662295,8.479206,6,-8.164562,11.205941,3
MGYG000000355,Gut,2143,1.4337466,8.137608,6,-9.968176,8.933899,3
MGYG000000356,Gut,2589,-6.61236,4.702221,4,7.8943787,3.5517685,7
MGYG000000357,Gut,2023,3.2590623,8.525501,6,-8.120508,11.085653,3
MGYG000000358,Gut,1178,-2.5866456,6.5581245,4,-0.14602675,17.087713,0
MGYG000000359,Gut,2320,-5.8754044,4.4110026,4,8.156274,2.1791055,7
MGYG000000360,Gut,3088,-0.81825185,5.8968406,4,-0.30808833,10.747894,3
MGYG000000361,Gut,1645,-4.9691687,4.869551,4,8.102086,3.431929,7
MGYG000000362,Gut,2126,-3.8262196,7.5952168,4,8.647354,-2.842742,6
MGYG000000363,Gut,1373,-2.5513666,9.903798,4,-0.32933095,17.332355,0
MGYG000000364,Gut,2353,-3.9628248,9.869025,4,7.278665,3.6814144,7
MGYG000000365,Gut,1114,-1.6420918,17.880388,2,2.8022132,-10.90765,-1
MGYG000000366,Gut,2110,-2.2183614,7.3605075,4,9.305412,-4.2864223,6
MGYG000000367,Gut,1524,-3.2108984,8.478971,4,11.234478,0.8289714,7
MGYG000000368,Gut,1478,-3.8067322,7.881484,4,12.651818,-2.0191953,6
MGYG000000369,Gut,1763,-1.7092571,5.497212,4,12.050722,-2.8665826,6
MGYG000000370,Gut,2348,-1.7833833,5.391263,4,12.161211,-2.8706815,6
MGYG000000371,Gut,1871,-3.5983994,7.9333367,4,9.704599,-4.684597,6
MGYG000000372,Gut,1112,-1.9845047,17.434402,2,2.890082,-10.789218,-1
MGYG000000373,Gut,2267,-2.6647582,6.293886,4,9.724737,-4.3360333,6
MGYG000000374,Gut,1231,-0.7839278,14.985103,3,-1.7096539,4.6188707,4
MGYG000000375,Gut,1175,-1.6980832,17.86004,2,2.6894825,-11.050527,-1
MGYG000000376,Gut,451,-2.3218944,12.0597925,3,-1.839939,-1.0837861,4
MGYG000000377,Gut,1990,-3.1504018,2.5828664,4,11.781026,-1.8119828,6
MGYG000000378,Gut,2251,-4.804447,4.7588944,4,8.05417,2.2059557,7
MGYG000000379,Gut,1729,-3.0409935,9.298001,4,10.430913,-5.927215,-1
MGYG000000380,Gut,1411,-2.4597874,5.398765,4,15.768953,6.9903817,5
MGYG000000381,Gut,713,-0.63559985,16.324894,3,9.285843,-13.700136,-1
MGYG000000382,Gut,1207,-1.8162968,17.768635,2,2.6430628,-11.115395,-1
MGYG000000383,Gut,1560,-2.6155572,8.895161,4,9.235961,-4.7297683,6
MGYG000000384,Gut,1093,-1.841152,17.707527,2,2.7801206,-10.961856,-1
MGYG000000385,Gut,1303,-2.033646,10.524599,4,-0.33601347,17.339336,0
MGYG000000386,Gut,1694,-3.329438,8.471411,4,9.715318,-4.7581105,6
MGYG000000387,Gut,1963,-3.6411426,10.07024,4,7.5906167,3.8744068,7
MGYG000000388,Gut,1842,-2.4956133,4.514935,4,9.892047,-3.942241,6
MGYG000000389,Gut,2379,-6.527458,4.725216,4,7.932297,3.5413117,7
MGYG000000390,Gut,1852,-2.6009905,4.461701,4,9.919885,-3.8539472,6
MGYG000000391,Gut,1158,-2.157132,8.196528,4,8.118643,-5.899691,6
MGYG000000392,Gut,1680,-2.9091606,9.164497,4,9.497728,-3.2974372,6
MGYG000000393,Gut,1542,4.24397,8.667081,6,-6.279867,12.418322,3
MGYG000000394,Gut,1410,-1.5288951,7.3845882,4,-2.2083726,0.52101356,4
MGYG000000395,Gut,1779,-3.0643651,9.303238,4,10.454594,-5.9338584,-1
MGYG000000396,Gut,1640,14.559937,10.607557,0,6.856976,17.458471,0
MGYG000000397,Gut,998,15.03541,13.936284,0,7.155713,17.745483,0
MGYG000000398,Gut,2376,-5.8050504,4.7026925,4,7.5489745,3.6291502,7
MGYG000000399,Gut,827,-2.4180589,7.3308797,4,7.9773474,-6.1984797,6
MGYG000000400,Gut,2098,3.5343363,8.405823,6,-8.086523,11.089025,3
MGYG000000401,Gut,494,-1.5574592,10.415858,4,3.1202483,-9.1613245,-1
MGYG000000402,Gut,1261,-3.0039613,9.487281,4,9.494557,-3.2830129,6
MGYG000000403,Gut,1449,-2.9497015,8.55309,4,8.9085455,-4.1262994,6
MGYG000000404,Gut,1993,-6.5525613,4.745373,4,7.6908517,3.6250882,7
MGYG000000405,Gut,1772,-3.6458588,7.8982325,4,9.654698,-4.810176,6
MGYG000000406,Gut,1375,-2.3536508,7.984952,4,8.068534,-6.111955,6
MGYG000000407,Gut,683,-1.6422284,10.539245,4,3.100495,-9.183108,-1
MGYG000000408,Gut,1263,-1.2705733,15.621114,3,-0.34851977,17.352627,0
MGYG000000409,Gut,1951,-2.3160565,6.924164,4,8.023971,-6.1990337,6
MGYG000000410,Gut,1294,-1.8070158,10.637141,4,-0.32357636,17.32655,0
MGYG000000411,Gut,1115,-4.000473,5.128054,4,1.7351675,2.2597284,4
MGYG000000412,Gut,1824,-1.1652198,11.606926,4,-10.595117,0.76856124,1
MGYG000000413,Gut,2441,-3.0338376,5.5581975,4,11.60409,0.5673948,7
MGYG000000414,Gut,2016,3.4018488,8.584247,6,-6.6343336,13.240621,3
MGYG000000415,Gut,2022,1.6914442,7.8203692,6,-8.216056,10.804,3
MGYG000000416,Gut,1447,-2.2109644,5.376917,4,9.585109,-4.871842,6
MGYG000000417,Gut,2431,-5.2568207,4.419443,4,8.21932,3.3542035,7
MGYG000000418,Gut,1638,1.7347467,8.274396,6,-6.7522945,12.930813,3
MGYG000000419,Gut,883,-0.5015154,16.136343,3,9.32961,-13.736717,-1
MGYG000000420,Gut,1884,-3.154451,8.960113,4,11.204663,-0.95313776,6
MGYG000000421,Gut,1261,-1.8362455,17.791622,2,2.561418,-11.200291,-1
MGYG000000422,Gut,1223,-1.7958761,10.569053,4,-0.3625424,17.366049,0
MGYG000000423,Gut,1185,-1.6984305,17.888536,2,2.6183484,-11.132842,-1
MGYG000000424,Gut,2367,-3.386881,9.36278,4,8.687525,-2.8794184,6
MGYG000000425,Gut,1452,-2.6506572,9.170253,4,11.082242,-3.0511024,6
MGYG000000426,Gut,831,-0.40734214,16.013985,3,9.481065,-13.912728,-1
MGYG000000427,Gut,1563,-0.6011915,15.256624,3,-1.6676748,4.5775723,4
MGYG000000428,Gut,1279,-2.1848602,8.025477,4,8.0784,-6.0409536,6
MGYG000000429,Gut,1338,-2.2674634,7.5346217,4,7.984835,-6.1891465,6
MGYG000000430,Gut,883,-0.31191683,16.259363,3,9.273979,-13.6821,-1
MGYG000000431,Gut,1273,-0.9575604,14.99684,3,-1.69285,4.602403,4
MGYG000000432,Gut,1239,-2.1366172,17.567032,2,2.6516523,-11.105029,-1
MGYG000000433,Gut,1439,-0.93638235,14.967329,3,-1.766598,4.67529,4
MGYG000000434,Gut,816,-0.31610915,16.191097,3,9.354394,-13.751148,-1
MGYG000000435,Gut,1369,-1.0488605,14.918558,3,-1.6430393,4.5525618,4
MGYG000000436,Gut,1416,-2.7133126,9.726364,4,-0.31372648,17.318033,0
MGYG000000437,Gut,2364,2.861173,7.0519376,6,-6.570445,13.346401,3
MGYG000000438,Gut,1391,-2.5564585,9.904207,4,-0.31094447,17.313732,0
MGYG000000440,Gut,1797,-2.2853217,5.5699644,4,9.621652,-4.6852345,6
MGYG000000441,Gut,1653,-2.0616934,7.439397,4,-0.6706423,10.396615,3
MGYG000000442,Gut,2372,2.1319425,8.512973,6,-9.697574,8.859286,3
MGYG000000443,Gut,1420,-2.4366965,9.454503,4,10.406236,-5.9603043,-1
MGYG000000444,Gut,1868,-2.243659,6.8356714,4,8.087135,-6.215022,6
MGYG000000445,Gut,1015,-1.6688071,7.7778997,4,-2.127724,0.41355813,4
MGYG000000446,Gut,1115,-0.43163484,15.878988,3,9.626863,-14.08611,-1
MGYG000000447,Gut,1346,-2.463875,9.945356,4,-0.3111431,17.31496,0
MGYG000000448,Gut,1707,3.335746,8.459128,6,-8.001058,11.068044,3
MGYG000000449,Gut,1197,-2.0363874,17.69087,2,2.670881,-11.081387,-1
MGYG000000450,Gut,2239,-3.181839,2.924329,4,10.057452,-3.9586816,6
MGYG000000451,Gut,1499,2.7481399,7.1880536,6,-6.7166214,12.944176,3
MGYG000000452,Gut,1991,3.3483367,8.268232,6,-8.170758,10.822378,3
MGYG000000453,Gut,1447,-2.7505188,8.866441,4,10.419438,-5.9686627,-1
MGYG000000454,Gut,783,-3.5697682,7.9068837,4,9.47388,-4.9888086,6
MGYG000000455,Gut,1496,-2.5172195,6.4584255,4,9.706123,-4.4789605,6
MGYG000000456,Gut,1566,-2.6108637,4.9450755,4,9.441442,-4.601167,6
MGYG000000457,Gut,1681,-2.6146474,8.151029,4,9.379483,-4.593251,6
MGYG000000458,Gut,1130,-2.474172,7.62283,4,8.155394,-5.5780454,6
MGYG000000459,Gut,722,-1.5155469,10.34626,4,3.1000466,-9.174214,-1
MGYG000000460,Gut,1049,-1.4636177,8.652973,4,8.165014,-5.5330386,6
MGYG000000461,Gut,569,-1.5460294,10.314488,4,3.111694,-9.173367,-1
MGYG000000462,Gut,1460,3.2078145,8.439953,6,-6.609467,13.036108,3
MGYG000000463,Gut,1408,-3.0352523,8.097207,4,9.671358,-4.9467034,6
MGYG000000464,Gut,1141,-1.8223405,10.750598,4,-0.39767942,17.39952,0
MGYG000000465,Gut,751,-0.46099132,15.942711,3,9.195708,-13.616965,-1
MGYG000000466,Gut,1475,-2.971567,7.717632,4,11.030152,-3.1630747,6
MGYG000000467,Gut,1656,-1.5108188,7.361874,4,-0.5312806,10.531109,3
MGYG000000468,Gut,2152,-2.3212554,5.5368795,4,9.811559,-4.445191,6
MGYG000000469,Gut,974,-0.91898155,15.776526,3,9.42066,-13.816982,-1
MGYG000000470,Gut,2016,-1.5278697,17.11986,2,5.256798,2.8948333,-1
MGYG000000471,Gut,1058,3.8878157,8.960199,6,-1.5544697,4.465739,4
MGYG000000472,Gut,716,-1.5077332,10.371175,4,3.0776606,-9.192442,-1
MGYG000000473,Gut,1329,-2.0726106,8.201982,4,8.000023,-6.15508,6
MGYG000000474,Gut,1675,-2.8272576,3.2044034,4,11.740386,-2.0937989,6
MGYG000000475,Gut,1352,2.6946213,5.8090982,5,-9.890072,0.49064928,1
MGYG000000476,Gut,2000,-2.0742784,7.1880856,4,9.346868,-4.2994747,6
MGYG000000477,Gut,1300,-2.1143408,16.86432,2,2.6842296,-11.071102,-1
MGYG000000478,Gut,1174,-2.8041613,14.618329,-1,-1.5660985,4.476743,4
MGYG000000479,Gut,1926,-2.3904266,9.870951,4,5.250435,2.915554,-1
MGYG000000480,Gut,1397,-2.024232,7.3992567,4,-0.660544,10.406634,3
MGYG000000481,Gut,1798,-2.9726825,8.297557,4,9.257949,-4.358447,6
MGYG000000482,Gut,902,-1.6980536,17.846912,2,2.9249928,-10.719656,-1
MGYG000000483,Gut,1317,-2.1062584,8.216668,4,8.013603,-6.1477175,6
MGYG000000484,Gut,2116,-3.7173967,9.737739,4,7.5951934,3.758554,7
MGYG000000485,Gut,1328,-1.8751514,10.481755,4,-0.36396042,17.373943,0
MGYG000000486,Gut,1986,-2.9803293,6.9317307,4,2.412336,2.5058904,4
MGYG000000487,Gut,2267,-3.7998412,7.585631,4,8.609762,-2.8148198,6
MGYG000000488,Gut,1459,-0.90473306,15.660279,3,-1.7550129,4.663719,4
MGYG000000489,Gut,2384,-3.826621,9.839337,4,7.828263,3.5587947,7
MGYG000000490,Gut,1656,-2.320026,5.396528,4,9.623188,-4.795208,6
MGYG000000491,Gut,1356,-1.8003203,10.658464,4,-0.2906794,17.293623,0
MGYG000000492,Gut,1007,-1.6393284,7.741116,4,-2.149576,0.4305482,4
MGYG000000493,Gut,1169,-1.8095976,10.996679,4,-0.36921853,17.372452,0
MGYG000000494,Gut,1170,-2.075431,17.532907,2,2.6144042,-11.138435,-1
MGYG000000495,Gut,1848,-3.0997977,8.140476,4,9.062354,-4.217052,6
MGYG000000496,Gut,964,-0.29373723,16.2926,3,9.302488,-13.71079,-1
MGYG000000497,Gut,768,-2.0438828,7.439445,4,-0.6625008,10.405412,3
MGYG000000498,Gut,1023,-0.504131,15.927997,3,9.635519,-14.08942,-1
MGYG000000499,Gut,1766,-2.1598554,8.225041,4,7.9785824,-6.220686,6
MGYG000000500,Gut,2014,-3.0626361,3.106034,4,12.239247,-3.174525,6
MGYG000000501,Gut,2267,-6.247012,5.050359,4,7.430955,3.7120101,7
MGYG000000502,Gut,1949,-2.500527,8.565925,4,5.2683806,2.8782156,-1
MGYG000000503,Gut,1264,-1.8137817,11.013484,4,-0.37223962,17.37623,0
MGYG000000504,Gut,1719,-2.0626993,7.435438,4,-0.6928848,10.374721,3
MGYG000000505,Gut,807,-1.6906464,11.399549,4,3.1515968,-9.63345,-1
MGYG000000506,Gut,1031,-1.6692182,7.6494427,4,-2.138728,0.43272692,4
MGYG000000507,Gut,1503,-1.6816852,7.109887,4,-2.3679762,0.6988587,4
MGYG000000508,Gut,1574,-3.3327856,8.140542,4,9.635865,-4.9586535,6
MGYG000000509,Gut,1011,-2.5188577,6.611993,4,-0.17556225,17.123585,0
MGYG000000510,Gut,1964,-3.3401022,8.407609,4,8.652457,-2.8448575,6
MGYG000000511,Gut,1286,-1.9039112,10.510496,4,-0.34399536,17.34741,0
MGYG000000512,Gut,1294,-1.8840773,3.1630347,4,12.476491,-4.4493823,6
MGYG000000513,Gut,1632,-0.17165509,11.603775,4,-6.008578,-0.34266615,1
MGYG000000514,Gut,2591,-6.2332582,4.9665713,4,7.411494,3.6891577,7
MGYG000000515,Gut,2389,-5.9850836,4.761786,4,7.9262834,3.5763528,7
MGYG000000516,Gut,1374,-1.7225163,5.559665,4,9.584519,-4.9091105,6
MGYG000000517,Gut,2142,-3.4379067,8.506527,4,8.683629,-2.8775954,6
MGYG000000518,Gut,1414,-2.728314,8.317485,4,9.2248745,-4.755604,6
MGYG000000519,Gut,1112,-2.4418135,7.1663294,4,-0.17904253,17.126759,0
MGYG000000520,Gut,1372,-2.3227243,5.3677773,4,9.460617,-5.0277023,6
MGYG000000521,Gut,1065,-1.9202231,17.537172,2,2.845809,-10.849121,-1
MGYG000000522,Gut,1536,-1.8841728,11.126129,4,-2.495578,-6.0449986,2
MGYG000000523,Gut,1328,-1.9645091,10.442142,4,-0.34973732,17.353382,0
MGYG000000524,Gut,1326,-2.2000916,8.138811,4,8.021552,-6.128964,6
MGYG000000525,Gut,1575,4.10698,6.2370996,5,-9.752635,0.33479044,1
MGYG000000526,Gut,2624,3.2014234,9.387275,6,-8.581797,7.836225,3
MGYG000000527,Gut,682,-1.5225132,10.360062,4,3.1095026,-9.186923,-1
MGYG000000528,Gut,1023,-1.9349977,7.8932543,4,-2.1516044,0.4487144,4
MGYG000000529,Gut,1287,-1.8850391,10.826756,4,-0.34445736,17.348269,0
MGYG000000530,Gut,1455,-3.099486,6.6801004,4,11.216671,-3.1876295,6
MGYG000000531,Gut,1718,14.633222,10.581913,0,7.377769,16.593634,0
MGYG000000532,Gut,2386,-5.165118,4.396117,4,8.106184,3.4404945,7
MGYG000000533,Gut,1870,-2.9969351,6.8975935,4,2.3895543,2.4965465,4
MGYG000000534,Gut,2157,3.1763592,9.512385,6,-8.283656,7.9196277,3
MGYG000000535,Gut,1875,5.53815,6.6898837,5,10.800931,15.567114,0
MGYG000000536,Gut,2054,-1.0567708,18.081795,2,13.725965,10.567256,5
MGYG000000537,Gut,2018,-3.055763,4.130635,4,10.061261,-3.9048634,6
MGYG000000538,Gut,2426,-0.78748876,5.857545,4,-0.35055736,10.706738,3
MGYG000000539,Gut,1824,-4.674437,5.797886,4,10.128933,2.1527941,7
MGYG000000540,Gut,1003,-0.9442659,15.536596,3,9.367664,-13.787168,-1
MGYG000000541,Gut,1418,-0.83776474,8.099792,4,-0.39254862,17.391544,0
MGYG000000542,Gut,1232,-1.8046129,11.051245,4,-0.39419314,17.396383,0
MGYG000000543,Gut,2624,-6.493405,4.8686,4,7.796696,3.5762348,7
MGYG000000544,Gut,1268,-1.8488638,10.48757,4,-0.3760973,17.379477,0
MGYG000000545,Gut,1655,-6.6756587,4.7140837,4,8.046525,1.756075,7
MGYG000000546,Gut,2545,-6.563948,4.7013044,4,7.9358764,3.484604,7
MGYG000000547,Gut,1351,-1.2643951,13.927677,3,15.919885,6.9137864,5
MGYG000000548,Gut,1775,4.78501,6.3842807,5,-9.625759,0.24422479,1
MGYG000000549,Gut,1262,-1.8331044,10.619076,4,-0.32875073,17.330658,0
MGYG000000550,Gut,2316,-3.1772726,2.550839,4,11.473408,-1.6544827,6
MGYG000000551,Gut,1808,-1.0668439,4.227411,4,3.3282633,8.076166,3
MGYG000000552,Gut,1105,2.659783,5.406404,5,-9.895561,0.5701099,1
MGYG000000553,Gut,2199,3.2133687,10.073332,6,-8.499434,7.7660255,3
MGYG000000554,Gut,1532,-0.22610742,11.575796,4,-6.1094484,-0.44601578,1
MGYG000000555,Gut,2194,-1.640611,16.155516,2,9.804736,3.932394,-1
MGYG000000556,Gut,1563,14.856538,12.699201,0,7.5379004,17.48506,0
MGYG000000557,Gut,1783,3.328901,4.967091,5,-9.654284,0.26011348,1
MGYG000000558,Gut,2067,0.09699833,7.2229033,4,2.2265577,1.728866,4
MGYG000000559,Gut,2484,0.96544725,8.681806,6,-9.167409,8.569053,3
MGYG000000560,Gut,1665,3.0308647,5.18272,5,-9.657599,0.26811445,1
MGYG000000561,Gut,2196,-3.8225946,7.4942513,4,8.654954,-2.8567479,6
MGYG000000562,Gut,2624,-6.2040687,4.8413086,4,7.7475905,3.92586,7
MGYG000000563,Gut,1631,14.674942,11.392395,0,7.2854013,17.395988,0
MGYG000000564,Gut,1617,3.064038,5.8975234,5,-9.705948,0.30036247,1
MGYG000000565,Gut,1758,14.615577,11.603599,0,7.990249,16.566574,0
MGYG000000566,Gut,1262,-1.0663415,4.2223845,4,3.3364272,8.068349,3
MGYG000000567,Gut,1626,2.5848098,5.453613,5,-9.875123,0.54384375,1
MGYG000000568,Gut,2172,1.6385463,8.526735,6,-8.117162,10.871059,3
MGYG000000570,Gut,721,15.043872,13.9187,0,7.373462,17.695684,0
MGYG000000571,Gut,1499,7.162736,5.951139,1,-5.5429106,-10.364348,2
MGYG000000572,Gut,1247,-1.860254,10.547537,4,-0.3676523,17.37029,0
MGYG000000573,Gut,1708,-1.8516525,3.4254253,4,12.162272,-4.229663,6
MGYG000000574,Gut,3815,-4.4428363,4.7819157,4,8.696195,1.7337668,7
MGYG000000575,Gut,3334,-0.8985661,5.934838,4,-0.3090579,10.746693,3
MGYG000000576,Gut,1765,-3.8013744,13.461754,3,13.443966,8.150525,5
MGYG000000577,Gut,1108,4.81409,5.770073,5,15.090545,14.365038,0
MGYG000000578,Gut,922,-3.6979666,9.409642,4,10.566639,1.954257,7
MGYG000000579,Gut,1789,14.558691,9.632428,0,7.654867,16.456022,0
MGYG000000580,Gut,1734,-3.810757,13.448942,3,13.453304,8.149815,5
MGYG000000581,Gut,1073,-1.525751,7.6738834,4,-2.173924,0.4697386,4
MGYG000000582,Gut,1868,-3.5733376,13.591133,3,13.297146,8.247299,5
MGYG000000583,Gut,2443,-5.600821,4.558952,4,8.224209,3.3674283,7
MGYG000000584,Gut,2108,4.1486855,8.549307,6,-6.310619,12.435271,3
MGYG000000585,Gut,2457,5.347824,6.596443,5,15.440315,14.6692095,0
MGYG000000586,Gut,1599,-5.7346344,4.6534033,4,7.363729,3.5161133,7
MGYG000000587,Gut,1365,-3.0701232,6.286881,4,8.92102,-4.123298,6
MGYG000000588,Gut,1239,-1.0366508,14.978079,3,-1.8021747,4.711102,4
MGYG000000589,Gut,1827,-1.9327996,3.1960409,4,12.48109,-4.447836,6
MGYG000000590,Gut,586,-1.2873117,9.051938,4,-2.0260928,0.23065113,4
MGYG000000591,Gut,2073,-2.9539762,6.8841543,4,2.3780396,2.4926453,4
MGYG000000592,Gut,2033,4.0902457,8.512026,6,-6.3102407,12.432713,3
MGYG000000593,Gut,1536,14.968755,13.42056,0,7.1440983,17.601463,0
MGYG000000594,Gut,1710,14.502105,10.897889,0,7.355283,16.533134,0
MGYG000000595,Gut,1731,5.009483,6.2062287,5,15.286824,14.489024,0
MGYG000000596,Gut,1500,4.0927925,8.144195,6,-0.5218472,10.54182,3
MGYG000000597,Gut,1708,4.960201,5.804077,5,15.317278,14.537036,0
MGYG000000598,Gut,1710,14.311784,9.976029,0,7.2732058,16.669868,0
MGYG000000599,Gut,1631,14.823389,12.48178,0,7.1127214,16.81841,0
MGYG000000600,Gut,2149,-4.796722,5.558267,4,8.288816,3.1022797,7
MGYG000000601,Gut,1167,4.29781,8.678084,6,11.371712,1.1785051,7
MGYG000000602,Gut,1558,4.4257374,5.456185,5,15.134601,14.3043585,0
MGYG000000603,Gut,1426,4.757005,5.694327,5,15.111912,14.34801,0
MGYG000000604,Gut,2554,-0.79396665,5.8650603,4,-0.37003556,10.687144,3
MGYG000000605,Gut,1787,-5.549583,5.148033,4,8.878332,-3.018134,6
MGYG000000606,Gut,2331,4.1163297,8.516149,6,-6.298117,12.433783,3
MGYG000000607,Gut,809,-1.9893057,10.443466,4,3.1498024,-9.638865,-1
MGYG000000608,Gut,1752,-0.98088235,6.731061,4,-0.47322115,10.58725,3
MGYG000000609,Gut,1171,-2.1286638,16.821276,2,2.778039,-10.941665,-1
MGYG000000610,Gut,1035,-2.0196478,7.9144087,4,-2.1485255,0.44510442,4
MGYG000000611,Gut,1770,4.9343934,5.810097,5,15.326319,14.548219,0
MGYG000000612,Gut,1672,0.11782969,7.216681,4,2.2019994,1.6904427,4
MGYG000000613,Gut,2384,5.3436875,6.621176,5,15.457031,14.690002,0
MGYG000000614,Gut,1492,5.4808526,6.7031913,5,10.805711,15.577999,0
MGYG000000615,Gut,1385,-3.0331922,7.70648,4,9.576258,-4.9729533,6
MGYG000000616,Gut,1435,4.313548,5.340772,5,15.12836,14.309744,0
MGYG000000617,Gut,1003,-1.7109627,7.6030507,4,-2.1460235,0.44092408,4
MGYG000000618,Gut,1169,-1.8383163,10.534128,4,-0.37739637,17.381344,0
MGYG000000619,Gut,1728,3.1521614,8.612081,6,-7.7583213,11.063443,3
MGYG000000620,Gut,1784,5.5196066,6.700069,5,10.733967,15.624312,0
MGYG000000621,Gut,2506,-5.6371236,4.62023,4,8.193397,3.4008844,7
MGYG000000622,Gut,1587,-1.1022615,15.33191,3,15.626299,7.059098,5
MGYG000000623,Gut,2532,-5.698736,4.3269243,4,8.309692,2.197733,7
MGYG000000624,Gut,1895,2.669796,5.5324907,5,-9.656751,0.23698075,1
MGYG000000625,Gut,1876,-6.2436376,5.0663714,4,7.3281775,3.697732,7
MGYG000000626,Gut,2086,-5.831849,5.0743566,4,7.7418985,3.6217382,7
MGYG000000627,Gut,1895,-5.750403,4.6975617,4,7.414052,3.7239993,7
MGYG000000628,Gut,1110,-1.4462643,8.682922,4,8.210186,-5.521117,6
MGYG000000630,Gut,1649,-3.9525552,4.082658,4,1.744891,2.338329,4
MGYG000000631,Gut,2000,3.1468384,9.6042,6,-8.158521,7.927503,3
MGYG000000632,Gut,1818,4.2971745,6.346727,5,-9.5678005,0.19403398,1
MGYG000000633,Gut,2070,-0.7161539,5.867412,4,-0.36501777,10.692023,3
MGYG000000634,Gut,1572,-1.5908608,10.153658,4,-6.010483,-0.3252703,1
MGYG000000635,Gut,1580,4.84181,6.1361413,5,15.2229185,14.451895,0
MGYG000000636,Gut,2049,-1.8485712,3.307184,4,12.155969,-4.2142587,6
MGYG000000637,Gut,931,-1.5084171,7.5689034,4,-2.151812,0.45123535,4
MGYG000000638,Gut,2051,-3.9356542,10.053436,4,7.6890936,3.8873239,7
MGYG000000639,Gut,1763,-2.3416352,9.864165,4,5.2669153,2.9002135,-1
MGYG000000640,Gut,1417,-2.1588464,8.06761,4,8.058447,-6.1208496,6
MGYG000000641,Gut,1725,14.659178,10.3836,0,7.3055286,16.506311,0
MGYG000000642,Gut,1235,3.8009684,4.6806545,5,-5.504172,-10.469905,2
MGYG000000643,Gut,1674,4.949889,5.8234353,5,15.276181,14.499633,0
MGYG000000644,Gut,2541,3.2457926,10.118328,6,-8.5772295,7.7241,3
MGYG000000645,Gut,1645,14.602276,11.325098,0,7.105742,17.263685,0
MGYG000000646,Gut,1715,-2.7007878,9.233318,4,10.421803,-5.9938726,-1
MGYG000000647,Gut,1751,-3.6325307,7.869846,4,9.663951,-4.7967143,6
MGYG000000648,Gut,1627,14.555001,9.816039,0,6.9121885,17.539015,0
MGYG000000649,Gut,1730,14.354414,9.865811,0,7.241988,16.465221,0
MGYG000000650,Gut,2510,-4.519721,4.206899,4,9.600781,2.1974096,7
MGYG000000651,Gut,1914,-1.5567064,5.3113995,4,12.064918,-2.897329,6
MGYG000000652,Gut,2613,1.8872355,8.528677,6,-9.755178,8.941733,3
MGYG000000653,Gut,2019,1.6222346,7.828902,6,-8.205096,10.7922325,3
MGYG000000654,Gut,1268,4.79895,8.02181,-1,-2.55771,-5.994815,2
MGYG000000655,Gut,2127,-1.5827894,13.971917,3,15.728513,7.0386977,5
MGYG000000656,Gut,1220,-2.0306177,17.550003,2,2.6092017,-11.15124,-1
MGYG000000657,Gut,3892,7.0739527,5.457702,1,-11.545974,-1.3026254,1
MGYG000000658,Gut,1303,2.9556413,8.109898,6,-7.9315777,8.59765,3
MGYG000000659,Gut,1371,-2.1426115,8.190225,4,7.9930005,-6.1901865,6
MGYG000000660,Gut,1577,14.77233,12.213818,0,7.131598,17.412165,0
MGYG000000661,Gut,998,-1.1018097,15.170893,3,9.522765,-13.920658,-1
MGYG000000662,Gut,1249,-1.3359,14.313195,3,15.625958,7.0551634,5
MGYG000000663,Gut,1531,-2.680375,7.9604974,4,11.0056715,-3.1792235,6
MGYG000000664,Gut,1256,-2.7657633,15.171603,2,-1.585097,4.495655,4
MGYG000000665,Gut,780,-1.9575084,17.55081,2,2.862485,-10.813525,-1
MGYG000000666,Gut,2959,-0.7876415,5.8466396,4,-0.32275224,10.733422,3
MGYG000000667,Gut,1896,3.612175,8.230004,6,-8.037296,11.078352,3
MGYG000000668,Gut,2158,-2.2051034,5.795749,4,11.168906,0.8073636,7
MGYG000000669,Gut,1793,-3.259514,8.496134,4,10.524359,-5.78666,-1
MGYG000000670,Gut,2631,-1.0930439,14.629388,3,15.966861,6.8255887,5
MGYG000000671,Gut,1850,-3.9311655,4.076299,4,1.7687142,2.371352,4
MGYG000000672,Gut,2005,4.1751113,8.490505,6,-6.3167453,12.439116,3
MGYG000000673,Gut,1631,3.5015287,8.392091,6,-7.783436,11.098434,3
MGYG000000674,Gut,1962,-2.8860219,8.684952,4,8.914265,-4.1601214,6
MGYG000000675,Gut,4133,1.227937,8.483319,6,-10.109276,9.656158,3
MGYG000000676,Gut,1559,-2.2399693,6.698225,4,8.092205,-6.1678305,6
MGYG000000677,Gut,1705,2.824744,10.172109,6,11.318974,-3.5289745,6
MGYG000000678,Gut,1848,3.6012824,8.307498,6,-7.727668,11.172988,3
MGYG000000679,Gut,715,-1.4859468,10.346428,4,3.079025,-9.205677,-1
MGYG000000680,Gut,1852,-5.224776,4.5744686,4,9.580611,2.2492669,7
MGYG000000681,Gut,1327,-3.5525966,13.356308,3,13.544949,8.256599,5
MGYG000000682,Gut,1740,3.1308675,9.834887,6,-8.1451845,8.419506,3
MGYG000000683,Gut,1660,-1.6134268,7.205612,4,-2.364967,0.69650084,4
MGYG000000684,Gut,1750,14.555417,11.031447,0,7.3520055,16.382103,0
MGYG000000685,Gut,2354,-6.2575808,4.992573,4,7.4396515,3.666462,7
MGYG000000686,Gut,1254,-0.44941115,7.1601267,4,-1.6026855,4.5130057,4
MGYG000000687,Gut,2026,-6.664831,4.970719,4,7.745448,2.1016457,7
MGYG000000688,Gut,1076,15.035137,13.948761,0,7.0831637,17.438126,0
MGYG000000689,Gut,1587,-2.5159106,3.3402464,4,11.750142,-2.5646238,6
MGYG000000690,Gut,2341,-6.3080196,5.0026226,4,7.423285,3.7066033,7
MGYG000000691,Gut,1593,-1.6783913,5.350218,4,12.045545,-2.9449441,6
MGYG000000692,Gut,1919,2.036957,9.788911,6,-7.98657,8.591543,3
MGYG000000693,Gut,1643,14.595398,10.522673,0,6.930397,17.458637,0
MGYG000000694,Gut,1633,14.562325,11.089963,0,7.1414256,17.387022,0
MGYG000000695,Gut,2533,3.2071126,10.080446,6,-8.545304,7.7362943,3
MGYG000000696,Gut,2436,1.4934294,8.976666,6,-9.960206,8.925945,3
MGYG000000698,Gut,1138,-2.1459107,8.190632,4,8.244481,-5.536957,6
MGYG000000699,Gut,1412,-6.077533,4.362675,4,15.661625,7.0422144,5
MGYG000000700,Gut,1777,3.1804976,9.873138,6,-8.072346,8.457614,3
MGYG000000701,Gut,2150,2.6357064,9.58229,6,-8.231688,7.887458,3
MGYG000000702,Gut,1584,14.836718,13.157845,0,6.8473845,17.652102,0
MGYG000000703,Gut,2194,-2.407132,3.5851283,4,12.027137,-2.4087718,6
MGYG000000704,Gut,1538,-2.4624357,7.48346,4,9.293682,-4.5868616,6
MGYG000000705,Gut,1142,-1.4637349,8.674302,4,8.201752,-5.5444336,6
MGYG000000706,Gut,1985,-3.1439188,8.693471,4,8.947696,-4.0996866,6
MGYG000000707,Gut,2258,3.1099322,9.403199,6,-8.344356,7.8186426,3
MGYG000000708,Gut,1197,2.337086,5.956429,5,-10.589953,0.7458042,1
MGYG000000709,Gut,1172,-1.6185802,5.5080557,4,12.563936,-2.0876334,6
MGYG000000710,Gut,1784,-1.7184886,5.4589324,4,12.053701,-2.9887826,6
MGYG000000711,Gut,1561,-3.1669796,6.5008855,4,11.179461,0.8037991,7
MGYG000000712,Gut,1858,-2.4647856,16.637106,2,13.708029,10.549836,5
MGYG000000713,Gut,1563,-2.4363,3.4986658,4,11.948367,-2.3821354,6
MGYG000000714,Gut,1039,-0.8545767,15.759261,3,9.675152,-14.141468,-1
MGYG000000715,Gut,1863,-1.7368371,5.201077,4,12.101823,-2.9638965,6
MGYG000000716,Gut,1609,14.703632,10.666558,0,7.044301,17.571714,0
MGYG000000717,Gut,1600,4.047505,6.231523,5,-9.698406,0.28253517,1
MGYG000000718,Gut,1718,-3.6091583,7.8726244,4,11.265769,-3.1316397,6
MGYG000000719,Gut,1421,-3.417924,8.008351,4,9.552166,-5.001255,6
MGYG000000720,Gut,2614,-0.7175038,5.8704762,4,-0.312489,10.744152,3
MGYG000000721,Gut,2048,-6.4736958,4.743907,4,7.388003,3.7486575,7
MGYG000000722,Gut,1989,4.097355,8.575804,6,-6.267726,12.405973,3
MGYG000000723,Gut,1889,-3.6851163,7.920467,4,10.515245,-5.746649,-1
MGYG000000724,Gut,1589,-1.8446419,4.4258327,4,12.205913,-4.268077,6
MGYG000000725,Gut,1610,4.051584,8.502184,6,1.7759559,2.3013334,4
MGYG000000726,Gut,1555,-2.910858,8.76834,4,10.422888,-5.8099084,-1
MGYG000000727,Gut,2054,-1.67443,5.2184844,4,10.87565,-3.936156,6
MGYG000000728,Gut,1684,-4.4863925,4.227987,4,9.675537,-4.446883,6
MGYG000000729,Gut,1611,-3.8303509,7.8586774,4,12.625539,-1.988983,6
MGYG000000730,Gut,1772,-3.0329244,7.372354,4,11.30016,-3.0900834,6
MGYG000000731,Gut,1456,14.967447,13.447239,0,6.939443,17.760536,0
MGYG000000732,Gut,1308,-2.1439018,17.010372,2,2.6256208,-11.117897,-1
MGYG000000733,Gut,1329,-2.3368611,6.747572,4,8.102965,-6.153795,6
MGYG000000734,Gut,1425,-2.194867,8.089158,4,7.993517,-6.2030287,6
MGYG000000735,Gut,1963,-1.6482817,5.5198555,4,12.561627,-2.0782862,6
MGYG000000736,Gut,1544,-1.719824,5.396392,4,12.044879,-2.9457655,6
MGYG000000737,Gut,1347,14.960344,13.820705,0,6.9427595,17.74031,0
MGYG000000738,Gut,676,-2.1503077,17.269983,2,2.8261151,-10.824345,-1
MGYG000000739,Gut,1778,5.610678,6.5033975,5,11.718702,-1.8692857,6
MGYG000000740,Gut,1636,-2.0503337,7.1584525,4,-0.6776497,10.389628,3
MGYG000000741,Gut,2044,-1.6485678,5.4365,4,12.112452,-2.9152186,6
MGYG000000742,Gut,1755,-3.8937097,4.0285425,4,1.7598416,2.2916596,4
MGYG000000743,Gut,2185,-2.5720534,3.6997569,4,12.200321,-3.1139128,6
MGYG000000744,Gut,1537,14.749305,12.070906,0,7.024436,17.626535,0
MGYG000000745,Gut,2059,-1.7052171,5.1085625,4,10.937235,-3.9254756,6
MGYG000000746,Gut,1812,-4.023187,7.718687,4,12.6781225,-1.8959918,6
MGYG000000747,Gut,1891,-2.2684195,3.8350925,4,10.88294,-3.968676,6
MGYG000000748,Gut,1361,-2.2080188,8.066311,4,8.067099,-6.1051536,6
MGYG000000749,Gut,867,-2.3083916,8.276702,4,8.261505,-5.4668517,6
MGYG000000750,Gut,1410,-3.3238494,8.082573,4,9.651616,-4.9355664,6
MGYG000000751,Gut,713,-1.6102644,10.803575,4,3.117307,-9.175369,-1
MGYG000000752,Gut,2148,-2.6466296,8.182126,4,9.472222,-4.3618145,6
MGYG000000753,Gut,1642,-1.7571167,5.3038015,4,11.800381,-2.2436905,6
MGYG000000754,Gut,1345,-4.171832,14.009617,3,13.823845,8.473675,5
MGYG000000755,Gut,1562,-0.21034682,11.586786,4,-6.064829,-0.39953807,1
MGYG000000756,Gut,1530,6.0997205,5.3129354,1,-2.0938582,-15.207822,2
MGYG000000757,Gut,870,-1.6929404,6.9396653,4,1.680511,2.1560915,4
MGYG000000758,Gut,1064,-3.3609517,16.222828,2,12.205312,1.8049258,7
MGYG000000759,Gut,1690,7.8486915,5.7053466,1,-6.941848,-10.126851,2
MGYG000000760,Gut,2104,2.176212,9.553761,6,-7.760682,7.869203,3
MGYG000000761.1,Gut,1338,-2.9736187,15.606529,2,12.934486,2.9321017,7
MGYG000000762,Gut,1243,7.2936788,6.0764985,1,-6.9535947,-10.081224,2
MGYG000000763,Gut,992,2.9266746,3.371923,-1,-6.3330398,10.793417,3
MGYG000000764,Gut,1438,3.0819883,3.123986,-1,-6.2480497,11.031061,3
MGYG000000765,Gut,1457,3.094975,3.106109,-1,-6.217424,11.065467,3
MGYG000000766,Gut,1381,-0.9347913,11.092626,4,12.412915,2.2362332,7
MGYG000000767,Gut,1873,4.893848,5.8968077,5,15.436807,14.676154,0
MGYG000000768,Gut,1783,13.992222,9.32153,0,7.5341215,16.146927,0
MGYG000000769,Gut,1710,14.539709,9.995838,0,7.373018,16.554329,0
MGYG000000770,Gut,1807,13.911908,9.369179,0,8.147875,16.326227,0
MGYG000000771,Gut,1704,-3.4596193,13.437216,3,13.359401,8.175287,5
MGYG000000772,Gut,1662,14.234741,10.141381,0,7.2345824,17.152157,0
MGYG000000773,Gut,1821,-1.5492569,13.802688,3,15.67603,7.027516,5
MGYG000000774,Gut,2834,-5.2334943,4.2225604,4,9.61373,2.165473,7
MGYG000000775,Gut,1425,6.0700774,5.34468,1,-2.1317112,-15.17414,2
MGYG000000776,Gut,1406,-4.169487,4.929595,4,1.7690195,2.2761996,4
MGYG000000777,Gut,1752,14.374794,9.598521,0,7.388602,16.296589,0
MGYG000000778,Gut,1699,14.540731,9.698723,0,7.8132987,16.951857,0
MGYG000000779,Gut,1894,3.272276,9.674413,6,-8.110902,7.996494,3
MGYG000000780,Gut,1721,14.332132,10.324924,0,7.328859,16.609604,0
MGYG000000781,Gut,2457,0.87831575,8.594771,6,-9.688071,8.847905,3
MGYG000000782,Gut,1681,-2.9903834,6.927515,4,2.3469226,2.480422,4
MGYG000000783,Gut,1715,1.7250347,14.1741905,-1,1.5952636,1.1842703,4
MGYG000000784,Gut,990,-0.9776343,15.448715,3,9.620773,-14.070799,-1
MGYG000000785,Gut,946,3.647473,4.782146,5,11.309207,15.403097,0
MGYG000000786,Gut,1456,1.6853776,14.14048,-1,1.5360824,1.1334931,4
MGYG000000787,Gut,1692,14.67258,11.699079,0,7.505233,16.806475,0
MGYG000000788,Gut,2184,1.4912555,8.039807,6,-9.715504,8.851744,3
MGYG000000789,Gut,1661,14.634499,10.451227,0,7.427047,17.15114,0
MGYG000000790,Gut,1896,-1.0326707,18.082325,2,13.721787,10.601262,5
MGYG000000791,Gut,1238,-2.0488975,17.666283,2,2.6364024,-11.121891,-1
MGYG000000792,Gut,1221,-3.6275222,9.66799,4,11.414272,1.1874092,7
MGYG000000793,Gut,1500,-1.0640038,11.590776,4,-10.573722,0.72192717,1
MGYG000000794,Gut,2113,-1.731228,7.606888,4,2.2809584,1.5015503,4
MGYG000000795,Gut,1636,14.709217,11.789595,0,7.4671063,17.22903,0
MGYG000000796,Gut,2185,2.5078037,5.9134574,5,-9.501131,0.16794507,1
MGYG000000797,Gut,1682,14.67065,11.550039,0,7.778265,17.029343,0
MGYG000000798,Gut,1774,14.516625,10.677197,0,8.100505,16.513184,0
MGYG000000801,Gut,1742,14.523401,10.149575,0,7.866924,16.717722,0
MGYG000000802,Gut,1782,14.294254,9.655154,0,8.015277,16.502811,0
MGYG000000803,Gut,697,-0.8055265,14.870192,3,-1.3967766,4.2936053,4
MGYG000000805,Gut,1724,14.627197,11.076676,0,7.875001,16.749569,0
MGYG000000806,Gut,2401,-5.9823847,4.5541873,4,8.310786,2.1446135,7
MGYG000000807,Gut,1941,-3.0332553,9.784555,4,11.068351,-0.07192499,6
MGYG000000808,Gut,1738,-3.0753763,2.8770618,4,11.633611,-1.829842,6
MGYG000000809,Gut,1904,-2.242773,4.9140906,4,10.494622,-5.6345606,-1
MGYG000000810,Gut,1847,4.396802,6.323926,5,-9.617111,0.23794927,1
MGYG000000811,Gut,1710,14.171803,9.899424,0,7.9172235,16.849716,0
MGYG000000812,Gut,1543,14.423722,9.52965,0,7.6196523,17.345995,0
MGYG000000813,Gut,1407,-1.8881075,10.861867,4,-0.32281834,17.325554,0
MGYG000000814,Gut,1410,2.6411946,5.432956,5,-9.876755,0.5804677,1
MGYG000000815,Gut,3419,1.4072407,8.290759,6,-9.810654,9.405563,3
MGYG000000817,Gut,1973,-1.2527933,13.892128,3,15.900493,6.888929,5
MGYG000000818,Gut,1046,1.7172998,14.179618,-1,1.5655065,1.1469352,4
MGYG000000820,Gut,2270,-2.4710293,6.8316464,4,9.097879,-3.9936795,6
MGYG000000821,Gut,1687,4.621287,6.329844,5,-9.6337385,0.25633404,1
MGYG000000822,Gut,2175,-3.064367,12.797632,3,11.633388,8.496542,5
MGYG000000823,Gut,1639,2.7325456,7.052653,6,-6.5870647,13.178473,3
MGYG000000824,Gut,1500,3.7913795,8.59979,6,-7.6839232,11.190529,3
MGYG000000825,Gut,2027,3.530237,8.445521,6,-8.179185,11.016694,3
MGYG000000826,Gut,1687,14.607758,10.594787,0,7.8228683,17.07373,0
MGYG000000827,Gut,1815,14.031161,9.731161,0,8.235979,16.300648,0
MGYG000000829,Gut,1989,4.0174985,8.357178,6,10.792197,15.573759,0
MGYG000000830,Gut,1826,14.171482,9.557144,0,8.228047,16.3137,0
MGYG000000832,Gut,1769,14.152561,9.439889,0,8.02549,16.493721,0
MGYG000000833,Gut,1822,14.0271435,9.291727,0,8.26287,16.31237,0
MGYG000000835,Gut,1780,14.477147,10.614697,0,7.99334,16.636307,0
MGYG000000836,Gut,1249,-2.117594,8.195325,4,8.018105,-6.1075325,6
MGYG000000837,Gut,1917,-2.8629026,3.1574743,4,11.716649,-2.014863,6
MGYG000000838,Gut,1570,-1.9241812,5.0592685,4,11.0969925,-1.6126417,6
MGYG000000839,Gut,2455,-0.7336604,17.367989,2,10.135617,4.091602,-1
MGYG000000840,Gut,1984,4.1863327,6.249573,5,-9.563724,0.18827987,1
MGYG000000841,Gut,2005,-2.7154076,3.3080819,4,11.707455,-1.9767071,6
MGYG000000842,Gut,1520,5.1452985,6.404176,5,10.5683975,15.740168,0
MGYG000000843,Gut,2153,2.215607,5.1905184,5,11.684022,8.442144,5
MGYG000000844,Gut,1228,-3.1278358,12.681913,3,11.475952,9.304668,5
MGYG000000845,Gut,1795,14.027593,9.7181015,0,8.128549,16.42863,0
MGYG000000846,Gut,1745,14.426004,9.485145,0,7.958652,16.81285,0
MGYG000000847,Gut,1815,-3.2878678,4.5067997,4,2.3968794,2.1866415,4
MGYG000000850,Gut,1530,2.5911305,5.461206,5,-9.89232,0.5770058,1
MGYG000000851,Gut,1607,3.7009704,8.277372,6,-7.8812118,11.11061,3
MGYG000000852,Gut,2134,3.2059379,9.1215925,6,-8.345298,7.9606,3
MGYG000000853,Gut,2287,3.2837327,9.068147,6,-8.4272175,7.9897738,3
MGYG000000854,Gut,1990,1.7295891,8.581417,6,-8.625229,8.339931,3
MGYG000000855,Gut,1839,13.998689,9.299734,0,8.248728,16.254297,0
MGYG000000856,Gut,1671,14.565804,10.350831,0,7.7976036,17.07075,0
MGYG000000857,Gut,1343,-2.0687687,17.631048,2,2.5514166,-11.216602,-1
MGYG000000858,Gut,1749,14.0114,9.778182,0,7.8643336,16.580788,0
MGYG000000859,Gut,2609,-6.5849724,4.8395367,4,8.082247,1.7919626,7
MGYG000000860,Gut,1685,3.779319,-1.1033788,-1,-10.995766,0.51318467,1
MGYG000000861,Gut,1760,5.526442,6.7111607,5,10.796911,15.568299,0
MGYG000000862,Gut,1855,14.105461,9.371279,0,8.298056,16.254187,0
MGYG000000863,Gut,1470,-2.0919974,7.476598,4,-0.6673737,10.399843,3
MGYG000000864,Gut,2113,-5.8512344,4.782593,4,7.4173093,3.7121167,7
MGYG000000865,Gut,1313,14.954509,13.359964,0,7.0446477,17.64518,0
MGYG000000866,Gut,1098,3.1713777,8.010647,6,-7.9896903,8.56697,3
MGYG000000867,Gut,1525,-3.4527755,8.274679,4,9.558409,-4.5062103,6
MGYG000000868,Gut,1591,14.769871,12.3022585,0,6.894279,17.474192,0
MGYG000000869,Gut,509,-1.6017392,10.154587,4,3.1117132,-9.164422,-1
MGYG000000870,Gut,2015,-1.3371099,3.8896887,4,-0.7996557,10.273051,3
MGYG000000872,Gut,2046,3.4817293,8.382443,6,-8.181059,11.089401,3
MGYG000000873,Gut,1490,2.9052634,3.3228571,-1,-6.383061,10.834605,3
MGYG000000874,Gut,916,-1.5944722,7.330221,4,-2.1751194,0.47457743,4
MGYG000000875,Gut,1564,-1.6804423,5.5328183,4,11.2730665,-3.1598942,6
MGYG000000876,Gut,1398,-1.9526099,3.2232761,4,12.49963,-4.4610577,6
MGYG000000877,Gut,1815,-2.4094272,3.6319137,4,11.9639,-2.395097,6
MGYG000000878,Gut,1681,14.691407,10.8988495,0,6.929823,17.045717,0
MGYG000000879,Gut,1827,14.448889,10.198831,0,7.600455,16.129349,0
MGYG000000880,Gut,1426,14.933639,13.354122,0,7.0289984,17.785212,0
MGYG000000881,Gut,1737,14.779362,12.231224,0,7.227147,16.816004,0
MGYG000000883,Gut,1465,-1.7706872,5.1699505,4,12.067111,-2.910015,6
MGYG000000884,Gut,1874,-1.4999546,5.397466,4,12.692487,-2.0157464,6
MGYG000000885,Gut,1716,14.350165,10.520748,0,7.2367697,16.72121,0
MGYG000000886,Gut,2638,-3.8905404,5.35834,4,8.011871,3.499857,7
MGYG000000887,Gut,1033,-0.5854893,15.971632,3,9.420627,-13.843044,-1
MGYG000000889,Gut,1653,-1.0882915,8.589107,4,-7.8200526,10.997697,3
MGYG000000892,Gut,2181,-3.3415642,7.8755455,4,8.63352,-2.8319895,6
MGYG000000894,Gut,1116,-3.5528486,8.019242,4,9.4753685,-4.9914002,6
MGYG000000896,Gut,1709,14.477909,9.587538,0,7.2803564,16.484457,0
MGYG000000897,Gut,1515,-4.8193326,4.9502726,4,-2.5431154,-6.0006013,2
MGYG000000898,Gut,1798,-3.0429368,3.1359375,4,11.303224,-3.12304,6
MGYG000000899,Gut,1366,-1.7306943,5.037796,4,11.246342,-3.1862836,6
MGYG000000900,Gut,1719,-2.3288538,6.733079,4,9.577453,-4.6762943,6
MGYG000000901,Gut,1789,-3.0391622,3.2328434,4,2.4071188,2.2191446,4
MGYG000000902,Gut,4090,-1.0644791,17.27564,2,10.052722,4.0559916,-1
MGYG000000903,Gut,1350,-1.646164,17.883066,2,2.646524,-11.114741,-1
MGYG000000904,Gut,1460,14.941253,13.33668,0,7.095847,17.67574,0
MGYG000000905,Gut,691,5.1028004,6.3523297,5,7.9691114,17.949562,0
MGYG000000906,Gut,1821,0.88572425,8.667125,6,-9.621989,8.851264,3
MGYG000000907,Gut,1279,5.131987,6.386764,5,10.619383,15.706478,0
MGYG000000908,Gut,1776,-1.1468756,14.627038,3,15.9507885,6.8353496,5
MGYG000000909,Gut,2693,-4.959977,4.341406,4,9.580508,2.2104676,7
MGYG000000910,Gut,1027,-3.192877,2.651739,4,11.603686,-2.0388083,6
MGYG000000911,Gut,1547,4.7998495,5.9839463,5,15.342707,14.569649,0
MGYG000000913,Gut,1920,-5.7931337,4.3393793,4,8.307426,2.1424448,7
MGYG000000914,Gut,1765,-1.0427148,18.085001,2,13.723924,10.5493555,5
MGYG000000915,Gut,3135,-0.71961373,17.360682,2,10.171178,4.0229373,-1
MGYG000000916,Gut,1404,1.2541821,5.1803412,5,11.441135,9.26361,5
MGYG000000917,Gut,1313,-2.9918766,6.8979206,4,2.344575,2.453952,4
MGYG000000918,Gut,1994,4.4058867,6.320633,5,-9.583748,0.20473827,1
MGYG000000919,Gut,3421,-1.6310031,16.295965,2,9.88633,3.8683736,-1
MGYG000000920,Gut,2049,-1.8228099,3.8884463,4,12.153224,-4.2410016,6
MGYG000000921,Gut,1855,-2.9946094,2.9404724,4,11.640493,-1.8191327,6
MGYG000000922,Gut,2396,-2.6664402,4.0840306,4,10.634641,-3.840189,6
MGYG000000923,Gut,2106,1.3346167,8.847317,6,-9.611027,8.815961,3
MGYG000000924,Gut,1709,-3.177874,9.521521,4,9.546619,-3.263807,6
MGYG000000925,Gut,780,13.994101,9.378632,0,7.9487195,17.940565,0
MGYG000000926,Gut,1411,1.7431291,14.185828,-1,1.5130348,1.0970623,4
MGYG000000927,Gut,1618,-2.9963202,6.9268684,4,2.3577285,2.477758,4
MGYG000000928,Gut,1493,14.824535,12.543723,0,7.7761583,17.227837,0
MGYG000000929,Gut,974,-1.938271,17.725994,2,2.86811,-10.801566,-1
MGYG000000930,Gut,1829,-1.9124151,13.709905,3,15.725013,7.0222716,5
MGYG000000931,Gut,1283,-1.0415789,14.9430275,3,-1.7825704,4.691369,4
MGYG000000932,Gut,1522,-2.3572578,4.702072,4,9.465248,-4.505107,6
MGYG000000933,Gut,1145,-2.43073,7.458389,4,8.144334,-5.6119246,6
MGYG000000934,Gut,1321,14.969757,13.758491,0,6.8902335,17.68741,0
MGYG000000935,Gut,1347,-2.7488961,8.455414,4,9.261356,-4.771289,6
MGYG000000936,Gut,1714,14.704326,12.020394,0,7.077076,16.595425,0
MGYG000000937,Gut,1954,-2.6899855,6.6404147,4,9.625337,-3.388197,6
MGYG000000938,Gut,2393,-4.671988,7.7572327,4,12.4489765,-1.6906716,6
MGYG000000939,Gut,1654,-1.7035799,5.0310335,4,11.220592,-3.2104242,6
MGYG000000940,Gut,1592,14.814468,12.449081,0,6.9272065,17.57219,0
MGYG000000941,Gut,1867,3.3985498,8.445274,6,-7.887182,11.1161175,3
MGYG000000942,Gut,1239,-2.2294536,8.021714,4,8.115456,-5.6364326,6
MGYG000000943,Gut,1066,-2.548206,9.431217,4,10.439755,-6.009536,-1
MGYG000000944,Gut,1480,4.3335896,5.351126,5,15.061236,14.223,0
MGYG000000945,Gut,1103,-2.1417282,17.023575,2,2.7599082,-10.949162,-1
MGYG000000946,Gut,942,14.499389,9.626026,0,7.9323187,17.929499,0
MGYG000000947,Gut,1319,14.845575,12.930697,0,7.724587,17.270737,0
MGYG000000948,Gut,1155,-2.0800138,17.336613,2,2.5868714,-11.169575,-1
MGYG000000949,Gut,1336,14.909478,13.016178,0,7.569186,17.438742,0
MGYG000000950,Gut,1318,-2.1106687,17.444473,2,2.6458378,-11.120581,-1
MGYG000000951,Gut,2701,-0.92605007,17.296173,2,10.281114,3.9679708,-1
MGYG000000952,Gut,960,-0.7589962,15.087762,3,-1.5717652,4.4832067,4
MGYG000000953,Gut,1767,-1.0219613,18.090147,2,13.733883,10.543837,5
MGYG000000955,Gut,1192,14.927114,13.335392,0,6.9758387,17.779816,0
MGYG000000956,Gut,1886,2.688153,9.003172,6,-8.142817,10.831832,3
MGYG000000958,Gut,1022,-0.90444946,15.199737,3,9.495827,-13.944976,-1
MGYG000000959,Gut,1936,-3.3604164,8.54257,4,8.839146,-3.0592093,6
MGYG000000960,Gut,461,-1.4766951,10.878538,4,3.0830567,-9.181522,-1
MGYG000000962,Gut,676,-1.2854693,9.04194,4,-2.0222468,0.22622791,4
MGYG000000963,Gut,1242,2.845849,8.218991,6,-7.905127,8.642982,3
MGYG000000964,Gut,2354,1.5158095,8.615716,6,-9.615719,8.810131,3
MGYG000000965,Gut,1434,-3.4951518,8.490193,4,11.2704735,-3.156914,6
MGYG000000966,Gut,2543,-5.9293327,4.2824163,4,8.308425,2.072617,7
MGYG000000967,Gut,1427,-3.2049766,10.462952,4,11.004896,-0.865022,6
MGYG000000968,Gut,1837,-0.8497004,7.7191267,4,1.6743928,1.2480758,4
MGYG000000969,Gut,2179,-6.627757,4.569578,4,7.9899354,2.064769,7
MGYG000000970,Gut,909,-3.6221488,7.815323,4,8.19512,-5.799917,6
MGYG000000971,Gut,2322,-0.95973116,6.413284,4,-0.32146686,10.734914,3
MGYG000000972,Gut,929,-2.1208823,10.19178,4,3.149594,-9.657121,-1
MGYG000000973,Gut,1465,-2.0210948,7.542261,4,-0.6401669,10.42678,3
MGYG000000974,Gut,1152,-0.92926824,14.965779,3,-1.5892017,4.5000186,4
MGYG000000975,Gut,1088,-0.854567,14.959091,3,-1.5956672,4.506658,4
MGYG000000976,Gut,1618,-1.6976819,17.7906,2,2.5976887,-11.161562,-1
MGYG000000977,Gut,2471,-0.7365351,17.529703,2,10.144876,4.0927486,-1
MGYG000000978,Gut,1128,-4.0644007,13.83887,3,13.837238,8.464038,5
MGYG000000979,Gut,1612,14.653666,11.657963,0,6.8503213,17.363325,0
MGYG000000980,Gut,1560,3.530907,4.8827834,5,15.059796,14.233902,0
MGYG000000981,Gut,1580,14.606812,11.324961,0,7.200282,17.494377,0
MGYG000000982,Gut,1196,-1.7601054,17.619387,2,2.6451163,-11.107373,-1
MGYG000000984,Gut,1535,14.86478,12.837043,0,6.844172,17.579977,0
MGYG000000985,Gut,1582,14.711673,11.607903,0,6.862738,17.642658,0
MGYG000000986,Gut,1711,14.565178,10.980336,0,7.154973,16.64221,0
MGYG000000987,Gut,2527,-5.027053,4.685852,4,7.908123,1.697066,7
MGYG000000988,Gut,3258,-4.9155865,4.470107,4,7.8406696,2.0205626,7
MGYG000000989,Gut,2914,-1.7214521,16.168467,2,9.968162,3.9420235,-1
MGYG000000990,Gut,2322,-5.967577,4.527593,4,8.208969,2.061694,7
MGYG000000991,Gut,2756,-1.5221972,14.052522,3,8.750502,2.460348,7
MGYG000000992,Gut,1401,-2.6232007,8.251148,4,9.22958,-4.7808266,6
MGYG000000993,Gut,1808,3.7880754,-1.1032155,-1,-10.963755,0.4846722,1
MGYG000000994,Gut,1366,-3.9064271,5.338588,4,1.7276957,2.2158813,4
MGYG000000995,Gut,1662,14.421775,9.7311945,0,6.9146256,17.081627,0
MGYG000000996,Gut,1600,14.743634,11.471192,0,6.749692,17.385433,0
MGYG000000997,Gut,2059,-4.596905,5.3932476,4,7.8994884,3.5203972,7
MGYG000000998,Gut,489,-0.6408729,8.159263,4,-1.7968992,-1.1334964,4
MGYG000001000,Gut,1463,-3.298432,9.351166,4,8.951202,-3.945395,6
MGYG000001001,Gut,2311,3.2281055,9.650028,6,-8.386052,7.747998,3
MGYG000001002,Gut,1723,14.471113,9.885744,0,7.2061925,16.557146,0
MGYG000001003,Gut,1626,14.632313,10.888149,0,6.948091,17.542374,0
MGYG000001004,Gut,2333,-5.7352505,4.533373,4,8.000392,2.3167489,7
MGYG000001005,Gut,2148,-6.56198,4.9773855,4,7.8837,1.7752931,7
MGYG000001006,Gut,1351,6.326909,6.5422144,1,-5.6574736,-10.190113,2
MGYG000001007,Gut,2585,-1.582029,17.323433,2,10.313808,3.9430525,-1
MGYG000001008,Gut,2850,-1.4998791,13.992027,3,15.875642,6.903843,5
MGYG000001009,Gut,1319,14.967446,13.540408,0,6.9137926,17.67856,0
MGYG000001010,Gut,1747,1.6934936,14.1474905,-1,1.5663745,1.1445009,4
MGYG000001011,Gut,940,-2.9442573,15.808078,2,12.878365,2.883239,7
MGYG000001012,Gut,1477,2.8984294,3.346463,-1,-6.405821,10.86701,3
MGYG000001013,Gut,1383,-2.1639345,10.060189,4,12.437027,2.2604356,7
MGYG000001014,Gut,1389,8.444649,5.2559915,1,-5.4515033,-10.480521,2
MGYG000001015,Gut,1196,-1.8731585,3.4621847,4,12.21357,-4.2701774,6
MGYG000001016,Gut,2052,-2.6605496,6.280577,4,9.679871,-4.421839,6
MGYG000001017,Gut,1592,-3.5327768,13.582887,3,13.363264,8.246599,5
MGYG000001018,Gut,2316,-4.780464,5.395115,4,7.8700643,1.7526631,7
MGYG000001019,Gut,1608,14.692825,11.016561,0,6.8280263,17.551283,0
MGYG000001020,Gut,1105,-2.9628818,5.1042347,4,9.128016,-4.9715085,6
MGYG000001021,Gut,1879,-5.280089,5.091662,4,8.888711,-3.0291286,6
MGYG000001022,Gut,1524,14.642125,11.377477,0,6.9835167,17.61183,0
MGYG000001023,Gut,2112,-1.6519513,5.5598125,4,11.706899,0.90347165,7
MGYG000001024,Gut,2072,-4.5788345,5.073454,4,9.085891,-3.7365642,6
MGYG000001025,Gut,1100,4.787917,6.080361,5,10.710072,15.64515,0
MGYG000001026,Gut,1468,4.4753904,5.4839087,5,15.108559,14.206038,0
MGYG000001027,Gut,2245,-4.8608427,4.823514,4,7.936923,2.349036,7
MGYG000001028,Gut,1422,-3.8891258,7.839606,4,12.689566,-1.9230493,6
MGYG000001029,Gut,1626,-2.3757875,3.1541798,4,10.416989,-5.9877567,-1
MGYG000001030,Gut,2424,3.3783593,8.260872,6,-8.316522,11.248576,3
MGYG000001031,Gut,1260,-1.9467288,16.862757,2,2.6487117,-11.103349,-1
MGYG000001032,Gut,1135,-6.0679064,4.70458,4,7.215175,3.3782356,7
MGYG000001033,Gut,1749,-3.6827097,4.63794,4,10.313822,-3.9441369,6
MGYG000001034,Gut,2045,3.2406201,9.140669,6,-8.166989,7.9987774,3
MGYG000001035,Gut,3045,6.978388,5.4059978,1,-11.552802,-1.3089421,1
MGYG000001036,Gut,2191,3.256438,8.575464,6,-8.204372,11.176138,3
MGYG000001037,Gut,1586,-2.6876953,8.413801,4,10.50736,-5.755089,-1
MGYG000001039,Gut,2373,0.9391026,8.546611,6,-9.693697,8.835265,3
MGYG000001040,Gut,2090,3.1060562,9.031792,6,-8.337874,8.015446,3
MGYG000001041,Gut,783,-1.8900013,14.087954,3,9.454028,-13.873282,-1
MGYG000001042,Gut,2631,3.1020775,9.040614,6,-8.5146,7.9936213,3
MGYG000001043,Gut,796,-0.9555963,15.460995,3,9.526789,-13.956208,-1
MGYG000001044,Gut,1194,-1.446555,9.256883,4,-6.090832,-0.42473903,1
MGYG000001045,Gut,4804,-4.2320375,4.089596,4,9.330875,1.8948659,7
MGYG000001046,Gut,1606,-1.659794,5.3246217,4,12.603011,-2.027606,6
MGYG000001048,Gut,817,-1.89507,14.285612,3,9.556423,-14.030096,-1
MGYG000001049,Gut,1653,-3.1882293,3.2927191,4,12.631283,-1.8788394,6
MGYG000001050,Gut,711,-1.6132301,10.7073965,4,3.1039016,-9.175418,-1
MGYG000001053,Gut,1180,-1.0532583,14.684485,3,-1.7182603,4.627466,4
MGYG000001054,Gut,1565,-0.55585796,7.449802,4,-10.597819,0.742494,1
MGYG000001055,Gut,1368,-2.6036599,9.885125,4,-0.32310513,17.326279,0
MGYG000001056,Gut,2186,3.111534,10.051324,6,-8.401368,7.8212996,3
MGYG000001057,Gut,1919,-2.003534,3.2961335,4,10.88596,-2.9140882,6
MGYG000001058,Gut,1585,2.8903575,8.733403,6,-8.009996,8.57476,3
MGYG000001059,Gut,1651,2.9658773,3.6250768,-1,-6.2996616,10.966718,3
MGYG000001060,Gut,1781,4.0839386,8.63787,6,1.8096831,2.3554823,4
MGYG000001061,Gut,1535,14.896533,12.989851,0,6.999361,17.769825,0
MGYG000001062,Gut,1469,3.5561674,4.8779936,5,15.090226,14.265662,0
MGYG000001063,Gut,5803,-5.1092,4.2919836,4,8.915887,1.5233743,7
MGYG000001064,Gut,1685,-3.5166836,14.114115,3,13.700805,8.35928,5
MGYG000001065,Gut,2856,-4.5071163,4.270743,4,9.532113,2.1731188,7
MGYG000001066.1,Gut,1467,1.5424377,14.065715,-1,1.6529855,1.339861,4
MGYG000001067,Gut,1604,2.0343819,9.695199,6,11.777234,1.0615014,7
MGYG000001068,Gut,1799,-3.8233209,13.437112,3,13.4984865,8.123141,5
MGYG000001069,Gut,2111,-2.3433824,4.8389864,4,9.984491,-3.5332847,6
MGYG000001070,Gut,1446,1.5528665,14.087968,-1,1.6491915,1.3578031,4
MGYG000001071,Gut,1211,3.7584052,-1.118209,-1,-11.004123,0.50193334,1
MGYG000001072,Gut,2472,-6.4879003,4.928491,4,7.872232,1.6327324,7
MGYG000001073,Gut,2212,-1.0741194,18.067068,2,13.73458,10.57064,5
MGYG000001074,Gut,1327,3.2374268,9.669191,6,-8.279897,8.07378,3
MGYG000001075,Gut,830,-2.2788537,14.028653,3,13.504295,8.527804,5
MGYG000001076,Gut,2917,-6.369897,5.0175447,4,7.550508,3.6183894,7
MGYG000001077,Gut,1846,1.6034762,4.7842503,5,11.259144,8.591096,5
MGYG000001078,Gut,1397,7.7410874,6.1484885,1,-6.241101,-10.74817,2
MGYG000001079,Gut,1027,-0.26300415,11.425666,4,-6.1697736,-0.5077424,1
MGYG000001080,Gut,1159,-2.0153317,14.599418,3,-1.1600256,-4.7806096,2
MGYG000001081,Gut,3079,-2.8930051,2.8568945,4,10.275046,-3.740868,6
MGYG000001082,Gut,1974,-2.9691632,9.392036,4,9.467496,-3.2528062,6
MGYG000001083,Gut,1508,3.2185957,8.567929,6,-7.7871814,11.075776,3
MGYG000001084,Gut,1601,14.953876,13.833268,0,7.128004,17.189428,0
MGYG000001085,Gut,1755,4.1687555,8.653498,6,-6.316426,12.435376,3
MGYG000001086,Gut,1323,14.924044,13.341403,0,7.365614,17.607191,0
MGYG000001087,Gut,3223,-6.427598,4.8646045,4,7.7688804,2.0271685,7
MGYG000001088,Gut,1737,3.780549,-1.1163677,-1,-11.002387,0.5244291,1
MGYG000001089,Gut,2864,-0.89620775,17.245335,2,10.137701,4.0942903,-1
MGYG000001090,Gut,1331,4.2012444,5.2271805,5,15.049471,14.238464,0
MGYG000001091,Gut,3675,5.764219,-1.9214514,-1,-13.037763,-2.6812136,1
MGYG000001092,Gut,1781,13.97345,9.325238,0,7.5181475,16.203398,0
MGYG000001093,Gut,3063,-1.7556646,9.890455,4,-9.451305,9.805157,3
MGYG000001094,Gut,2893,6.17321,5.342718,1,-11.368775,-1.107846,1
MGYG000001095,Gut,3459,-2.0312672,9.899189,4,-9.432837,9.826095,3
MGYG000001096,Gut,1667,14.478669,10.39562,0,6.9831204,17.140356,0
MGYG000001097,Gut,2455,3.2289388,9.459569,6,-8.449435,7.921679,3
MGYG000001098,Gut,1816,-3.05436,9.584251,4,10.429242,-5.962936,-1
MGYG000001099,Gut,1573,14.62603,11.320547,0,7.747001,17.225737,0
MGYG000001100,Gut,1387,1.825532,5.094563,5,11.33725,8.718024,5
MGYG000001101,Gut,1631,-3.2991855,5.5081577,4,8.948413,-4.0880203,6
MGYG000001102,Gut,2086,-3.2421308,5.4681993,4,11.607521,0.6189157,7
MGYG000001103,Gut,1946,-2.0360484,4.3559337,4,10.976076,-3.8866038,6
MGYG000001105,Gut,1625,14.577172,9.737994,0,7.7537093,17.203787,0
MGYG000001106,Gut,1460,-2.2745647,3.585497,4,11.744888,-3.9580553,6
MGYG000001107,Gut,1585,14.699645,11.82261,0,7.2294254,17.385223,0
MGYG000001108,Gut,1510,14.246467,10.137498,0,7.200877,17.480078,0
MGYG000001109,Gut,2123,-3.038752,3.0021622,4,12.049477,-3.0010953,6
MGYG000001110,Gut,1225,-1.7491719,17.82239,2,2.6858025,-11.060542,-1
MGYG000001112,Gut,1847,3.7949555,-1.1258954,-1,-10.9963045,0.51207066,1
MGYG000001113,Gut,1527,4.157174,6.2471046,5,-9.724552,0.2946471,1
MGYG000001114,Gut,1616,14.41092,10.005104,0,7.785781,17.138262,0
MGYG000001115,Gut,1881,-1.6672825,5.4431553,4,11.07772,-1.5857583,6
MGYG000001116,Gut,1684,-2.4771295,7.4905276,4,9.269567,-4.5318766,6
MGYG000001117,Gut,1569,-3.0597553,6.9190316,4,2.3859231,2.5218697,4
MGYG000001118,Gut,1449,-2.78987,9.326066,4,11.1929035,-0.94309247,6
MGYG000001120,Gut,1967,-2.0904315,5.505872,4,11.032443,-1.5377975,6
MGYG000001121,Gut,1649,14.471778,10.86762,0,7.7425785,17.124245,0
MGYG000001122,Gut,1729,14.479711,10.183199,0,7.9382567,16.823277,0
MGYG000001123,Gut,1238,14.957012,13.514664,0,7.6044865,17.42424,0
MGYG000001124,Gut,1697,14.905568,13.227757,0,7.775195,16.864588,0
MGYG000001125,Gut,819,-2.1457021,10.052949,4,3.1514487,-9.645587,-1
MGYG000001126,Gut,1647,14.547545,10.443066,0,7.0137844,17.09414,0
MGYG000001127,Gut,1533,14.85128,12.736341,0,7.0712266,17.509388,0
MGYG000001129,Gut,1496,-5.511438,5.156489,4,8.934449,-3.0927935,6
MGYG000001130,Gut,1693,14.542131,10.252603,0,7.7004733,16.941614,0
MGYG000001131,Gut,2368,3.2310677,9.639371,6,-8.379422,7.718415,3
MGYG000001132,Gut,2418,-2.148129,5.0183215,4,11.291845,-3.0393531,6
MGYG000001133,Gut,938,-2.156126,5.526977,4,9.486357,-4.866846,6
MGYG000001134,Gut,1701,14.538623,9.644097,0,7.403655,16.736519,0
MGYG000001135,Gut,1634,14.534474,11.252148,0,6.9992867,17.249386,0
MGYG000001136,Gut,1804,-1.5474985,5.46435,4,12.667641,-2.010149,6
MGYG000001137,Gut,1567,14.257675,9.528059,0,7.814894,17.090845,0
MGYG000001138,Gut,1668,14.444206,10.163886,0,7.8413954,17.098856,0
MGYG000001139,Gut,1596,14.566403,10.309554,0,7.7619123,17.24758,0
MGYG000001140,Gut,1550,14.749188,12.112611,0,7.7619452,17.265041,0
MGYG000001141,Gut,2305,-6.253474,4.6450315,4,7.653972,3.8083916,7
MGYG000001142,Gut,1436,14.997662,14.047316,0,7.757731,17.174372,0
MGYG000001145,Gut,556,-0.6437306,8.160528,4,-1.816306,-1.1136469,4
MGYG000001146,Gut,1599,-2.6473606,8.20937,4,9.320287,-4.6211457,6
MGYG000001148,Gut,2922,-1.0132091,18.101925,2,13.744231,10.587325,5
MGYG000001149,Gut,1231,-1.0006555,18.12538,2,13.717507,10.535556,5
MGYG000001150,Gut,1543,14.716992,11.024799,0,6.978425,17.659262,0
MGYG000001151,Gut,2019,-5.581639,5.1379952,4,8.840726,-3.022531,6
MGYG000001152,Gut,1666,14.530681,10.661259,0,7.667651,17.158144,0
MGYG000001153,Gut,1221,3.527486,4.874553,5,15.044117,14.249641,0
MGYG000001154,Gut,1491,3.5410593,4.8897324,5,15.099157,14.270626,0
MGYG000001155,Gut,1633,-1.6326767,5.469593,4,12.546586,-2.1159093,6
MGYG000001156,Gut,2327,-1.6761621,5.0700893,4,10.850234,-3.9180148,6
MGYG000001157,Gut,2298,-1.8839828,3.588605,4,12.16199,-4.242746,6
MGYG000001158,Gut,1808,14.202541,9.737924,0,7.52672,16.165901,0
MGYG000001159,Gut,1689,6.0565395,5.549288,1,-2.0975096,-15.199099,2
MGYG000001160,Gut,1881,-3.2435317,10.392461,4,11.029222,-0.8729085,6
MGYG000001161,Gut,1625,14.468957,10.337361,0,6.828422,17.49498,0
MGYG000001162,Gut,1449,-1.8900253,4.933575,4,1.8022978,2.2973301,4
MGYG000001163,Gut,1563,3.6326573,4.8240614,5,15.128501,14.309193,0
MGYG000001164,Gut,2334,3.2274573,9.13234,6,-8.118646,7.903526,3
MGYG000001165,Gut,1585,14.536756,10.70063,0,6.892355,17.764498,0
MGYG000001166,Gut,1999,-3.8072228,7.876835,4,12.660481,-1.9819565,6
MGYG000001167,Gut,1280,3.5092263,4.892222,5,15.044569,14.267185,0
MGYG000001168,Gut,1486,4.42638,5.449071,5,15.053648,14.241672,0
MGYG000001169,Gut,1776,-2.9317827,2.7072847,4,10.298923,-3.7703335,6
MGYG000001170,Gut,1805,-1.7725316,5.981792,4,10.916436,-3.8983996,6
MGYG000001171,Gut,1930,2.034149,9.625308,6,11.687702,0.9416048,7
MGYG000001172,Gut,1896,-0.9782653,18.140102,2,13.713501,10.591092,5
MGYG000001173,Gut,1800,14.062201,9.493212,0,7.537149,16.194313,0
MGYG000001174,Gut,2378,-4.684819,7.755593,4,12.395242,-1.7368829,6
MGYG000001175,Gut,1193,-1.9313481,17.484299,2,2.7430837,-10.992458,-1
MGYG000001176,Gut,1576,14.520538,10.262355,0,7.161503,17.533957,0
MGYG000001177,Gut,1666,-3.1156998,6.225659,4,15.706485,7.0486536,5
MGYG000001178,Gut,2315,-4.245832,4.6102567,4,8.134759,2.1511364,7
MGYG000001179,Gut,1599,14.395085,10.420491,0,6.871115,17.681845,0
MGYG000001180,Gut,2200,3.2357383,8.707535,6,-8.292023,11.075396,3
MGYG000001181,Gut,1484,2.1283228,9.607978,6,11.729554,0.99913436,7
MGYG000001182,Gut,1322,-1.9315436,17.74254,2,2.6443498,-11.115172,-1
MGYG000001183,Gut,1805,-3.2131827,10.439927,4,11.026013,-0.8684882,6
MGYG000001184,Gut,1011,-0.7537401,15.562671,3,9.616038,-14.069054,-1
MGYG000001185,Gut,1097,-2.0988886,17.666636,2,2.7575016,-10.96539,-1
MGYG000001186,Gut,2832,-3.778078,9.884357,4,7.9228168,3.5053906,7
MGYG000001187,Gut,2078,-4.931619,4.734647,4,8.045515,2.1002343,7
MGYG000001188,Gut,1732,14.359948,9.868381,0,7.2874823,16.653463,0
MGYG000001189,Gut,1740,-6.2526946,4.26954,4,8.289444,2.186441,7
MGYG000001190,Gut,1545,14.907081,13.021051,0,7.035886,17.72293,0
MGYG000001191,Gut,2116,-3.6541011,9.702648,4,11.151865,0.78707576,7
MGYG000001192,Gut,1923,-3.976366,7.750073,4,12.652061,-1.9217724,6
MGYG000001193,Gut,1214,-3.803971,10.080495,4,10.832234,1.8162493,7
MGYG000001194,Gut,1637,4.9883,6.362884,5,15.23724,14.408961,0
MGYG000001195,Gut,1245,-2.0449193,17.375818,2,2.5510635,-11.21241,-1
MGYG000001196,Gut,885,14.630234,10.717566,0,7.9379916,17.939846,0
MGYG000001197,Gut,1261,-3.5429397,14.1307125,3,13.700439,8.368667,5
MGYG000001198,Gut,1312,3.5482137,4.884465,5,15.101846,14.233568,0
MGYG000001199,Gut,3182,-3.94789,4.589839,4,9.689092,2.201714,7
MGYG000001200,Gut,1652,14.519359,10.921274,0,6.884773,17.198875,0
MGYG000001201,Gut,982,-0.8627321,15.5981865,3,9.629295,-14.084133,-1
MGYG000001202,Gut,2039,-3.2335117,9.550818,4,8.921877,-3.009342,6
MGYG000001203,Gut,1575,14.263634,10.169732,0,7.0472875,17.495096,0
MGYG000001204,Gut,1792,-2.937788,2.9582582,4,11.782805,-1.9203781,6
MGYG000001205,Gut,1891,-1.8649809,4.1017833,4,12.196459,-4.2641773,6
MGYG000001206,Gut,814,-2.1001167,9.974,4,3.1559088,-9.593094,-1
MGYG000001208,Gut,2321,-2.9149754,13.474756,3,12.086678,8.092743,5
MGYG000001209,Gut,1496,2.912974,3.3511915,-1,-6.438492,10.872413,3
MGYG000001210,Gut,2072,-4.7734604,4.880277,4,7.8726482,1.7099898,7
MGYG000001211,Gut,1550,2.9207067,3.3436608,-1,-6.391212,10.83574,3
MGYG000001212,Gut,2093,-2.883865,2.8904202,4,10.275556,-3.7768257,6
MGYG000001213,Gut,1442,5.363319,6.5898314,5,10.76827,15.592242,0
MGYG000001214,Gut,1239,2.4102042,9.224513,6,11.287419,15.405822,0
MGYG000001215,Gut,1629,14.352114,10.404367,0,7.130543,17.334583,0
MGYG000001216,Gut,1438,-1.7349575,17.67319,2,2.5818472,-11.179242,-1
MGYG000001217,Gut,1888,-1.6724452,5.137006,4,10.726385,-3.998123,6
MGYG000001218,Gut,2116,-2.227701,3.8340633,4,10.809699,-3.9358919,6
MGYG000001219,Gut,2012,-4.4971113,5.0053587,4,7.918517,2.4442348,7
MGYG000001220,Gut,1388,-2.8169115,8.391296,4,8.941346,-4.271793,6
MGYG000001221,Gut,1494,14.965997,13.305707,0,6.9802384,17.798302,0
MGYG000001222,Gut,1779,-2.4742854,6.4357114,4,8.96827,-4.148701,6
MGYG000001223,Gut,1683,14.504767,10.324525,0,7.026507,16.850183,0
MGYG000001224,Gut,2454,-5.978451,4.5882792,4,8.285161,2.1785586,7
MGYG000001225,Gut,1830,-3.1311605,2.621752,4,11.665507,-1.7849466,6
MGYG000001226,Gut,2342,-2.8055234,3.180005,4,11.8445835,-1.6819003,6
MGYG000001227,Gut,1577,14.710777,11.134703,0,6.8672853,17.569921,0
MGYG000001228,Gut,1534,-1.7477045,5.503137,4,12.03977,-2.9421628,6
MGYG000001230,Gut,1444,-2.9141536,8.8017,4,10.383467,-5.90847,-1
MGYG000001231,Gut,1534,5.038861,6.3540807,5,15.213803,14.41151,0
MGYG000001232,Gut,1794,-1.8810737,16.912159,2,11.594865,1.6392162,7
MGYG000001233,Gut,1130,4.272389,5.2869086,5,15.071759,14.211484,0
MGYG000001234,Gut,1428,-2.9224365,15.689479,2,11.624127,1.658511,7
MGYG000001236,Gut,1513,13.9099245,10.167347,0,10.624967,15.694554,0
MGYG000001237,Gut,2155,-2.7355716,3.2382138,4,10.993611,-3.877344,6
MGYG000001238,Gut,2282,-3.1338227,3.3565674,4,11.529649,-1.6462737,6
MGYG000001239,Gut,1167,-1.1759181,14.885083,3,9.459719,-13.922567,-1
MGYG000001240,Gut,1713,3.2918878,9.316606,6,-8.228637,8.030748,3
MGYG000001241,Gut,1544,14.640933,10.990954,0,7.063873,17.520042,0
MGYG000001242,Gut,1533,3.366684,8.290273,6,-7.7978883,11.125845,3
MGYG000001243,Gut,2176,-3.2600043,3.4147885,4,12.608579,-1.8707039,6
MGYG000001244,Gut,1537,-2.646021,8.214032,4,9.279041,-4.6641955,6
MGYG000001246,Gut,2503,-5.243079,4.1987643,4,9.606666,2.2386298,7
MGYG000001247,Gut,2530,-4.932601,4.277546,4,9.459958,2.2602942,7
MGYG000001248,Gut,1703,3.9958384,8.499312,6,1.7997419,2.3242393,4
MGYG000001249,Gut,1296,4.934714,6.2420545,5,10.64074,15.694055,0
MGYG000001250,Gut,2043,-4.6116157,4.128251,4,9.649607,2.235413,7
MGYG000001251,Gut,2837,-3.5823877,3.8439555,4,9.591635,2.1601706,7
MGYG000001252,Gut,2019,-3.038777,9.134281,4,8.0820875,2.2384374,7
MGYG000001253,Gut,1739,3.587667,8.382527,6,-7.946579,11.102541,3
MGYG000001254,Gut,2483,-5.8022513,4.66865,4,7.4928055,3.6532557,7
MGYG000001255,Gut,2043,-1.901932,3.238206,4,12.480388,-4.445579,6
MGYG000001256,Gut,1382,-1.746965,17.640894,2,2.5683992,-11.193015,-1
MGYG000001257,Gut,1949,-1.1318707,14.399909,3,15.921652,6.8659306,5
MGYG000001258,Gut,1565,7.7176056,6.12523,1,-6.2472544,-10.72361,2
MGYG000001259,Gut,1759,-1.2174929,4.0823464,4,2.3672984,2.3650112,4
MGYG000001260,Gut,2761,3.5223165,-1.0284699,-1,-11.190049,-0.8507496,1
MGYG000001261,Gut,4197,6.2556877,5.77706,1,-11.375065,-1.1458005,1
MGYG000001262,Gut,3238,5.967176,5.610106,1,-11.339071,-1.097199,1
MGYG000001263,Gut,4938,7.196619,5.784463,1,-11.502649,-1.2520707,1
MGYG000001264,Gut,2927,7.207119,5.8145595,1,-11.44529,-1.174473,1
MGYG000001265,Gut,3616,5.3816285,6.5005555,5,-11.421357,-1.1650388,1
MGYG000001266,Gut,3905,5.867409,-1.9782736,-1,-12.782719,-2.4735038,1
MGYG000001267,Gut,1056,3.6333628,4.783828,5,11.297792,15.4147,0
MGYG000001268,Gut,1319,7.76077,6.1953735,1,-6.2499747,-10.753689,2
MGYG000001269,Gut,1547,7.7341766,6.148102,1,-6.24786,-10.733787,2
MGYG000001270,Gut,1736,7.171433,6.0671225,1,-6.876692,-10.1623535,2
MGYG000001271,Gut,1603,-2.559138,7.3450437,4,9.621864,-4.783321,6
MGYG000001272,Gut,998,-2.174906,6.6364493,4,8.151818,-5.986242,6
MGYG000001273,Gut,1787,6.3043,6.5642505,1,-5.6827846,-10.228372,2
MGYG000001274,Gut,1210,-3.5593648,14.139896,3,13.688198,8.35451,5
MGYG000001275,Gut,2152,3.3970783,8.251528,6,-8.290453,11.226207,3
MGYG000001276,Gut,3376,-3.3499672,4.7424755,4,8.9607115,1.3613044,7
MGYG000001277,Gut,2666,-1.1059083,4.2309327,4,3.2866747,8.116443,3
MGYG000001278,Gut,613,4.0803375,4.1320868,5,14.7853775,14.462837,0
MGYG000001279,Gut,4019,6.939528,5.3708377,1,-11.574174,-1.3304477,1
MGYG000001280,Gut,1134,-1.5030968,7.717893,4,11.85292,2.4459481,7
MGYG000001281,Gut,1256,-1.2274007,7.3563814,4,1.8618981,1.8039712,4
MGYG000001283,Gut,1166,-4.1200323,4.752153,4,-2.8086169,-15.009266,2
MGYG000001284,Gut,1500,6.232505,6.5940313,1,-5.6790123,-10.216836,2
MGYG000001285,Gut,1850,6.2994843,6.5805864,1,-5.658331,-10.225659,2
MGYG000001286,Gut,2361,-3.1660194,2.8045623,4,11.657419,-1.8574897,6
MGYG000001287,Gut,1171,5.085504,2.983942,-1,-2.876425,-14.98501,2
MGYG000001288,Gut,1597,1.7026213,14.152167,-1,1.5706336,1.1578821,4
MGYG000001289,Gut,1806,-3.5283298,14.1106,3,13.661387,8.345347,5
MGYG000001290,Gut,932,-1.4553388,8.536401,4,8.237692,-5.501531,6
MGYG000001291,Gut,1681,-1.6956278,11.441786,4,12.55558,2.4704876,7
MGYG000001292,Gut,2275,6.143311,5.3869443,1,-2.0812147,-15.217129,2
MGYG000001293,Gut,2681,1.9259547,5.085062,5,11.840993,8.252188,5
MGYG000001294,Gut,2292,2.580422,5.927969,5,-9.52628,0.16725565,1
MGYG000001295,Gut,3002,-1.584755,4.0762978,4,3.2982037,8.105553,3
MGYG000001296,Gut,1729,1.592881,4.753021,5,11.360066,8.741141,5
MGYG000001297,Gut,1688,-0.2931819,11.714176,4,-6.0671277,-0.40257588,1
MGYG000001298,Gut,2440,-2.8115036,13.673647,3,12.057846,8.023359,5
MGYG000001299,Gut,2017,-1.5300359,13.396241,3,15.774534,6.9886475,5
MGYG000001300,Gut,2697,-1.8798183,3.127223,4,12.520887,-4.4810348,6
MGYG000001301,Gut,1494,-2.5822825,16.70167,2,12.405309,2.331665,7
MGYG000001303,Gut,3451,-4.4594846,4.650329,4,8.348995,1.4707705,7
MGYG000001304,Gut,2271,-0.9886938,14.902811,3,15.927396,6.859261,5
MGYG000001305,Gut,2026,-3.026883,9.755245,4,11.070167,-0.094612114,6
MGYG000001306,Gut,3593,1.0763987,8.557202,6,-9.717715,9.011931,3
MGYG000001307,Gut,4104,4.1564145,-1.0290911,-1,-12.520784,-3.1366723,1
MGYG000001308,Gut,1880,-3.5195522,13.395002,3,13.454546,8.137311,5
MGYG000001309,Gut,3571,-0.8529608,17.243145,2,10.307762,3.9311683,-1
MGYG000001310,Gut,2386,-6.575887,4.595039,4,7.918911,1.8086858,7
MGYG000001311,Gut,5540,-4.232206,4.0961637,4,9.287487,1.8519952,7
MGYG000001312,Gut,1732,-0.21746859,11.644388,4,-6.0286183,-0.36409056,1
MGYG000001313,Gut,3297,1.4509566,8.666975,6,-9.863321,9.315376,3
MGYG000001314,Gut,2910,-3.836109,9.924801,4,7.7319407,3.9363894,7
MGYG000001315,Gut,3319,-6.6193213,4.6701117,4,8.158697,1.6813196,7
MGYG000001316,Gut,2205,3.8852923,8.269605,6,2.3121903,1.4920264,4
MGYG000001317,Gut,4589,5.7810516,-1.8932552,-1,-13.0498295,-2.7370663,1
MGYG000001318,Gut,4186,5.704742,-2.5711858,-1,-12.860363,-2.421905,1
MGYG000001319,Gut,2244,-3.7126331,10.104363,4,7.475046,3.725878,7
MGYG000001320,Gut,2042,-1.8984709,16.929607,2,11.550977,1.6887605,7
MGYG000001321,Gut,2309,-1.3920288,4.039639,4,3.3142965,8.089105,3
MGYG000001322,Gut,2779,-2.0812201,3.2685304,4,12.132165,-4.2197533,6
MGYG000001323,Gut,4184,4.083716,-1.0538186,-1,-12.542433,-3.1238582,1
MGYG000001324,Gut,2246,-0.98843694,18.11858,2,13.71628,10.607777,5
MGYG000001325,Gut,1731,-1.5138588,14.115384,3,13.70142,10.587484,5
MGYG000001326,Gut,2252,-0.96541107,18.150177,2,13.731448,10.6201515,5
MGYG000001327,Gut,3141,-1.0148215,18.101067,2,13.744952,10.572384,5
MGYG000001328,Gut,3371,-0.70716137,17.308737,2,10.191297,4.035041,-1
MGYG000001329,Gut,1938,-0.20975803,11.566599,4,-5.986793,-0.32206568,1
MGYG000001330,Gut,1572,-0.19370528,11.639296,4,-6.0027294,-0.33667842,1
MGYG000001331,Gut,1993,-0.9797019,6.6136656,4,-10.174221,0.14872916,1
MGYG000001332,Gut,2510,-2.747456,4.751643,4,9.922665,-3.6124017,6
MGYG000001333.1,Gut,2703,1.7782947,4.9394546,5,11.616541,8.385456,5
MGYG000001334,Gut,1852,-1.5059655,7.1204295,4,11.400686,8.7190695,5
MGYG000001335,Gut,2039,-3.0792344,12.739244,3,11.412968,9.236641,5
MGYG000001336,Gut,2176,1.6039575,4.7728853,5,11.233139,8.59188,5
MGYG000001337,Gut,3965,1.1156671,8.392683,6,-10.072204,9.57848,3
MGYG000001338,Gut,3440,-6.238063,4.2647767,4,8.403966,1.9176518,7
MGYG000001339,Gut,2005,-0.51997256,7.230482,4,2.3621204,2.089369,4
MGYG000001340,Gut,1734,-3.1202784,12.664796,3,11.354437,8.680825,5
MGYG000001341,Gut,1647,-3.11437,12.703874,3,11.298139,8.654522,5
MGYG000001342,Gut,2092,-4.095219,13.860848,3,13.6325245,8.2802925,5
MGYG000001343,Gut,3130,3.54146,-1.0499592,-1,-11.182023,-0.8404907,1
MGYG000001344,Gut,2844,3.4454305,-0.9964977,-1,-11.177474,-0.83580583,1
MGYG000001345,Gut,4508,1.2018199,8.443954,6,-10.130772,9.652842,3
MGYG000001346,Gut,3532,1.4728429,8.69134,6,-9.962875,9.415898,3
MGYG000001347,Gut,2039,-0.94280154,18.175787,2,13.735269,10.611473,5
MGYG000001348,Gut,1515,-0.24696802,11.669408,4,-6.0024076,-0.3361769,1
MGYG000001349,Gut,1800,1.704427,14.16441,-1,1.6162249,1.1656444,4
MGYG000001350,Gut,2246,-0.95410454,18.105219,2,13.723984,10.612417,5
MGYG000001351,Gut,3105,6.150573,-2.3439064,-1,-12.548529,-2.9719756,1
MGYG000001352,Gut,4337,-5.5458922,4.584437,4,15.957773,6.824139,5
MGYG000001353,Gut,2003,13.946368,9.206898,0,7.699199,16.078655,0
MGYG000001354,Gut,2043,6.094696,5.351914,1,-2.0982969,-15.201661,2
MGYG000001355,Gut,1926,-2.9322872,16.43954,2,12.865398,2.8688526,7
MGYG000001356,Gut,2963,-3.0618343,2.68839,4,11.371517,-1.667828,6
MGYG000001357,Gut,1355,-0.21066432,11.641218,4,-6.0297537,-0.36606517,1
MGYG000001358,Gut,1594,-0.2568665,11.679561,4,-6.0463963,-0.38176322,1
MGYG000001359,Gut,3463,-1.150832,4.2224007,4,3.2891252,8.113406,3
MGYG000001360,Gut,2253,2.0765104,9.893944,6,-7.8574357,7.8016376,3
MGYG000001361,Gut,2341,2.9491577,5.9243894,5,-9.543523,0.17591171,1
MGYG000001362,Gut,1740,-3.4412084,13.556337,3,13.557757,8.32224,5
MGYG000001363,Gut,1661,-3.559602,13.372615,3,13.44707,8.132483,5
MGYG000001364,Gut,3534,0.89384615,8.646662,6,-9.708422,9.004999,3
MGYG000001365,Gut,1888,-2.9857278,6.8792706,4,2.3889368,2.5157316,4
MGYG000001366,Gut,1852,-2.6695552,8.974842,4,-10.6456,0.7060733,1
MGYG000001367,Gut,4088,-4.1456065,4.6560287,4,9.492279,2.0221798,7
MGYG000001368,Gut,4437,-4.8694544,4.513098,4,8.809824,1.4703618,7
MGYG000001369,Gut,1785,1.1443982,5.1849084,5,11.421114,9.228073,5
MGYG000001370,Gut,3436,1.4155908,8.686162,6,-9.938391,9.401251,3
MGYG000001371,Gut,6016,2.1058776,7.049868,6,-1.0387411,-5.8753066,2
MGYG000001372,Gut,2790,1.5911826,8.567813,6,-9.317446,8.68288,3
MGYG000001373,Gut,2018,-6.4301157,5.0053186,4,7.853926,1.7622812,7
MGYG000001374,Gut,2757,-6.45003,5.0935216,4,7.9293637,1.7135639,7
MGYG000001375,Gut,2090,-2.8176987,3.2721987,4,8.865779,-3.0554676,6
MGYG000001376,Gut,3860,1.3955747,8.235881,6,-9.865117,9.468306,3
MGYG000001377,Gut,3195,1.4867373,8.48193,6,-9.810391,9.406474,3
MGYG000001378,Gut,4874,1.1825331,8.45548,6,-10.142217,9.661493,3
MGYG000001379,Gut,3048,-6.326903,5.0944424,4,8.085688,1.6828341,7
MGYG000001380,Gut,3255,-6.6519747,4.6828356,4,8.06477,1.6651896,7
MGYG000001381,Gut,2231,-1.3624841,6.9629507,4,-10.751054,0.041998245,1
MGYG000001382,Gut,2009,13.93532,9.214884,0,10.538811,15.731511,0
MGYG000001383,Gut,1129,-2.6937041,12.829299,3,11.621615,9.25405,5
MGYG000001384,Gut,4700,6.0110817,5.4127398,1,-11.476219,-1.2244637,1
MGYG000001385,Gut,2160,2.6630168,7.1228733,6,-6.6826854,13.262697,3
MGYG000001386,Gut,4960,-4.2406583,4.1170163,4,9.409743,1.9634349,7
MGYG000001387,Gut,1817,4.9341288,5.8333344,5,15.320167,14.540513,0
MGYG000001388,Gut,4659,-3.2267861,4.553458,4,-1.3524046,-5.5130315,2
MGYG000001389,Gut,2777,-3.8696742,7.781666,4,2.4220033,2.0916746,4
MGYG000001390,Gut,2945,-2.6390266,13.7117,3,-1.3997926,-5.4018507,2
MGYG000001391,Gut,2944,1.3728794,7.928408,6,-9.672873,9.347291,3
MGYG000001392,Gut,1834,-0.17968903,11.560763,4,-6.182017,-0.52170813,1
MGYG000001393,Gut,4271,4.7733626,-1.0069757,-1,-12.731268,-2.8490906,1
MGYG000001394,Gut,4324,5.6954055,-2.4294937,-1,-12.929121,-2.555141,1
MGYG000001395,Gut,2798,-2.364308,13.930037,3,12.033157,8.038466,5
MGYG000001396,Gut,4394,-5.496132,4.6527348,4,15.952553,6.8309603,5
MGYG000001397,Gut,1852,-4.043277,4.072319,4,1.7921127,2.3423934,4
MGYG000001398,Gut,2682,-1.6251533,13.592224,3,15.893914,6.8868785,5
MGYG000001399,Gut,2871,1.2917006,7.803295,6,-10.413858,8.7287445,3
MGYG000001400,Gut,3408,-1.2133821,14.729894,3,15.952129,6.84067,5
MGYG000001401,Gut,1828,4.6609282,6.3161874,5,-9.604351,0.22032662,1
MGYG000001402,Gut,3503,-1.0886836,14.445733,3,15.9848995,6.8094907,5
MGYG000001403,Gut,3357,-2.4928048,13.730183,3,-1.3938035,-5.462143,2
MGYG000001404,Gut,4619,2.013096,7.099786,6,-1.054319,-5.8567595,2
MGYG000001405,Gut,4382,-2.4192336,13.952357,3,-1.3483053,-5.547812,2
MGYG000001406.1,Gut,2920,-2.1029823,14.241555,3,-1.3643531,-5.377544,2
MGYG000001407,Gut,3449,-0.8741649,17.410282,2,10.340449,3.911145,-1
MGYG000001408,Gut,2916,6.3274827,6.589115,1,-6.531532,-10.190743,2
MGYG000001409,Gut,1705,4.7869925,5.929974,5,15.326881,14.559445,0
MGYG000001410,Gut,2174,4.4905896,6.3452115,5,-9.588301,0.21294351,1
MGYG000001411,Gut,1581,7.171242,5.977793,1,-5.595182,-10.332412,2
MGYG000001412,Gut,4661,-2.4416916,13.972831,3,-1.3640668,-5.535193,2
MGYG000001413,Gut,1794,4.9854016,6.279266,5,10.573382,15.707627,0
MGYG000001414,Gut,1578,-2.860989,16.429619,2,12.229542,1.876695,7
MGYG000001415,Gut,2385,2.8566132,7.0237074,6,-6.577007,13.292256,3
MGYG000001416,Gut,2855,6.166211,6.5668483,1,-6.260328,-10.068837,2
MGYG000001417,Gut,3590,6.13023,5.3125644,1,-11.430878,-1.1755863,1
MGYG000001418,Gut,3075,6.2776613,6.5385256,1,-6.4196043,-10.085024,2
MGYG000001419,Gut,2445,7.122563,6.0775514,1,-6.171267,-10.114848,2
MGYG000001420,Gut,2959,2.8650122,7.046962,6,-6.5626574,13.371225,3
MGYG000001421,Gut,3132,-2.9897392,6.538542,4,15.945742,6.838563,5
MGYG000001422,Gut,5249,1.2705054,8.663767,6,-10.137419,9.672947,3
MGYG000001423,Gut,3241,-0.71879977,17.350243,2,10.120159,4.0960817,-1
MGYG000001424,Gut,1680,-2.8667574,16.51325,2,12.839095,2.846048,7
MGYG000001425,Gut,1622,-3.0816586,16.31805,2,12.170112,1.8770303,7
MGYG000001426,Gut,4466,6.1185308,-2.376262,-1,-12.916948,-2.3923917,1
MGYG000001427,Gut,1874,5.084488,6.29863,5,10.548677,15.710028,0
MGYG000001428,Gut,4177,-2.2477942,14.024161,3,-1.3479173,-5.5201283,2
MGYG000001429,Gut,2053,2.6542823,7.0511036,6,-6.658715,13.236776,3
MGYG000001430,Gut,3172,-2.7359264,6.1407695,4,15.938843,6.8506474,5
MGYG000001431,Gut,1352,-0.21621299,11.6403,4,-6.0025845,-0.33901674,1
MGYG000001432,Gut,2002,-0.20288618,11.613379,4,-5.987947,-0.32321784,1
MGYG000001433,Gut,3940,1.2258989,8.327704,6,-10.036107,9.571278,3
MGYG000001434,Gut,2909,-2.0214286,5.3648124,4,11.11859,-1.6257355,6
MGYG000001435,Gut,2080,7.2955527,5.985892,1,-6.814966,-10.189739,2
MGYG000001436,Gut,5251,2.1944695,7.05728,6,-1.0716627,-5.841419,2
MGYG000001437,Gut,2235,-2.003777,14.455926,3,-1.1629074,-4.78772,2
MGYG000001438,Gut,3294,-2.3879716,13.981733,3,-1.3615483,-5.4361877,2
MGYG000001439,Gut,2674,-6.6499834,4.8654118,4,8.021175,1.7324541,7
MGYG000001440,Gut,1944,-3.2935412,4.4905767,4,2.3830953,2.1652043,4
MGYG000001441,Gut,1968,6.303161,6.5707154,1,-5.717959,-10.208771,2
MGYG000001442,Gut,1630,-4.0173645,13.803531,3,13.776266,8.4197035,5
MGYG000001443,Gut,6388,4.1594725,-1.0127267,-1,-6.4567466,-10.018466,2
MGYG000001444,Gut,1710,1.6787301,14.13657,-1,1.6238139,1.211365,4
MGYG000001445,Gut,4325,6.142404,-2.391604,-1,-12.731919,-2.4463255,1
MGYG000001446,Gut,2312,6.454722,6.533408,1,-6.1072726,-10.07922,2
MGYG000001447,Gut,2143,2.4315746,8.8726425,6,-8.01093,7.814046,3
MGYG000001448,Gut,1955,5.0637007,6.3319707,5,-6.0926304,-10.203182,2
MGYG000001449,Gut,1475,-2.0589294,14.450235,3,-1.1572505,-4.777861,2
MGYG000001450,Gut,2327,7.2795672,6.1211243,1,-6.4401126,-10.186711,2
MGYG000001451,Gut,4872,1.997936,7.083664,6,-1.0364518,-5.879356,2
MGYG000001452,Gut,3239,-1.0887007,14.429074,3,15.979544,6.8137956,5
MGYG000001453,Gut,4674,1.6758784,7.574703,6,-1.3116016,-5.5749426,2
MGYG000001454,Gut,2633,-3.1202254,2.5660825,4,10.179063,-3.5354505,6
MGYG000001455.1,Gut,1789,-1.7748731,13.775639,3,15.722571,6.985321,5
MGYG000001456.1,Gut,2938,-6.5345473,4.6372523,4,8.164272,1.7626752,7
MGYG000001457,Gut,4820,6.8618016,5.422777,1,-11.570278,-1.3266407,1
MGYG000001458,Gut,2642,-1.0708592,18.072569,2,13.726431,10.570852,5
MGYG000001459,Gut,2044,-0.94139093,18.172707,2,13.733183,10.611616,5
MGYG000001460,Gut,3575,-0.9534565,17.302727,2,10.356039,3.9029605,-1
MGYG000001461,Gut,4028,1.749677,8.705886,6,-10.033081,9.577147,3
MGYG000001462,Gut,1684,-0.1627317,11.580887,4,-6.0250373,-0.36120078,1
MGYG000001463,Gut,1612,-0.09864954,11.531329,4,-5.9975176,-0.3314483,1
MGYG000001464,Gut,2317,-0.9387259,18.15765,2,13.708507,10.6130085,5
MGYG000001465,Gut,3689,4.162357,-1.0415108,-1,-12.510409,-3.1292934,1
MGYG000001466,Gut,3590,4.146972,-1.0383842,-1,-12.518344,-3.1049762,1
MGYG000001467,Gut,3242,-2.4367814,5.0467796,4,10.730255,-2.094454,6
MGYG000001468,Gut,3490,6.3294296,6.510545,1,-6.4630094,-10.05488,2
MGYG000001469,Gut,4433,-2.537701,13.862588,3,-1.364216,-5.5187836,2
MGYG000001470,Gut,4132,-2.3559186,13.968792,3,-1.3635929,-5.5180078,2
MGYG000001471,Gut,1443,6.062215,5.292797,1,-2.1057765,-15.193667,2
MGYG000001472,Gut,4863,-2.4423852,13.854214,3,-1.3526213,-5.534894,2
MGYG000001473,Gut,3044,-1.00109,17.174747,2,10.390624,3.8589637,-1
MGYG000001474,Gut,3846,-1.4979395,16.751778,2,10.261155,3.961242,-1
MGYG000001475,Gut,3868,-2.5478206,13.803744,3,-1.3919847,-5.4695296,2
MGYG000001476,Gut,3368,-2.6110034,5.356223,4,10.7069235,-2.1109726,6
MGYG000001477,Gut,3300,-1.3517327,16.890125,2,10.309588,3.9346528,-1
MGYG000001478,Gut,1841,13.982197,9.220913,0,7.6845546,16.092909,0
MGYG000001479,Gut,3264,-1.5780182,16.604496,2,10.24551,3.9997628,-1
MGYG000001480,Gut,2305,6.3630137,6.60073,1,-5.9524136,-10.138366,2
MGYG000001481,Gut,4331,-0.93617356,7.0286374,4,-1.3627479,-5.5368757,2
MGYG000001482,Gut,3238,-1.2707354,7.007506,4,-1.3922493,-5.4238443,2
MGYG000001483,Gut,2732,6.4222927,6.5293207,1,-6.1455965,-10.117811,2
MGYG000001484,Gut,2564,6.319062,6.4797006,1,-6.1589475,-10.0596695,2
MGYG000001485,Gut,4075,6.9194484,5.390957,1,-11.536026,-1.2888181,1
MGYG000001486,Gut,3193,6.1703253,6.5216722,1,-6.4111004,-10.064467,2
MGYG000001487,Gut,2558,-2.357572,13.727648,3,15.978244,6.808716,5
MGYG000001488,Gut,3065,-2.699376,13.961272,3,-1.3307577,-5.4408193,2
MGYG000001489,Gut,4723,1.2593083,7.946168,6,-10.396988,9.276988,3
MGYG000001490,Gut,1661,6.068431,5.336123,1,-2.083495,-15.213705,2
MGYG000001491,Gut,2566,-3.1262412,14.034472,3,-1.3779933,-5.4495525,2
MGYG000001492,Gut,2525,-2.8867223,13.622188,3,12.06526,8.063939,5
MGYG000001493,Gut,5786,-4.2511744,4.0968966,4,9.361942,1.9127913,7
MGYG000001494,Gut,2012,-0.7450195,5.8349147,4,-9.5442915,0.1660368,1
MGYG000001495,Gut,1741,-2.8790324,16.514664,2,12.85688,2.8571317,7
MGYG000001496,Gut,3521,-4.43269,4.79416,4,8.574575,1.4333174,7
MGYG000001497,Gut,2327,-0.8272784,17.271162,2,10.317903,3.938176,-1
MGYG000001498,Gut,3527,-2.4666271,13.763069,3,-1.3894737,-5.4495444,2
MGYG000001499,Gut,4319,-4.49358,4.563691,4,8.767761,1.5062101,7
MGYG000001500,Gut,3076,-3.1289766,2.6576653,4,11.319481,-1.6714206,6
MGYG000001501,Gut,3562,-2.246341,14.061723,3,-1.4087332,-5.4406595,2
MGYG000001502,Gut,2821,-3.1725338,2.6299384,4,11.382323,-1.6590805,6
MGYG000001503,Gut,2269,-0.4827892,9.815435,4,-9.933774,9.011453,3
MGYG000001504,Gut,3291,-1.6203474,16.641209,2,10.421363,3.835253,-1
MGYG000001505,Gut,1375,-3.271012,4.4536657,4,12.041217,2.2843282,7
MGYG000001506,Gut,1684,-3.1651244,15.6419115,2,12.428099,2.2308462,7
MGYG000001507,Gut,6015,1.9551135,7.052968,6,-1.0731997,-5.8386116,2
MGYG000001508,Gut,3801,-2.5504332,13.744656,3,-1.3865335,-5.502252,2
MGYG000001509,Gut,2225,7.082829,6.147933,1,-6.026406,-10.166523,2
MGYG000001510,Gut,3168,-0.96483946,7.2011995,4,-1.3680654,-5.476481,2
MGYG000001511,Gut,2634,-2.0786932,14.1363125,3,-1.380595,-5.414318,2
MGYG000001512,Gut,3054,1.4897301,8.340364,6,-9.788371,9.40139,3
MGYG000001513,Gut,2906,-0.7389283,17.366215,2,10.079295,4.1605406,-1
MGYG000001514,Gut,4919,2.0669353,7.0591316,6,-1.0503192,-5.864883,2
MGYG000001515,Gut,1601,-2.9886105,16.104536,2,12.544098,2.4548526,7
MGYG000001516,Gut,2049,1.5988516,4.782998,5,11.237849,8.567464,5
MGYG000001517,Gut,1535,-3.1212065,12.719522,3,11.406959,9.265861,5
MGYG000001518,Gut,4451,2.130322,7.04805,6,-1.0411376,-5.8719954,2
MGYG000001519,Gut,1521,5.573341,6.7371926,5,10.901172,15.532717,0
MGYG000001520,Gut,3117,1.7529446,5.341566,5,-11.185093,-0.84560865,1
MGYG000001521,Gut,1521,-0.92994153,11.077669,4,12.406216,2.2267368,7
MGYG000001522,Gut,1994,6.9772205,5.906731,1,-5.7798448,-10.215436,2
MGYG000001523,Gut,3715,-2.3529296,13.982474,3,-1.3397378,-5.564776,2
MGYG000001524,Gut,1712,4.925399,5.826006,5,15.260544,14.485277,0
MGYG000001525,Gut,4753,2.1836896,7.0489454,6,-1.036788,-5.8784885,2
MGYG000001526,Gut,4481,1.9829178,7.12065,6,-1.0493954,-5.8801723,2
MGYG000001527,Gut,3344,-1.982869,3.22244,4,11.919408,-4.034202,6
MGYG000001528,Gut,2773,-5.793026,4.842516,4,8.035098,1.6003112,7
MGYG000001529,Gut,2603,1.3110847,7.6774416,6,-10.517814,8.661068,3
MGYG000001530,Gut,1752,-2.8943675,16.516996,2,12.857506,2.856646,7
MGYG000001531,Gut,3058,-4.779033,4.2241745,4,9.551716,2.1386943,7
MGYG000001532,Gut,1515,-2.9488573,16.42077,2,12.21326,1.8672816,7
MGYG000001533,Gut,2459,7.532284,5.750186,1,-6.851402,-10.019703,2
MGYG000001534,Gut,3026,6.5261836,5.3696,1,-11.276745,-1.0301374,1
MGYG000001535,Gut,4762,2.1519878,7.046793,6,-1.0396827,-5.8765936,2
MGYG000001536,Gut,3786,5.8891354,-2.5169232,-1,-12.780101,-2.3566303,1
MGYG000001537,Gut,3487,6.314017,6.5502415,1,-6.2586303,-10.063374,2
MGYG000001538,Gut,2288,5.0718675,6.2568135,5,10.5094185,15.741335,0
MGYG000001539,Gut,3005,-3.2046568,3.6423128,4,10.315823,-3.7528713,6
MGYG000001540,Gut,2618,6.5573673,6.5187297,1,-6.835958,-10.023071,2
MGYG000001541,Gut,1313,-0.6104441,6.9623976,4,11.982039,2.2601151,7
MGYG000001542,Gut,4893,1.9850247,7.122838,6,-1.0194387,-5.900618,2
MGYG000001543,Gut,3713,-1.506589,13.998403,3,9.007555,2.961165,7
MGYG000001544,Gut,2063,7.243308,6.177837,1,-6.9514565,-10.109387,2
MGYG000001545,Gut,1451,3.6653054,4.7378583,5,10.969232,15.527572,0
MGYG000001546,Gut,2777,2.9061818,7.0611634,6,-6.57021,13.34052,3
MGYG000001547,Gut,4038,-4.5589395,4.7533774,4,9.271835,1.253651,7
MGYG000001548,Gut,4835,1.9666568,7.0956526,6,-1.065647,-5.850955,2
MGYG000001549,Gut,4086,-2.485628,13.870701,3,-1.2557174,-5.634807,2
MGYG000001550,Gut,2248,-2.579304,5.9174232,4,10.279029,-3.4937336,6
MGYG000001551,Gut,3313,1.2956614,7.8022466,6,-10.3950405,8.784311,3
MGYG000001552,Gut,3724,1.1667641,7.396168,6,-10.588479,8.628497,3
MGYG000001553,Gut,2395,-0.7420833,17.377697,2,10.135647,4.108811,-1
MGYG000001554,Gut,2508,7.2673454,6.119446,1,-6.8933268,-10.034694,2
MGYG000001555,Gut,1582,-1.0140293,18.110096,2,13.726373,10.599365,5
MGYG000001556,Gut,2291,-3.1254938,3.2478554,4,2.4161675,2.1661217,4
MGYG000001557,Gut,1918,3.458064,4.946695,5,-7.726636,8.343213,3
MGYG000001558,Gut,1863,-3.9250321,13.724756,3,13.747791,8.369417,5
MGYG000001559,Gut,1574,-1.2686336,7.3071733,4,1.9758002,1.701567,4
MGYG000001560,Gut,2290,-1.2158942,9.4259615,4,9.872484,-3.5662398,6
MGYG000001561,Gut,2311,0.14765342,7.281713,4,2.264595,1.7179469,4
MGYG000001562,Gut,2546,2.8764315,7.0471096,6,-6.584196,13.361713,3
MGYG000001563,Gut,1370,-0.6337096,6.9383936,4,12.027408,2.2440777,7
MGYG000001564,Gut,3685,-4.1911945,4.1094875,4,9.447404,2.0307996,7
MGYG000001565,Gut,1902,-1.5165007,5.4715395,4,12.677855,-2.0037832,6
MGYG000001566,Gut,1463,-6.573233,4.9830494,4,7.947317,1.7721759,7
MGYG000001567,Gut,1905,5.085479,6.2758126,5,10.4771595,15.750732,0
MGYG000001568,Gut,1166,15.057953,13.919489,0,7.1208344,17.868502,0
MGYG000001569,Gut,1608,-2.4218104,9.44422,4,10.408005,-6.0335455,-1
MGYG000001570,Gut,1318,-2.902731,5.392239,4,9.968027,-3.9405563,6
MGYG000001571,Gut,4159,-4.6517553,4.061803,4,9.227831,2.3864865,7
MGYG000001572,Gut,1625,-3.0862186,9.35913,4,10.436699,-5.9639893,-1
MGYG000001573,Gut,1225,15.040209,13.920674,0,7.033059,17.753065,0
MGYG000001574,Gut,951,3.0035715,5.1762853,5,-9.701432,0.328585,1
MGYG000001575,Gut,1409,5.2054377,6.415612,5,10.649665,15.709845,0
MGYG000001576,Gut,2808,-3.00451,3.0662832,4,11.474097,-1.6735661,6
MGYG000001577,Gut,1942,-2.112541,5.5180583,4,11.156082,0.7815419,7
MGYG000001578,Gut,1710,14.302041,9.9927025,0,7.1880107,16.655535,0
MGYG000001579,Gut,1693,14.330457,9.992428,0,7.2222548,16.74241,0
MGYG000001580,Gut,1128,15.043364,13.835328,0,6.9994254,17.572563,0
MGYG000001581,Gut,1726,14.757162,11.568345,0,7.308021,16.54779,0
MGYG000001582,Gut,1210,15.046574,13.825976,0,6.9823947,17.567701,0
MGYG000001583,Gut,1130,15.048874,13.798275,0,6.9479165,17.746592,0
MGYG000001584,Gut,1062,15.0059595,13.787181,0,6.9320946,17.754892,0
MGYG000001585,Gut,1637,14.738665,11.764323,0,6.8430963,17.324722,0
MGYG000001586,Gut,1599,14.605142,10.955981,0,6.8825054,17.75378,0
MGYG000001587,Gut,1721,14.670056,11.516617,0,7.2763085,16.520462,0
MGYG000001588,Gut,1771,5.1041045,6.2530804,5,10.555244,15.709579,0
MGYG000001589,Gut,2140,-1.5896084,5.1387672,4,2.3639061,2.1545558,4
MGYG000001590,Gut,1898,-1.2749478,4.2025995,4,3.3260698,8.07511,3
MGYG000001591,Gut,4278,1.251638,7.938763,6,-10.393465,9.254024,3
MGYG000001592,Gut,2801,-3.209537,2.5727715,4,11.400906,-1.629921,6
MGYG000001593,Gut,2313,-2.6241825,5.9627457,4,10.29966,-3.4471204,6
MGYG000001594,Gut,2357,-5.9367347,4.285268,4,8.285269,2.1920094,7
MGYG000001595,Gut,1613,-2.421839,16.637236,2,13.694832,10.536502,5
MGYG000001596,Gut,2913,-4.853838,4.2107196,4,8.333179,2.0243251,7
MGYG000001597,Gut,2094,-2.5839694,6.3982706,4,10.101275,-3.802948,6
MGYG000001598,Gut,2077,-3.1233652,2.5068703,4,11.517138,-1.7214757,6
MGYG000001599,Gut,3208,1.1345254,8.89227,6,-9.718702,8.989925,3
MGYG000001600,Gut,1090,4.8436613,5.898072,5,15.26341,14.462987,0
MGYG000001601,Gut,1631,-1.7272846,16.875671,2,11.642547,1.6180224,7
MGYG000001602,Gut,2314,-6.0575128,4.5407,4,8.066575,2.1534772,7
MGYG000001603,Gut,2190,-5.007952,4.249038,4,9.526438,2.2379987,7
MGYG000001604,Gut,2012,3.3479722,8.240706,6,-8.196816,10.786582,3
MGYG000001605,Gut,1678,4.975778,6.2579784,5,10.562769,15.714388,0
MGYG000001606,Gut,3239,-4.1299214,4.3637743,4,9.589352,2.1426842,7
MGYG000001607,Gut,2124,-6.2333994,4.873358,4,7.8409286,1.692858,7
MGYG000001608,Gut,2572,1.2949201,7.7155795,6,-10.502037,8.683238,3
MGYG000001609,Gut,2771,-3.9406192,7.772902,4,2.4136522,2.0854669,4
MGYG000001610,Gut,1805,-1.6501166,16.790274,2,10.415909,3.8331342,-1
MGYG000001611,Gut,1819,-3.018001,2.5759554,4,10.952058,-2.854539,6
MGYG000001612,Gut,1091,-4.0704317,4.0326376,4,2.332926,2.2444427,4
MGYG000001613,Gut,1155,-1.5193688,13.859544,3,1.7244518,2.1174862,4
MGYG000001614,Gut,1333,2.6357794,5.423488,5,-9.883061,0.575323,1
MGYG000001615,Gut,5640,-4.2486296,4.344835,4,8.976569,1.6291407,7
MGYG000001616,Gut,2508,-3.1817963,2.691183,4,11.491845,-1.620073,6
MGYG000001617,Gut,4459,-4.1306653,4.625459,4,9.348454,1.8847808,7
MGYG000001618,Gut,1557,-1.7153779,16.850632,2,11.638091,1.6054217,7
MGYG000001619,Gut,2599,-4.9015837,4.5157523,4,9.641756,2.229984,7
MGYG000001620,Gut,421,-1.864108,10.541498,4,-1.8282639,-1.0974519,4
MGYG000001621,Gut,1292,7.1120987,5.9814262,1,-5.6343513,-10.284964,2
MGYG000001622,Gut,3246,-4.495508,4.2269726,4,9.499516,2.1094263,7
MGYG000001623,Gut,3440,-1.0673119,17.24198,2,10.324005,3.9456725,-1
MGYG000001624,Gut,3373,4.0838304,-1.0630568,-1,-12.515753,-3.163455,1
MGYG000001625,Gut,1603,-1.3275042,6.839196,4,-10.713508,0.065566264,1
MGYG000001626,Gut,1956,-2.9585865,6.915261,4,2.4159799,2.483106,4
MGYG000001627,Gut,2124,-1.8945515,3.4409134,4,12.16854,-4.2510076,6
MGYG000001628,Gut,1646,14.6144,11.052764,0,7.6824436,17.200544,0
MGYG000001629,Gut,1402,-2.9663095,6.908544,4,2.3399355,2.5183005,4
MGYG000001630,Gut,1766,2.0327241,9.808872,6,-7.971376,8.6073,3
MGYG000001631,Gut,2950,-1.142571,4.2132874,4,3.3140388,8.089054,3
MGYG000001632,Gut,1983,-1.6810238,5.341023,4,12.140559,-2.9051027,6
MGYG000001633,Gut,1951,4.2043295,8.6732235,6,-6.297344,12.426877,3
MGYG000001634,Gut,1716,14.675545,11.513556,0,7.636416,16.659353,0
MGYG000001635,Gut,2622,-1.0723029,14.455235,3,15.975112,6.8157334,5
MGYG000001636,Gut,1239,15.039168,13.898234,0,7.3277655,17.684666,0
MGYG000001637,Gut,2267,-6.198661,5.1096964,4,7.787714,3.534878,7
MGYG000001638,Gut,1372,4.819956,6.008773,5,15.331595,14.552633,0
MGYG000001639,Gut,3727,5.8291435,6.52675,1,-1.7922652,-5.707994,2
MGYG000001640,Gut,2076,3.5400343,8.315886,6,-8.310144,11.043125,3
MGYG000001641,Gut,2054,3.8597114,8.419356,6,-8.184437,11.203655,3
MGYG000001642,Gut,1612,14.6656685,11.428461,0,6.9746227,17.587502,0
MGYG000001643,Gut,2837,3.5748785,8.469772,6,-8.367221,11.158017,3
MGYG000001644,Gut,2054,3.6979983,8.254209,6,-8.057895,11.08824,3
MGYG000001645,Gut,2066,-3.5690496,10.360831,4,7.248632,3.4242175,7
MGYG000001646,Gut,1132,-1.9812461,17.388895,2,2.705744,-11.02084,-1
MGYG000001647,Gut,1024,-2.0696554,17.28359,2,2.8890162,-10.800296,-1
MGYG000001648,Gut,1034,-0.99712807,15.303844,3,9.559601,-14.007081,-1
MGYG000001649,Gut,2130,-3.4168975,8.426005,4,9.1331005,-3.3214998,6
MGYG000001650,Gut,1353,-3.8893235,7.8292575,4,12.645972,-2.0227535,6
MGYG000001651,Gut,1857,-3.7157512,9.66788,4,11.171221,0.7751139,7
MGYG000001652,Gut,1640,-3.8196998,10.113096,4,7.39505,3.462958,7
MGYG000001653,Gut,1582,14.756106,11.974283,0,6.9373503,17.686419,0
MGYG000001654,Gut,2131,-2.5248582,4.454206,4,9.938959,-3.8734505,6
MGYG000001655,Gut,3035,1.1440891,7.3812265,6,-10.588154,8.623123,3
MGYG000001656,Gut,1585,14.873097,12.775028,0,7.018138,17.733278,0
MGYG000001657,Gut,2058,4.268134,8.775124,6,-6.2922926,12.4404955,3
MGYG000001658,Gut,2130,-1.8930771,5.2943263,4,11.053756,-3.8555806,6
MGYG000001659,Gut,2505,1.7051135,8.57714,6,-8.878482,8.386226,3
MGYG000001660,Gut,1825,-3.2863748,10.380793,4,11.012108,-0.852853,6
MGYG000001661,Gut,3031,1.5480359,8.395288,6,-9.835773,9.260338,3
MGYG000001662,Gut,1031,-0.94516414,15.760184,3,9.631186,-14.090751,-1
MGYG000001663,Gut,2361,2.7675874,7.1277614,6,-6.5752816,13.313947,3
MGYG000001664,Gut,2201,3.3518934,8.226355,6,-8.299347,11.203939,3
MGYG000001665,Gut,1757,-2.8541915,6.49993,4,9.494711,-4.6187057,6
MGYG000001666,Gut,2145,3.5311515,8.440171,6,-8.253893,11.07229,3
MGYG000001668,Gut,1343,-2.1877515,8.137428,4,8.006416,-6.1529555,6
MGYG000001669,Gut,943,-2.2239933,13.54671,3,-1.5470397,4.4625483,4
MGYG000001671,Gut,2609,-3.9497864,5.134743,4,9.195213,-3.9346614,6
MGYG000001672,Gut,948,-0.66479665,15.781514,3,9.584921,-14.032229,-1
MGYG000001673,Gut,2052,-3.22949,6.4291544,4,9.726318,-4.407173,6
MGYG000001674,Gut,1022,-2.3189435,7.947524,4,8.128444,-5.888887,6
MGYG000001675,Gut,1913,-1.9685484,5.0612397,4,11.267789,-3.042775,6
MGYG000001676,Gut,861,-0.9401915,15.7100935,3,9.369984,-13.753845,-1
MGYG000001677,Gut,1129,-2.0946345,17.353762,2,2.8383675,-10.85478,-1
MGYG000001678,Gut,1304,-2.512627,9.921243,4,-0.3015884,17.304255,0
MGYG000001679,Gut,1300,14.956488,13.73424,0,6.9554415,17.623049,0
MGYG000001680,Gut,1342,-2.6514132,8.136634,4,8.081379,-6.067995,6
MGYG000001681,Gut,2047,-3.4384334,8.501391,4,8.842699,-3.0456967,6
MGYG000001682,Gut,2046,3.0337415,9.032821,6,-8.085632,11.037463,3
MGYG000001683,Gut,2280,-3.9787755,5.0909033,4,7.9744444,2.209059,7
MGYG000001684,Gut,1807,-3.0961704,6.216397,4,15.854323,6.91274,5
MGYG000001685,Gut,1807,-2.8530195,9.732651,4,9.490009,-3.2817636,6
MGYG000001686,Gut,1127,4.8623314,5.9646864,5,14.962594,14.434456,0
MGYG000001687,Gut,2139,-6.5105376,4.8666635,4,7.859642,1.6827979,7
MGYG000001688,Gut,4822,-4.0913033,4.25489,4,9.296195,1.8665919,7
MGYG000001689,Gut,5263,-4.7343326,4.23384,4,8.885059,1.5327642,7
MGYG000001690,Gut,3648,-4.8246098,5.2618546,4,8.731815,1.4294071,7
MGYG000001691,Gut,3901,3.1949267,2.9902833,-1,-12.303623,-2.762829,1
MGYG000001692,Gut,4230,3.2052336,2.9977431,-1,-12.276166,-2.7229118,1
MGYG000001693,Gut,3087,5.897754,6.512554,1,-2.0792809,-5.8419294,2
MGYG000001694,Gut,2602,-2.9014819,13.542332,3,12.042805,8.094348,5
MGYG000001695,Gut,2288,0.07707597,7.2311425,4,2.2565145,1.6789318,4
MGYG000001696,Gut,4025,-2.7828028,13.7133255,3,12.011649,8.095309,5
MGYG000001697,Gut,2632,-1.1210643,14.782577,3,15.957753,6.8319793,5
MGYG000001698,Gut,3913,-4.453266,5.219581,4,8.588332,1.9212416,7
MGYG000001699,Gut,3778,-0.8465422,17.37981,2,10.326517,3.9171886,-1
MGYG000001700,Gut,4189,5.856259,-1.9697781,-1,-12.991442,-2.6572075,1
MGYG000001701,Gut,2052,7.13897,6.150932,1,-6.9522524,-10.106271,2
MGYG000001702,Gut,3583,-2.5024922,13.883034,3,-1.4035603,-5.46992,2
MGYG000001703,Gut,4269,4.7673445,-0.9685894,-1,-12.301645,-2.7171202,1
MGYG000001704,Gut,2812,-6.0182104,4.596355,4,8.255897,2.027913,7
MGYG000001705,Gut,4539,5.734853,-1.8428099,-1,-13.045571,-2.7051156,1
MGYG000001706,Gut,1866,-0.19853704,11.528324,4,-6.2201366,-0.55945516,1
MGYG000001707,Gut,2516,-6.2263236,4.8866224,4,7.304939,3.675129,7
MGYG000001708,Gut,3530,4.117453,-1.0456078,-1,-12.497855,-3.1622844,1
MGYG000001709,Gut,1863,5.142841,6.3821898,5,10.488624,15.762895,0
MGYG000001710,Gut,3417,-4.6558256,5.2335124,4,8.598945,1.4242343,7
MGYG000001711,Gut,2194,-1.6197549,13.959462,3,15.731814,7.023286,5
MGYG000001712,Gut,5199,-2.0721781,14.154819,3,-1.2621813,-5.6228194,2
MGYG000001713,Gut,4364,3.0426354,4.9830074,5,-12.313691,-2.7171335,1
MGYG000001714,Gut,3014,-6.0063868,4.696878,4,8.157305,1.8866327,7
MGYG000001715,Gut,1538,14.898878,13.155001,0,6.96038,17.715395,0
MGYG000001717,Gut,1657,14.481871,10.577732,0,7.17609,17.07623,0
MGYG000001718,Gut,1624,14.619733,10.84711,0,6.822375,17.47794,0
MGYG000001720,Gut,2490,3.2139587,9.709304,6,-8.4429,7.743962,3
MGYG000001723,Gut,2110,-4.6783657,7.755999,4,12.488468,-1.7141944,6
MGYG000001724,Gut,1097,15.038201,13.971562,0,6.932501,17.901932,0
MGYG000001725,Gut,2333,-2.716936,5.414068,4,9.937434,-3.5458798,6
MGYG000001726,Gut,1560,14.925019,12.968982,0,6.8939004,17.759445,0
MGYG000001727,Gut,1964,-3.9234803,9.402068,4,11.134403,0.7924572,7
MGYG000001728,Gut,1747,-4.378185,4.9106884,4,10.314207,-3.8957422,6
MGYG000001729,Gut,1991,-3.6264117,9.275768,4,11.160513,0.7926697,7
MGYG000001731,Gut,1597,14.841404,12.449234,0,6.9218645,17.872993,0
MGYG000001732,Gut,2378,-3.3959332,4.8543425,4,9.092068,-3.7459779,6
MGYG000001733,Gut,1527,-2.8957179,3.099986,4,11.91454,-2.3987424,6
MGYG000001735,Gut,3793,1.2607144,7.953241,6,-10.393251,9.255707,3
MGYG000001736,Gut,1650,14.309977,9.921153,0,6.8728795,17.260271,0
MGYG000001737,Gut,1585,-2.7110605,9.388872,4,10.44852,-5.9464903,-1
MGYG000001738,Gut,2309,3.4679575,8.813308,6,-8.318166,11.104481,3
MGYG000001739,Gut,1107,-1.8723531,17.719078,2,2.7046223,-11.038377,-1
MGYG000001740,Gut,1449,4.9462442,5.8124323,5,15.086173,14.275949,0
MGYG000001741,Gut,1647,14.386304,10.458915,0,7.158123,17.183336,0
MGYG000001742,Gut,2479,-3.0343854,2.8961298,4,11.508504,-1.6883626,6
MGYG000001743,Gut,889,-0.50302833,15.733407,3,9.324533,-13.736183,-1
MGYG000001744,Gut,1673,14.632195,10.750537,0,6.9917912,16.91696,0
MGYG000001745,Gut,2316,-3.9672897,9.866054,4,7.2456365,3.673115,7
MGYG000001746,Gut,1144,-2.0244942,17.195068,2,2.7720807,-10.944588,-1
MGYG000001747,Gut,1668,-3.6282477,8.074762,4,10.061754,-4.3504825,6
MGYG000001748,Gut,3233,-4.628894,4.2078786,4,8.630088,1.6295974,7
MGYG000001749,Gut,2602,-1.7800293,5.2367396,4,10.22796,-3.698503,6
MGYG000001750,Gut,2254,0.9315828,8.577581,6,-9.635455,8.820026,3
MGYG000001752,Gut,916,-0.45998606,16.08745,3,9.279633,-13.685632,-1
MGYG000001753,Gut,1725,14.496944,9.982361,0,7.2564583,16.601343,0
MGYG000001754,Gut,1494,-2.8024364,3.2657845,4,12.169638,-3.107746,6
MGYG000001756,Gut,2151,-3.3255272,8.754574,4,8.856881,-3.044134,6
MGYG000001757,Gut,1998,-3.438348,8.46907,4,8.835725,-3.0397463,6
MGYG000001758,Gut,1808,-5.5722475,4.3719788,4,8.298994,2.224036,7
MGYG000001759,Gut,1649,14.711399,10.558108,0,7.1228147,17.240337,0
MGYG000001760,Gut,2224,-1.5755372,5.3997836,4,10.33116,-3.7947087,6
MGYG000001761,Gut,2119,-2.072149,3.302356,4,12.15903,-4.239382,6
MGYG000001762,Gut,1602,-1.2906448,7.2807307,4,1.9896145,1.6819546,4
MGYG000001763,Gut,1998,3.1786525,9.350826,6,-8.230261,7.91925,3
MGYG000001764,Gut,1538,-3.191569,7.9885926,4,9.7010765,-4.872275,6
MGYG000001765,Gut,1626,-2.4209266,5.478397,4,9.742662,-4.8350573,6
MGYG000001766,Gut,1401,-3.1004612,8.226987,4,9.223736,-4.8091397,6
MGYG000001767,Gut,1397,4.205442,8.668478,6,-6.382183,12.483678,3
MGYG000001768,Gut,867,-2.6003666,6.383914,4,-0.1374775,17.07012,0
MGYG000001769,Gut,1794,-3.201194,8.571255,4,10.517733,-5.7895336,-1
MGYG000001770,Gut,2227,3.200236,9.94529,6,-8.474523,7.839689,3
MGYG000001771,Gut,1112,1.9887657,8.480787,6,-7.959376,8.60536,3
MGYG000001772,Gut,1746,4.344207,8.673672,6,-6.523489,12.555706,3
MGYG000001773,Gut,1051,-1.4909211,8.606184,4,8.225844,-5.512127,6
MGYG000001774,Gut,2024,4.3217316,8.650422,6,-6.513105,12.545252,3
MGYG000001775,Gut,1865,3.229759,8.578076,6,-7.9565177,11.028216,3
MGYG000001776,Gut,1165,-0.3909297,16.08836,3,9.668553,-14.135324,-1
MGYG000001777,Gut,2143,-6.3282557,5.0341387,4,7.544594,3.6947815,7
MGYG000001778,Gut,1328,-2.7769291,7.1249204,4,2.3587155,2.506357,4
MGYG000001779,Gut,2019,-3.8174198,5.709116,4,9.684474,-4.3518367,6
MGYG000001780,Gut,4606,1.2376599,8.669925,6,-10.168348,9.707446,3
MGYG000001781,Gut,2204,-2.8738148,2.9300926,4,10.281482,-3.7828593,6
MGYG000001782,Gut,1346,-2.1129692,10.39047,4,-0.3001273,17.30333,0
MGYG000001783,Gut,2364,0.8958923,8.644931,6,-9.673467,8.857245,3
MGYG000001784,Gut,2544,-1.214102,4.175065,4,3.2972865,8.103302,3
MGYG000001785,Gut,1170,-1.0635846,14.889089,3,-1.8074447,4.716315,4
MGYG000001786,Gut,761,-2.15745,17.598537,2,3.0917192,-9.195134,-1
MGYG000001787,Gut,2574,0.9019241,8.576127,6,-9.688927,8.861938,3
MGYG000001788,Gut,1546,14.616403,10.688199,0,7.1567984,17.559889,0
MGYG000001789,Gut,2685,1.4948533,8.612921,6,-9.686869,8.876064,3
MGYG000001790,Gut,1550,-2.9543948,6.9825463,4,2.3823066,2.4812472,4
MGYG000001791,Gut,1222,-1.5951451,5.7153487,4,-0.6760086,10.391224,3
MGYG000001792,Gut,2219,-0.7716495,5.8849063,4,-0.3241879,10.732167,3
MGYG000001793,Gut,2258,-5.713948,4.590314,4,7.4225254,3.690758,7
MGYG000001794,Gut,406,-1.5950181,11.068485,4,3.1236677,-9.13659,-1
MGYG000001795,Gut,1978,3.3336248,8.851009,6,-8.029894,10.981771,3
MGYG000001797,Gut,3072,-5.294036,4.3581085,4,7.492275,3.6540673,7
MGYG000001798,Gut,2012,-3.3298805,8.606332,4,8.859304,-3.0456274,6
MGYG000001799,Gut,1037,-3.2864954,8.359677,4,10.458421,-5.995552,-1
MGYG000001800,Gut,1167,-1.051859,14.738029,3,-1.7082281,4.6172605,4
MGYG000001801,Gut,1003,-2.372864,9.125055,4,3.1526976,-9.663443,-1
MGYG000001802,Gut,1714,0.09490346,7.1914043,4,2.217489,1.6695672,4
MGYG000001803,Gut,1656,4.162063,8.647504,6,-6.3562684,12.457121,3
MGYG000001804,Gut,1724,4.3148084,8.720204,6,-6.5376425,12.546308,3
MGYG000001805,Gut,1331,3.120672,9.008728,6,-8.244488,8.131136,3
MGYG000001806,Gut,2095,3.388495,8.888338,6,-8.400632,7.9948907,3
MGYG000001807,Gut,1683,1.7851019,8.535045,6,-9.665907,8.853693,3
MGYG000001808,Gut,1079,-2.81723,2.988267,4,9.251407,-3.963833,6
MGYG000001809,Gut,3303,-4.477892,4.834548,4,8.639348,2.1899478,7
MGYG000001810,Gut,2470,-4.794584,5.4064374,4,7.9259124,1.7864572,7
MGYG000001811,Gut,1803,-5.851397,4.6353946,4,7.6953373,3.6315546,7
MGYG000001812,Gut,1963,-0.7670265,5.8739896,4,-0.40964556,10.649215,3
MGYG000001813,Gut,1005,15.015518,13.9794655,0,6.9502993,17.883036,0
MGYG000001814,Gut,3317,-6.12982,4.451846,4,8.2047415,3.3601947,7
MGYG000001815,Gut,1449,4.490276,5.4894195,5,15.07771,14.291721,0
MGYG000001816,Gut,1569,5.046971,6.3510275,5,15.1679,14.395815,0
MGYG000001817,Gut,1961,-2.991206,8.623068,4,8.95382,-4.1471844,6
MGYG000001818,Gut,1266,-3.012054,8.375323,4,9.440919,-4.7957087,6
MGYG000001819,Gut,1928,-3.5249307,9.536012,4,11.16244,0.76349944,7
MGYG000001820,Gut,2246,-5.4626474,5.0437794,4,11.263282,-0.99304736,6
MGYG000001821,Gut,1869,-1.7662015,5.82906,4,9.560618,-4.621949,6
MGYG000001822,Gut,2020,-3.2106464,4.6471696,4,10.271646,-3.5462952,6
MGYG000001823,Gut,2219,-1.6497352,4.9469805,4,10.8967495,-3.9019482,6
MGYG000001824,Gut,1579,-2.4179013,3.6422923,4,11.941524,-2.3989286,6
MGYG000001825,Gut,1013,-2.0431108,17.524818,2,2.7625263,-10.961996,-1
MGYG000001826,Gut,1849,0.98937577,8.739002,6,15.720887,7.008924,5
MGYG000001827,Gut,1332,-3.3769598,8.452386,4,8.102485,-5.7578883,6
MGYG000001828,Gut,777,-0.48984888,7.2089005,4,-1.5550529,4.466909,4
MGYG000001831,Gut,3102,-3.6517036,9.99024,4,7.6515026,3.4852948,7
MGYG000001832,Gut,2329,-1.1753589,4.256757,4,3.3161366,8.087006,3
MGYG000001833,Gut,1754,-3.3398035,10.132629,4,11.03561,-0.88062716,6
MGYG000001834,Gut,641,-1.6274583,10.456573,4,3.0936422,-9.191491,-1
MGYG000001835,Gut,2583,1.0760316,8.513731,6,-9.687216,8.861108,3
MGYG000001836,Gut,1043,-1.4685646,8.67223,4,8.185858,-5.5143747,6
MGYG000001837,Gut,1417,-2.5953236,8.376662,4,9.278946,-4.72207,6
MGYG000001838,Gut,1519,-2.5929346,9.887916,4,-0.29290774,17.295958,0
MGYG000001839,Gut,1775,3.2280192,8.575691,6,-7.9278064,11.064806,3
MGYG000001840,Gut,973,-1.2430671,14.539643,3,9.555295,-14.020613,-1
MGYG000001841,Gut,1591,-1.5943933,5.3382835,4,12.089884,-2.9045105,6
MGYG000001842,Gut,1663,14.388884,10.296541,0,7.1935225,17.134325,0
MGYG000001843,Gut,1006,-2.1696765,8.133409,4,8.281209,-5.7122006,6
MGYG000001844,Gut,843,-2.619349,6.464715,4,8.1265745,-6.1204376,6
MGYG000001845,Gut,474,-1.6314532,10.484343,4,3.1356637,-9.141841,-1
MGYG000001846,Gut,1361,-1.4071723,8.737399,4,7.9824667,-6.129211,6
MGYG000001848,Gut,2003,-5.7278004,4.5783525,4,7.442774,3.7000399,7
MGYG000001850,Gut,1823,-2.7815702,6.6975446,4,9.396936,-4.523564,6
MGYG000001851,Gut,1200,-3.6494393,7.7763267,4,8.194814,-5.8658633,6
MGYG000001852,Gut,1077,-2.6918843,8.010967,4,8.231265,-5.766029,6
MGYG000001853,Gut,801,-1.5049793,10.417343,4,3.089459,-9.166533,-1
MGYG000001854,Gut,1079,-2.7048519,7.9255667,4,8.249866,-5.7597013,6
MGYG000001855,Gut,2081,-5.8432007,4.777335,4,7.3704977,3.7541904,7
MGYG000001856,Gut,1412,2.0192313,6.464623,6,-2.5519128,-5.9944615,2
MGYG000001857,Gut,1423,-1.1020414,11.335202,4,-10.57411,0.7274439,1
MGYG000001858,Gut,1732,-2.911645,7.085955,4,2.3636332,2.4674857,4
MGYG000001859,Gut,1783,-2.9243689,7.0498605,4,2.3839262,2.4813278,4
MGYG000001860,Gut,1655,-3.0629447,8.381769,4,9.372787,-4.5638447,6
MGYG000001861,Gut,972,-1.9224842,17.694418,2,2.8914514,-10.771647,-1
MGYG000001862,Gut,1980,-5.460432,5.069211,4,11.214619,-0.9488742,6
MGYG000001863,Gut,986,-2.0495942,8.563327,4,8.279627,-5.7146864,6
MGYG000001864,Gut,987,-2.0699637,8.354891,4,8.285761,-5.7088294,6
MGYG000001865,Gut,1541,-3.1921577,8.670584,4,9.419421,-4.453393,6
MGYG000001866,Gut,1998,3.1540244,9.64668,6,-8.153896,7.8768883,3
MGYG000001867,Gut,1817,3.3221662,8.466936,6,-8.037158,11.086842,3
MGYG000001868,Gut,1389,3.9228415,8.620017,6,-7.67713,11.162404,3
MGYG000001869,Gut,1474,-3.4695654,7.1236434,4,9.650765,-4.875583,6
MGYG000001870,Gut,1746,-2.7498982,7.185692,4,2.3198931,2.5360794,4
MGYG000001871,Gut,2004,2.7322311,9.14442,6,-8.09803,10.8462515,3
MGYG000001873,Gut,2245,-4.3829727,5.4506855,4,8.409067,2.1719453,7
MGYG000001874,Gut,1374,-2.4197311,9.648953,4,-0.2850184,17.288767,0
MGYG000001875,Gut,1299,-2.1057074,9.860941,4,-0.35596874,17.356985,0
MGYG000001876,Gut,2430,-4.7898955,4.1524534,4,8.342879,2.8932214,7
MGYG000001878,Gut,2614,1.1247936,8.320156,6,-10.015694,8.938019,3
MGYG000001879,Gut,1145,-2.985802,7.985831,4,9.41955,-4.839264,6
MGYG000001880,Gut,1464,-2.995313,8.607711,4,9.547668,-4.7978168,6
MGYG000001881,Gut,1807,-1.3562472,3.8839703,4,-0.8107137,10.260091,3
MGYG000001883,Gut,1053,-2.0646315,17.237417,2,2.8373063,-10.855933,-1
MGYG000001884,Gut,2233,-0.8179759,5.9101086,4,-0.31200564,10.743958,3
MGYG000001885,Gut,1483,3.5770354,8.3451,6,-7.7780457,11.132047,3
MGYG000001886,Gut,2177,2.5209436,8.230055,6,-9.142793,8.564401,3
MGYG000001887,Gut,2115,-3.2977946,8.665722,4,8.672116,-2.8701484,6
MGYG000001888,Gut,824,-2.30134,6.7489023,4,8.111597,-6.0651126,6
MGYG000001889,Gut,1504,-2.9967837,7.349907,4,9.654124,-4.663797,6
MGYG000001890,Gut,1738,-2.7138355,8.922072,4,-10.612328,0.71944207,1
MGYG000001891,Gut,1792,-3.2965317,9.297613,4,11.186864,-2.7006738,6
MGYG000001892,Gut,1268,2.6226997,5.5051336,5,-9.897946,0.59791374,1
MGYG000001893,Gut,1867,-3.7805867,9.391136,4,11.184091,0.7917172,7
MGYG000001894,Gut,1313,-1.5113326,7.371685,4,-2.2181196,0.54205126,4
MGYG000001895,Gut,1345,-2.0457087,10.521659,4,-0.34628156,17.351778,0
MGYG000001896,Gut,1718,-2.6620986,8.423329,4,8.94284,-4.1481943,6
MGYG000001897,Gut,1004,-0.37240347,16.280464,3,9.327403,-13.741883,-1
MGYG000001898,Gut,2412,1.9992967,8.042247,6,-10.033223,8.94039,3
MGYG000001899,Gut,1360,-1.9415015,10.651139,4,-0.33287153,17.335989,0
MGYG000001900,Gut,1616,2.6245766,5.452872,5,-9.890168,0.5900831,1
MGYG000001901,Gut,1074,-1.9347452,10.419231,4,3.153671,-9.753439,-1
MGYG000001902,Gut,1426,-3.3660884,8.305569,4,8.982226,-4.35237,6
MGYG000001903,Gut,1727,-2.7205505,8.311185,4,8.9161215,-4.138679,6
MGYG000001904,Gut,757,-2.5099523,8.55282,4,8.265419,-5.4834914,6
MGYG000001905,Gut,1299,-2.4226313,5.392435,4,9.392165,-5.0587807,6
MGYG000001906,Gut,1546,-2.5993276,9.866955,4,-0.30364978,17.306854,0
MGYG000001907,Gut,569,-1.707741,10.6736965,4,3.1060197,-9.164366,-1
MGYG000001908,Gut,2029,-3.3456492,8.670987,4,8.926104,-3.0965126,6
MGYG000001909,Gut,1480,-2.8218727,5.71552,4,9.477125,-4.7177105,6
MGYG000001910,Gut,2364,3.4295878,8.588454,6,-8.385951,11.1028,3
MGYG000001911,Gut,2072,3.0797057,9.834471,6,3.309541,8.094948,3
MGYG000001912,Gut,1614,-2.9034524,4.732758,4,10.462681,-5.8170595,-1
MGYG000001913,Gut,1644,-2.835296,8.066145,4,9.707248,-4.8844643,6
MGYG000001914,Gut,1182,-2.1853561,6.17666,4,8.023149,-6.1755314,6
MGYG000001915,Gut,897,15.041394,13.996351,0,6.9893475,17.517845,0
MGYG000001916,Gut,1320,15.006247,13.88048,0,6.9751515,17.565536,0
MGYG000001917,Gut,902,-0.9605921,15.398655,3,9.373731,-13.735961,-1
MGYG000001918,Gut,1815,3.6007261,4.91546,5,-7.9773307,8.6363125,3
MGYG000001919,Gut,1766,-3.7826374,7.90927,4,12.66504,-2.0021698,6
MGYG000001920,Gut,2377,1.5263788,8.583729,6,-9.639671,8.81789,3
MGYG000001921,Gut,1933,-1.3631545,3.8495805,4,-0.8178096,10.252745,3
MGYG000001922,Gut,937,-1.8799033,17.431791,2,2.8723197,-10.773746,-1
MGYG000001923,Gut,1975,2.5385528,5.925458,5,-9.499789,0.15003803,1
MGYG000001924,Gut,1297,-2.5751536,9.935698,4,-0.33094886,17.334707,0
MGYG000001925,Gut,2668,1.5111921,8.570523,6,-9.60863,8.811968,3
MGYG000001926,Gut,921,-0.79118395,15.378213,3,9.360734,-13.792908,-1
MGYG000001927,Gut,2061,3.1033654,9.148055,6,-8.341429,7.9805403,3
MGYG000001928,Gut,1194,-1.083305,14.941712,3,-1.7733225,4.6821384,4
MGYG000001929,Gut,1973,3.6245315,8.427704,6,-8.041342,11.016329,3
MGYG000001930,Gut,1110,-1.46626,8.734228,4,8.189855,-5.56143,6
MGYG000001931,Gut,2434,1.6469891,8.556874,6,-8.235788,10.896654,3
MGYG000001932,Gut,1541,-2.6145694,5.298528,4,10.008708,-4.51915,6
MGYG000001933,Gut,2054,3.1066804,9.396155,6,-8.28117,7.9243565,3
MGYG000001934,Gut,1644,-3.4776568,8.058839,4,9.654044,-4.8340673,6
MGYG000001935,Gut,1601,14.87242,12.859535,0,6.859813,17.805353,0
MGYG000001936,Gut,1680,-2.2909791,3.414445,4,9.387998,-4.5357103,6
MGYG000001937,Gut,1733,3.5053139,8.338932,6,-7.818659,11.1016035,3
MGYG000001938,Gut,1743,3.176356,8.683815,6,-7.7574754,11.072686,3
MGYG000001939,Gut,1544,-2.1908767,8.163132,4,7.984308,-6.2123227,6
MGYG000001940,Gut,1967,-3.1288648,9.626905,4,8.851503,-3.0778725,6
MGYG000001941,Gut,635,-1.6123394,10.453012,4,3.1344056,-9.152599,-1
MGYG000001942,Gut,1311,-2.038801,17.69449,2,2.6480477,-11.12744,-1
MGYG000001944,Gut,1778,-1.7186093,5.9499073,4,2.3162386,1.5034817,4
MGYG000001945,Gut,613,-1.6687092,10.219476,4,3.1066175,-9.187332,-1
MGYG000001946,Gut,774,-0.29166996,16.232552,3,9.288308,-13.677643,-1
MGYG000001947,Gut,1850,-3.9332886,7.7491384,4,12.6779175,-1.8768116,6
MGYG000001948,Gut,2193,3.1579025,8.664394,6,-8.347974,11.114137,3
MGYG000001949,Gut,1745,-3.0884755,2.8171542,4,11.664227,-1.8607727,6
MGYG000001950,Gut,1311,-2.4207861,9.438187,4,-0.37193206,17.381243,0
MGYG000001951,Gut,2074,3.3763762,8.457326,6,-8.197097,11.096205,3
MGYG000001952,Gut,2548,-4.0791135,4.3729978,4,9.6429615,2.2162712,7
MGYG000001953,Gut,2076,-4.441554,5.353847,4,11.171239,0.79487973,7
MGYG000001954,Gut,2906,-4.156687,4.313081,4,9.593078,2.1482515,7
MGYG000001955,Gut,2357,-3.850313,5.1694913,4,7.9500976,2.194526,7
MGYG000001956,Gut,1451,-2.8233275,8.773575,4,10.415124,-5.955498,-1
MGYG000001957,Gut,1371,-2.9352472,15.614932,2,-1.7390407,4.6481643,4
MGYG000001958,Gut,1468,-3.20499,2.641897,4,11.539471,-1.7737042,6
MGYG000001959,Gut,890,-0.32302856,16.18796,3,9.397828,-13.782158,-1
MGYG000001960,Gut,1417,-2.422199,9.8203745,4,-0.29437417,17.297121,0
MGYG000001961,Gut,2042,-3.836426,5.1473503,4,7.9378805,2.2353966,7
MGYG000001962,Gut,1059,-1.0671043,15.130714,3,9.690654,-14.152469,-1
MGYG000001963,Gut,2476,2.1530685,8.956899,6,-9.739158,8.8334,3
MGYG000001964,Gut,2613,-5.5811453,4.5674763,4,8.253555,3.34819,7
MGYG000001965,Gut,2394,-4.7506304,4.9589753,4,8.174852,3.4085116,7
MGYG000001966,Gut,655,-1.6946235,10.705363,4,3.088869,-9.166485,-1
MGYG000001967,Gut,1338,-1.9734904,17.656677,2,2.6432347,-11.117955,-1
MGYG000001968,Gut,435,-1.0517612,14.80875,3,9.493154,-13.917473,-1
MGYG000001969,Gut,1482,-2.0316687,5.644371,4,12.030847,-2.959129,6
MGYG000001970,Gut,2968,-4.369994,4.416876,4,7.980278,3.5129974,7
MGYG000001971,Gut,3085,-4.5367155,4.2309046,4,9.491178,2.0641391,7
MGYG000001972,Gut,2488,3.2725646,9.663525,6,-8.396607,7.704893,3
MGYG000001973,Gut,1190,-2.1768374,8.109542,4,8.199938,-5.581059,6
MGYG000001974,Gut,1019,-1.6013765,7.748002,4,-2.1401892,0.44121423,4
MGYG000001975,Gut,2178,3.1048086,9.427951,6,-8.30463,7.8715143,3
MGYG000001976,Gut,1427,4.2590938,6.333446,5,-9.559308,0.19323874,1
MGYG000001977,Gut,3305,1.4846854,8.673946,6,-9.960988,9.411724,3
MGYG000001978,Gut,1028,-2.1614027,8.296462,4,8.128851,-5.6261945,6
MGYG000001979,Gut,1318,-2.9358587,2.6581826,4,10.312973,-3.7854295,6
MGYG000001980,Gut,1456,-2.7250998,7.158058,4,2.3501272,2.5074162,4
MGYG000001981,Gut,1643,2.9378042,8.231071,6,-7.9524508,8.628203,3
MGYG000001982,Gut,1719,14.352687,10.283638,0,7.254393,16.538233,0
MGYG000001983,Gut,2297,-2.9751883,2.982608,4,11.573888,-1.6626533,6
MGYG000001984,Gut,1541,-2.6221137,8.257758,4,9.306203,-4.7108617,6
MGYG000001985,Gut,1239,-1.4936184,7.366544,4,-2.1715295,0.4961476,4
MGYG000001986,Gut,1659,14.694453,10.444483,0,6.8752947,17.162895,0
MGYG000001987,Gut,2172,-3.366025,8.423627,4,8.665787,-2.8627813,6
MGYG000001988,Gut,3410,-4.4794817,5.396616,4,8.533248,2.0430405,7
MGYG000001989,Gut,1162,-2.0665305,17.614447,2,2.655155,-11.091578,-1
MGYG000001991,Gut,1152,-2.0761697,17.085812,2,2.7293575,-10.994651,-1
MGYG000001992,Gut,1642,14.81138,12.466378,0,6.8687315,17.344622,0
MGYG000001993,Gut,1721,14.587774,10.548711,0,7.3104315,16.463589,0
MGYG000001994,Gut,2381,-6.541703,4.893873,4,7.909493,1.7104167,7
MGYG000001995,Gut,3495,1.2886684,8.176657,6,-10.333928,9.180201,3
MGYG000001996,Gut,1712,14.5830765,10.839583,0,7.149215,16.641157,0
MGYG000001998,Gut,1942,-3.7188892,9.956516,4,7.645676,3.9225225,7
MGYG000002000,Gut,781,-2.3633165,8.372411,4,8.227314,-5.462751,6
MGYG000002001,Gut,1864,-3.8023386,7.9016647,4,10.551763,-5.7216263,-1
MGYG000002002,Gut,917,-0.3970009,15.95169,3,9.289907,-13.713396,-1
MGYG000002004,Gut,1263,-3.4127257,7.839239,4,9.570586,-4.8853536,6
MGYG000002005,Gut,1253,-2.02947,4.102794,4,11.299164,-2.6814668,6
MGYG000002006,Gut,2644,-3.01968,2.8093548,4,11.414553,-1.6320193,6
MGYG000002007,Gut,2046,2.886806,7.0380116,6,-6.6069756,13.269158,3
MGYG000002008,Gut,1747,-2.7932363,7.807109,4,8.661319,-2.8600001,6
MGYG000002009,Gut,1085,-1.9102871,6.1241493,4,8.290427,-5.494295,6
MGYG000002010,Gut,998,-3.4786944,5.829985,4,11.299777,0.9413303,7
MGYG000002011,Gut,1750,-1.8063114,4.5770273,4,10.925848,-3.8786626,6
MGYG000002013,Gut,1708,14.495984,9.738818,0,7.193554,16.703415,0
MGYG000002014,Gut,1885,-2.3776515,5.3642373,4,15.779888,6.978477,5
MGYG000002015,Gut,1044,2.9622245,3.682738,-1,-6.411993,10.873627,3
MGYG000002016,Gut,2109,-3.0228248,3.140494,4,11.311335,-3.0997028,6
MGYG000002017,Gut,987,-2.1328652,3.3970096,4,12.080358,-4.181228,6
MGYG000002018,Gut,1848,-4.1394024,5.0503216,4,7.818329,2.0734057,7
MGYG000002019,Gut,1782,-2.9086885,7.649229,4,10.44841,-5.9323587,-1
MGYG000002020,Gut,1783,14.040139,9.721992,0,7.5212708,16.420813,0
MGYG000002021,Gut,1279,-1.4960135,7.269086,4,-2.19045,0.49800855,4
MGYG000002022,Gut,1917,-1.8566252,6.0415354,4,2.199457,1.4087973,4
MGYG000002023,Gut,1668,4.9812956,6.2039013,5,15.24489,14.436389,0
MGYG000002024,Gut,1263,-1.1918478,15.132125,3,9.72939,-14.195922,-1
MGYG000002025,Gut,2405,-4.7936983,4.257577,4,8.316128,2.2168307,7
MGYG000002026,Gut,1720,-2.820851,3.1538093,4,12.245694,-1.976907,6
MGYG000002027,Gut,1245,-1.9999905,8.633166,4,8.207458,-5.5636187,6
MGYG000002028,Gut,1712,14.553819,10.228069,0,7.49006,16.687708,0
MGYG000002029,Gut,1975,-4.2570276,4.5469084,4,8.115035,2.2026634,7
MGYG000002030,Gut,1306,-2.38212,7.2244706,4,-1.6735332,4.583246,4
MGYG000002031,Gut,1783,-2.0509133,5.633542,4,9.35657,-4.520673,6
MGYG000002032,Gut,1745,14.298348,9.763661,0,7.326475,16.279959,0
MGYG000002033,Gut,3096,1.4408921,7.9120564,6,-10.301868,9.163083,3
MGYG000002034,Gut,1713,-1.5827981,5.288094,4,12.081744,-2.8792722,6
MGYG000002035,Gut,1863,-3.2336488,2.6081173,4,11.569718,-1.8081704,6
MGYG000002036,Gut,1268,-1.5739173,5.4186606,4,12.573136,-2.084162,6
MGYG000002037,Gut,1696,-1.9642698,3.2794511,4,12.235912,-4.2792306,6
MGYG000002038,Gut,1952,-1.8712564,5.160384,4,9.60332,-4.27168,6
MGYG000002039,Gut,1388,-2.7830443,2.9209995,4,10.971692,-2.9211242,6
MGYG000002040,Gut,1927,-2.2471232,3.5145469,4,12.482093,-4.4484434,6
MGYG000002041,Gut,1640,14.566342,10.75376,0,7.7304277,17.237917,0
MGYG000002042,Gut,1719,-2.7815137,3.2063596,4,11.844676,-3.2686005,6
MGYG000002043,Gut,1425,14.88065,12.681728,0,7.432392,17.6736,0
MGYG000002044,Gut,1158,-2.9795356,12.819311,3,11.329143,8.713161,5
MGYG000002045,Gut,1541,-1.7313757,5.2422996,4,12.045329,-2.929967,6
MGYG000002046,Gut,908,-4.474492,5.339377,4,7.9908013,3.3981571,7
MGYG000002047,Gut,1647,-1.8936462,5.5971227,4,9.635814,-4.7495527,6
MGYG000002048,Gut,1484,14.850893,12.602177,0,7.396766,17.668999,0
MGYG000002049,Gut,1432,3.7107165,8.38183,6,-7.622777,11.150274,3
MGYG000002050,Gut,1714,14.444418,10.250283,0,7.4005227,16.805601,0
MGYG000002051,Gut,2346,3.1891031,9.7330675,6,-8.432472,7.6917763,3
MGYG000002052,Gut,1110,-1.6979486,5.6988983,4,10.34115,2.118842,7
MGYG000002053,Gut,1050,-3.4371593,4.6770124,4,1.7306589,2.253657,4
MGYG000002054,Gut,1680,14.653529,10.100635,0,7.7878733,17.111752,0
MGYG000002055,Gut,1607,14.582883,11.22481,0,7.348244,17.458479,0
MGYG000002056,Gut,2176,-3.7797275,7.51821,4,8.672019,-2.8636281,6
MGYG000002057,Gut,1786,-2.8446434,3.0906465,4,11.77983,-2.048448,6
MGYG000002058,Gut,1651,14.656057,11.546163,0,7.7229176,17.138584,0
MGYG000002059,Gut,1687,-1.8849646,3.3575404,4,12.210261,-4.264291,6
MGYG000002060,Gut,1746,-1.554736,5.3369727,4,12.124159,-3.0047536,6
MGYG000002061,Gut,1743,-1.7663372,5.7812037,4,9.78065,-4.7901216,6
MGYG000002062,Gut,1601,2.4048076,6.004305,5,-9.675147,0.292711,1
MGYG000002063,Gut,1489,3.3384192,8.926296,6,-8.222026,8.100767,3
MGYG000002064,Gut,1678,3.4969132,8.38572,6,-7.8257613,11.105763,3
MGYG000002065,Gut,1452,14.860943,12.629054,0,7.4898806,17.60447,0
MGYG000002067,Gut,2270,-3.1735594,4.825575,4,11.882385,-1.660352,6
MGYG000002068,Gut,2127,-3.0926156,2.6145682,4,11.72409,-1.7156498,6
MGYG000002069,Gut,1668,14.724716,11.898056,0,6.8797383,17.054218,0
MGYG000002071,Gut,1981,-2.9970207,3.21498,4,11.876569,-1.6792976,6
MGYG000002072,Gut,2256,-1.7088588,5.0804315,4,11.033471,-3.8748143,6
MGYG000002073,Gut,1451,-2.3990235,4.409026,4,11.996211,-2.799523,6
MGYG000002074,Gut,1688,4.9494514,6.440639,5,15.182882,14.35108,0
MGYG000002075,Gut,1870,-4.762479,5.507835,4,8.134296,2.1934087,7
MGYG000002076,Gut,1695,14.667608,10.840469,0,7.068557,16.687052,0
MGYG000002077,Gut,1324,-2.069128,10.513882,4,-0.3092749,17.312248,0
MGYG000002078,Gut,1526,14.903796,12.703968,0,7.066434,17.78407,0
MGYG000002079,Gut,1694,-1.1853639,4.116344,4,2.3527522,2.4271116,4
MGYG000002080,Gut,2384,3.2423327,10.135803,6,-8.584403,7.691945,3
MGYG000002082,Gut,1965,3.2251499,7.0191283,6,-6.626524,13.247708,3
MGYG000002083,Gut,1663,14.64663,9.994778,0,7.5206857,17.206793,0
MGYG000002084,Gut,1447,-3.8723361,7.8313518,4,12.723326,-1.937726,6
MGYG000002085,Gut,2270,-1.6495397,5.331764,4,12.16478,-2.9315193,6
MGYG000002086,Gut,1532,-3.002677,7.402483,4,11.2879715,-3.0762708,6
MGYG000002087,Gut,1712,14.188029,9.975312,0,7.2888002,16.910627,0
MGYG000002089,Gut,1355,-3.0365336,3.550331,4,9.72871,-4.259133,6
MGYG000002090,Gut,1361,-2.4072435,3.5189924,4,11.929272,-2.3980346,6
MGYG000002091,Gut,1528,-3.2266166,2.5915024,4,11.498689,-2.557312,6
MGYG000002092,Gut,1324,3.152785,9.454647,6,-8.074147,7.931418,3
MGYG000002093,Gut,1373,-1.8812128,5.1194763,4,9.287115,-4.5825267,6
MGYG000002094,Gut,1220,5.6777515,6.6433578,5,10.902997,15.5140505,0
MGYG000002095,Gut,1225,-2.996007,2.9667575,4,11.898584,-2.4280047,6
MGYG000002096,Gut,1640,-3.0278654,4.010183,4,10.060485,-4.355979,6
MGYG000002097,Gut,2239,-1.8298965,4.323017,4,11.00258,-3.8893347,6
MGYG000002098,Gut,1951,-1.7879168,5.2931414,4,11.068847,-3.8798676,6
MGYG000002099,Gut,2651,-1.8956182,4.9587984,4,10.725506,-3.8640525,6
MGYG000002100,Gut,1798,14.4737425,10.226272,0,7.5799217,16.404436,0
MGYG000002101,Gut,2082,4.274277,6.327707,5,-9.584889,0.20848106,1
MGYG000002102,Gut,1587,-2.4279687,3.4348333,4,11.765296,-2.6031373,6
MGYG000002103,Gut,1386,-3.1870067,2.5791786,4,11.719066,-2.0437531,6
MGYG000002104,Gut,1659,5.4141855,6.5846863,5,10.7779255,15.587446,0
MGYG000002105,Gut,1677,-1.9685798,3.3034422,4,12.20335,-4.2444167,6
MGYG000002106,Gut,1305,5.2759776,6.5414267,5,10.802454,15.567092,0
MGYG000002107,Gut,1391,14.975281,13.236428,0,7.280289,17.75892,0
MGYG000002108,Gut,2113,3.0878816,9.457111,6,-8.2556095,7.8755774,3
MGYG000002109,Gut,1720,-3.1416965,9.616344,4,-6.5444098,12.564377,3
MGYG000002110,Gut,1758,14.507697,11.055186,0,7.368215,16.613134,0
MGYG000002111,Gut,1761,14.521057,9.734646,0,7.4934945,16.318674,0
MGYG000002112,Gut,867,15.074844,13.874312,0,7.2273183,17.714962,0
MGYG000002113,Gut,1730,-4.434679,4.3004165,4,2.2796419,1.4738619,4
MGYG000002114,Gut,1893,-3.2289581,2.6797044,4,11.711547,-2.0435245,6
MGYG000002115,Gut,1952,-1.9080681,5.2500668,4,12.085549,-2.9481268,6
MGYG000002116,Gut,1455,-1.7321362,5.829174,4,11.783788,-2.1690404,6
MGYG000002117,Gut,1698,14.593537,10.625786,0,7.187001,16.740538,0
MGYG000002119,Gut,1439,-1.3767252,6.9975796,4,-10.718516,0.07540906,1
MGYG000002120,Gut,1307,2.9318275,3.347112,-1,-6.3276224,10.947124,3
MGYG000002121,Gut,1725,-3.0380213,3.1776845,4,2.3977702,2.200959,4
MGYG000002122,Gut,1208,15.049525,13.675205,0,7.1850214,17.59825,0
MGYG000002123,Gut,2124,-2.2768233,5.588686,4,9.824313,-4.4484644,6
MGYG000002124,Gut,2232,-2.7243092,3.1396053,4,12.209225,-3.1294432,6
MGYG000002125,Gut,1209,-2.1806903,8.083252,4,8.080077,-6.0087643,6
MGYG000002126,Gut,1994,-4.4155583,4.944605,4,10.333751,-3.8628972,6
MGYG000002127,Gut,820,-1.912886,5.3072405,4,11.100375,-1.6117091,6
MGYG000002128,Gut,1424,-2.504183,3.5301445,4,9.320765,-4.59031,6
MGYG000002129,Gut,1638,-2.127982,3.3860986,4,10.922326,-2.9344587,6
MGYG000002130,Gut,1543,14.8975115,12.669931,0,7.0052357,17.609089,0
MGYG000002131,Gut,2339,-3.6251264,9.463254,4,7.889623,3.7413118,7
MGYG000002132,Gut,1656,-2.9351554,8.298409,4,9.067995,-3.7538006,6
MGYG000002133,Gut,2111,2.9987803,9.927984,6,-8.355218,7.964039,3
MGYG000002134,Gut,2150,-1.3941658,4.1554337,4,3.3042288,8.099351,3
MGYG000002135,Gut,2239,-2.6236596,4.634429,4,10.067571,-3.5798087,6
MGYG000002136,Gut,2852,-3.8203478,4.275128,4,9.575519,2.113076,7
MGYG000002137,Gut,1441,14.983529,13.795559,0,6.941534,17.766169,0
MGYG000002138,Gut,2069,-1.8808637,5.0869637,4,11.125457,-1.6068504,6
MGYG000002139,Gut,1165,-1.1142265,15.080362,3,9.673982,-14.148008,-1
MGYG000002140,Gut,2910,-5.08414,4.3762217,4,8.1936,3.3887014,7
MGYG000002141,Gut,2230,-4.6918125,4.0970926,4,8.118956,3.4451718,7
MGYG000002142,Gut,1686,14.457541,10.683526,0,7.241191,16.927946,0
MGYG000002143,Gut,1841,-2.401472,3.646299,4,11.9438505,-2.38229,6
MGYG000002144,Gut,1499,-2.4111695,3.6434836,4,11.929266,-2.3904579,6
MGYG000002145,Gut,2323,-4.48152,4.326875,4,7.859794,1.7012422,7
MGYG000002146,Gut,1765,-3.582068,9.715078,4,11.186677,0.8224273,7
MGYG000002147,Gut,1176,-2.8177092,8.312307,4,9.3894825,-4.689845,6
MGYG000002148,Gut,3904,-4.376326,4.877098,4,8.856219,1.6660962,7
MGYG000002149,Gut,2531,-5.6939607,4.380279,4,8.371868,2.1226077,7
MGYG000002150,Gut,1610,-4.807414,5.4111037,4,7.8140683,1.7002232,7
MGYG000002151,Gut,1699,-1.8034018,4.5724635,4,11.0126915,-3.8223693,6
MGYG000002152,Gut,2489,-4.685514,7.7550397,4,12.481192,-1.7155496,6
MGYG000002153,Gut,1419,-2.6191187,9.8899555,4,-0.28388622,17.286835,0
MGYG000002154,Gut,2327,-4.672008,7.7462955,4,12.477899,-1.7023015,6
MGYG000002155,Gut,2037,-1.8520794,3.9051251,4,11.843664,-4.038037,6
MGYG000002156,Gut,1933,-2.4308946,3.6257298,4,11.967667,-2.3398073,6
MGYG000002157,Gut,1896,3.257857,9.560542,6,-7.9368625,11.031457,3
MGYG000002158,Gut,2237,-1.7701721,3.9431617,4,3.2980793,8.10485,3
MGYG000002159,Gut,2125,-2.772328,6.9111323,4,9.744301,-3.4455116,6
MGYG000002160,Gut,1576,-4.8803062,5.0149,4,-2.5718787,-5.974372,2
MGYG000002161,Gut,2156,5.073997,7.6664057,-1,-2.5305562,-6.006344,2
MGYG000002162,Gut,1997,-0.69212383,15.199397,3,-2.496765,-6.0387506,2
MGYG000002163,Gut,1573,-1.9205941,11.000644,4,-2.4900956,-6.0405254,2
MGYG000002164,Gut,1437,-0.45819154,16.205719,3,-2.463831,-6.0710225,2
MGYG000002165,Gut,1358,-2.628744,9.888786,4,-0.31315684,17.316439,0
MGYG000002166,Gut,1001,-0.2615689,16.264593,3,9.598439,-14.050188,-1
MGYG000002167,Gut,773,-1.0344551,15.127605,3,9.340515,-13.747527,-1
MGYG000002168,Gut,2695,3.2542753,10.082452,6,-8.433446,7.7363124,3
MGYG000002169,Gut,1038,-1.388671,8.823931,4,8.094673,-5.55885,6
MGYG000002170,Gut,2234,-4.7166286,4.2414193,4,9.655441,2.218769,7
MGYG000002171,Gut,2908,1.3592743,8.745357,6,-9.892512,9.196018,3
MGYG000002172,Gut,704,-1.518402,10.37362,4,3.0891285,-9.183886,-1
MGYG000002173,Gut,1122,-2.54949,8.443374,4,8.31048,-5.487117,6
MGYG000002174,Gut,1082,-1.4562103,8.662714,4,8.156375,-5.5513105,6
MGYG000002175,Gut,852,-0.9673019,15.530209,3,9.296054,-13.686917,-1
MGYG000002176,Gut,1963,2.5303545,9.388792,6,-8.079011,10.888691,3
MGYG000002177,Gut,1015,-2.0312886,17.212488,2,2.870015,-10.830438,-1
MGYG000002178,Gut,1589,3.029242,8.150721,6,-7.9621315,8.615509,3
MGYG000002179,Gut,1787,4.304275,8.649545,6,-6.5376954,12.566812,3
MGYG000002180,Gut,1227,-1.8055233,17.649319,2,2.6971397,-11.061442,-1
MGYG000002181,Gut,2046,2.764056,9.294398,6,-8.049995,11.016699,3
MGYG000002182,Gut,1007,-0.98310775,15.191536,3,9.557557,-14.011575,-1
MGYG000002183,Gut,1502,14.93558,13.356806,0,6.982135,17.919327,0
MGYG000002184,Gut,1527,14.883695,13.165494,0,7.0780115,17.873117,0
MGYG000002185,Gut,980,-2.0083385,6.5641203,4,8.283929,-5.4573936,6
MGYG000002186,Gut,2566,-5.823497,4.708279,4,8.340626,2.1449134,7
MGYG000002187,Gut,1717,14.555724,10.330994,0,7.185655,16.573027,0
MGYG000002188,Gut,1036,-1.4236125,8.700023,4,8.100129,-5.64545,6
MGYG000002189,Gut,1280,15.038487,13.866292,0,6.8826756,17.700817,0
MGYG000002190,Gut,2294,-0.82554585,17.273369,2,10.138468,4.097751,-1
MGYG000002191,Gut,1331,-1.0700216,14.740781,3,-1.7965122,4.705882,4
MGYG000002192,Gut,2156,-2.9243662,2.8789332,4,10.295057,-3.7323275,6
MGYG000002193,Gut,1352,-2.4421918,4.7069316,4,9.167639,-5.1278863,6
MGYG000002194,Gut,2142,-2.7765138,6.8380976,4,9.772229,-3.4424648,6
MGYG000002195,Gut,4078,-4.556143,4.789615,4,9.323903,1.2547518,7
MGYG000002196,Gut,1975,-2.3265493,4.7746015,4,10.489399,-5.6032085,-1
MGYG000002197,Gut,1224,-2.6295722,16.687029,2,12.350225,2.351752,7
MGYG000002198,Gut,1679,14.684739,11.677937,0,7.006684,17.039124,0
MGYG000002199,Gut,1057,-2.7421722,7.852624,4,8.244815,-5.81181,6
MGYG000002200,Gut,1124,-0.98758006,15.031779,3,9.67145,-14.137585,-1
MGYG000002201,Gut,1117,-2.058142,16.953814,2,2.8360646,-10.862073,-1
MGYG000002202,Gut,2215,-4.2009096,4.479211,4,7.878377,1.6920772,7
MGYG000002203,Gut,2040,3.1046295,7.0300846,6,-6.6130424,13.270715,3
MGYG000002204,Gut,1188,-3.033353,3.3702261,4,11.296108,-3.1210978,6
MGYG000002205,Gut,1493,2.899084,3.3474183,-1,-6.3936086,10.8395,3
MGYG000002206,Gut,1645,14.702234,11.753229,0,6.9141088,17.14048,0
MGYG000002207,Gut,797,-1.4684454,14.209612,3,9.455157,-13.892367,-1
MGYG000002208,Gut,840,-1.0288455,15.376197,3,9.356643,-13.757979,-1
MGYG000002209,Gut,2667,1.3289855,8.23404,6,-9.819311,9.052427,3
MGYG000002210,Gut,2267,-4.193349,4.4173574,4,8.222119,2.2038987,7
MGYG000002212,Gut,2810,-4.8093257,4.2614803,4,8.337248,2.089756,7
MGYG000002213,Gut,2222,-3.072209,2.8049333,4,11.81183,-1.8762665,6
MGYG000002215,Gut,2990,-4.6435895,4.130918,4,8.453166,1.9994309,7
MGYG000002216,Gut,2355,-4.663106,4.2482443,4,8.02327,2.2781973,7
MGYG000002218,Gut,2753,1.1536169,8.37208,6,-10.038713,8.964667,3
MGYG000002219,Gut,1419,4.7983646,6.128812,5,-0.52779156,10.536238,3
MGYG000002220,Gut,593,-1.0618169,14.905286,3,2.9545789,-9.921929,-1
MGYG000002221,Gut,1794,-3.5342107,8.556207,4,8.690561,-2.8809335,6
MGYG000002222,Gut,1625,4.0098543,8.506711,6,1.7983228,2.286323,4
MGYG000002223,Gut,1656,-1.8733312,3.1755927,4,12.495191,-4.4576445,6
MGYG000002224,Gut,1990,-1.9392085,3.1231513,4,12.414447,-4.393418,6
MGYG000002225,Gut,1408,3.5605836,8.19452,6,-7.8189163,11.11662,3
MGYG000002226,Gut,1414,-4.6207166,5.3489842,4,9.719786,2.2189553,7
MGYG000002227,Gut,1723,-2.9279401,8.055932,4,10.454655,-5.9373846,-1
MGYG000002228,Gut,2245,-2.3246264,4.8305264,4,10.486713,-5.5104985,-1
MGYG000002229,Gut,2563,-3.126137,2.928023,4,11.46815,-1.6564759,6
MGYG000002230,Gut,1919,-3.5451634,8.657822,4,8.875631,-3.0785336,6
MGYG000002231,Gut,1675,14.53899,10.3154335,0,7.1632476,16.823921,0
MGYG000002232,Gut,1899,-3.2037284,8.317591,4,10.4420595,-5.9468217,-1
MGYG000002233,Gut,2169,-3.011769,2.611512,4,10.310498,-3.7227144,6
MGYG000002234,Gut,2591,-6.4864554,4.8029284,4,7.928163,1.7042724,7
MGYG000002235,Gut,1308,-1.8694224,10.403481,4,-0.3542596,17.357134,0
MGYG000002236,Gut,1247,-1.7607739,10.667817,4,-0.3594202,17.362955,0
MGYG000002237,Gut,881,-2.065949,16.938597,2,2.9406865,-10.705197,-1
MGYG000002238,Gut,1444,-1.5213289,5.3497577,4,11.977269,-2.9466412,6
MGYG000002239,Gut,591,-0.67476755,16.22782,3,9.389585,-13.770236,-1
MGYG000002240,Gut,1071,-0.82454485,15.125366,3,9.638043,-14.153819,-1
MGYG000002241,Gut,997,-2.025375,17.237953,2,2.884287,-10.792131,-1
MGYG000002242,Gut,2102,-2.418291,9.851727,4,5.268709,2.903008,-1
MGYG000002243,Gut,1472,-4.626707,5.8428264,4,10.064478,2.1294014,7
MGYG000002244,Gut,618,-1.2748294,9.051562,4,-2.0205517,0.22461872,4
MGYG000002245,Gut,1234,-3.5570164,7.8403974,4,9.541632,-4.901025,6
MGYG000002246,Gut,1279,-3.2352936,8.096133,4,10.4040985,-5.763496,-1
MGYG000002247,Gut,2653,-5.5251613,4.5448422,4,8.227582,3.386024,7
MGYG000002248,Gut,1059,-0.9274283,15.117587,3,9.611756,-14.06741,-1
MGYG000002249,Gut,977,-0.9850253,14.929256,3,9.600366,-14.055435,-1
MGYG000002250,Gut,1689,-1.7525865,5.456748,4,12.052131,-2.9613736,6
MGYG000002251,Gut,1007,-3.3240995,6.106606,4,8.920172,-4.181872,6
MGYG000002252,Gut,849,-2.6685534,8.217997,4,8.847464,-4.971273,6
MGYG000002253,Gut,829,-1.0037811,15.31903,3,9.318456,-13.738863,-1
MGYG000002254,Gut,1994,-2.9963696,3.026893,4,12.230119,-3.1416585,6
MGYG000002255,Gut,1703,-1.7811351,5.241059,4,12.041518,-2.940317,6
MGYG000002256,Gut,2292,-4.7973075,5.350767,4,8.126357,3.434038,7
MGYG000002257,Gut,1875,-2.6024122,8.147382,4,9.384008,-4.422719,6
MGYG000002258,Gut,1800,-2.4075043,8.139618,4,10.539201,-5.7520285,-1
MGYG000002259,Gut,903,-0.9631159,15.809799,3,9.397377,-13.750045,-1
MGYG000002260,Gut,1745,-2.681284,9.190094,4,10.4628935,-5.994382,-1
MGYG000002261,Gut,1116,-3.0903766,8.010521,4,9.590564,-5.0080714,6
MGYG000002262,Gut,1345,-3.0614915,9.408649,4,10.4040785,-5.9792852,-1
MGYG000002263,Gut,1606,-2.8913498,8.836221,4,9.486,-3.3151972,6
MGYG000002264,Gut,1801,-3.3347688,8.459024,4,8.675207,-2.8667064,6
MGYG000002265,Gut,943,-0.9204518,15.363106,3,9.4465065,-13.888709,-1
MGYG000002266,Gut,1186,-2.157877,17.082338,2,2.751608,-10.978827,-1
MGYG000002267,Gut,6114,-4.242912,4.4562364,4,8.947154,1.5910149,7
MGYG000002268,Gut,4173,-5.6117353,4.6554956,4,15.956062,6.8262568,5
MGYG000002269,Gut,1639,-2.4768353,16.136547,2,12.861804,2.8594038,7
MGYG000002270,Gut,4302,-2.8415368,13.645156,3,12.014328,8.09639,5
MGYG000002271,Gut,3158,-5.8224525,4.366969,4,8.439321,2.0045228,7
MGYG000002272,Gut,2484,-1.8525792,3.1865783,4,12.509355,-4.46844,6
MGYG000002273,Gut,5253,1.3033532,8.703591,6,-10.109815,9.654471,3
MGYG000002274,Gut,2696,-1.9583592,3.1936693,4,12.510837,-4.4690413,6
MGYG000002275,Gut,2904,0.93230695,8.613048,6,-9.477321,8.780757,3
MGYG000002276,Gut,4116,-4.273562,4.599106,4,8.7464,1.5058788,7
MGYG000002277,Gut,3347,-6.132708,4.3438354,4,8.438651,1.9411589,7
MGYG000002278,Gut,3007,-6.567687,4.648366,4,8.164459,1.8576386,7
MGYG000002279,Gut,2831,-6.571235,4.76518,4,8.049287,1.65069,7
MGYG000002280,Gut,2954,-5.1776085,5.0188265,4,9.63436,2.1815295,7
MGYG000002281,Gut,4671,1.0904598,8.497523,6,-10.127781,9.6405735,3
MGYG000002282,Gut,4619,1.2551041,7.9423666,6,-10.398845,9.280318,3
MGYG000002283,Gut,4860,-2.05466,14.180533,3,-1.2738483,-5.604827,2
MGYG000002284,Gut,2017,-1.169663,14.675159,3,2.2481241,1.4873747,4
MGYG000002285,Gut,3085,-5.7000065,4.355818,4,8.2528105,3.3125472,7
MGYG000002286,Gut,2969,-6.3988934,4.8226867,4,8.362278,1.9177362,7
MGYG000002287,Gut,2551,-1.6640706,5.430633,4,11.087146,-1.6016095,6
MGYG000002288,Gut,5480,-2.0775182,14.1475315,3,-1.253616,-5.623607,2
MGYG000002289,Gut,2158,-3.8503218,9.942014,4,7.282876,3.6811852,7
MGYG000002290,Gut,3480,-5.630346,4.915112,4,8.165891,1.6396627,7
MGYG000002291,Gut,3230,1.2802892,8.297365,6,-9.811133,9.237224,3
MGYG000002292,Gut,2560,-6.1995497,5.031532,4,7.4865675,3.6492338,7
MGYG000002293,Gut,2660,3.2185025,10.125852,6,-8.596431,7.6705365,3
MGYG000002294,Gut,1823,13.991337,9.376048,0,8.222098,16.29788,0
MGYG000002295,Gut,2329,-5.3686123,5.139508,4,8.865232,-3.0494792,6
MGYG000002296,Gut,1749,-3.533085,14.089739,3,13.627926,8.344195,5
MGYG000002297,Gut,3026,-5.776441,4.7306323,4,7.4893417,3.6286407,7
MGYG000002298,Gut,3706,-6.4377155,4.4610815,4,8.422126,1.8608736,7
MGYG000002299,Gut,1846,-1.4628986,14.622885,3,13.135642,8.196627,5
MGYG000002300,Gut,3044,1.3206288,8.625202,6,-9.852647,9.21354,3
MGYG000002301,Gut,2470,-2.026144,14.579917,3,-1.215981,-4.8433785,2
MGYG000002302,Gut,1698,-3.830576,13.427604,3,13.471081,8.179384,5
MGYG000002303,Gut,2182,-2.8541265,9.312562,4,9.446084,-3.2452562,6
MGYG000002304,Gut,3273,-5.7778497,4.5323696,4,8.4889145,1.8153147,7
MGYG000002305,Gut,3608,6.1503105,-2.3988917,-1,-12.538872,-3.0667355,1
MGYG000002306,Gut,4243,6.6358757,6.000046,1,-6.6530776,-10.028079,2
MGYG000002307,Gut,1722,-0.23776877,11.58065,4,-6.103143,-0.43979365,1
MGYG000002308,Gut,1546,-0.2003523,11.5967455,4,-6.0633674,-0.39670166,1
MGYG000002309,Gut,2793,-2.1002896,14.159111,3,-1.3542597,-5.3374557,2
MGYG000002310,Gut,7454,4.9088573,6.34023,5,-11.517726,-1.2698998,1
MGYG000002311,Gut,3547,3.2192152,4.9310355,5,-12.305721,-2.7687647,1
MGYG000002312,Gut,3287,-6.1953816,4.3025603,4,8.379945,1.9239432,7
MGYG000002313,Gut,1479,-2.8636065,12.746733,3,11.497517,9.296685,5
MGYG000002314,Gut,4659,2.178476,7.056839,6,-1.2894365,-5.6070356,2
MGYG000002315,Gut,2002,-2.8730013,16.508013,2,12.849432,2.8542423,7
MGYG000002316,Gut,1951,-2.8383899,16.544115,2,12.882813,2.8854036,7
MGYG000002317,Gut,1839,-3.267596,16.192835,2,12.236637,1.909481,7
MGYG000002318,Gut,1492,-3.2732873,4.4311457,4,12.061916,2.2443173,7
MGYG000002319,Gut,2014,1.8731613,5.1023383,5,11.217042,8.617726,5
MGYG000002320,Gut,2785,-2.8532226,13.635378,3,12.069758,8.076289,5
MGYG000002321,Gut,2519,-3.226985,9.548184,4,8.852453,-3.0392776,6
MGYG000002322,Gut,4013,5.5538945,-1.6256683,-1,-13.027029,-2.7270246,1
MGYG000002323,Gut,4069,5.5637913,-1.6370736,-1,-13.043353,-2.7207158,1
MGYG000002324,Gut,1788,-1.2247179,14.854422,3,11.334292,8.695156,5
MGYG000002325,Gut,2903,-2.3148115,13.9433155,3,12.040781,8.042838,5
MGYG000002326,Gut,3867,-2.4334114,13.933902,3,-1.393969,-5.484206,2
MGYG000002327,Gut,3252,-3.0122194,2.9261343,4,11.470359,-1.647172,6
MGYG000002328,Gut,5469,-3.1741405,3.6470966,4,9.375272,1.9240627,7
MGYG000002329,Gut,2973,-3.0059314,6.516759,4,16.035372,6.751369,5
MGYG000002330,Gut,6504,-4.3005066,4.430144,4,8.951292,1.5955606,7
MGYG000002331,Gut,4494,3.2456772,4.951866,5,-12.276535,-2.7164054,1
MGYG000002332,Gut,1426,-0.27454582,11.6903715,4,-6.094864,-0.42486686,1
MGYG000002333,Gut,1463,-0.2574877,11.680224,4,-6.050694,-0.386003,1
MGYG000002334,Gut,1624,6.1004124,5.3889456,1,-2.0808697,-15.203411,2
MGYG000002335,Gut,3985,4.7844076,-1.0082666,-1,-12.48395,-2.9927096,1
MGYG000002336,Gut,2393,0.102131076,7.2062817,4,2.2510698,1.6743567,4
MGYG000002337,Gut,2439,-2.017987,14.558799,3,-1.1537323,-4.776581,2
MGYG000002338,Gut,2485,-1.9957669,14.606016,3,-1.1674154,-4.777253,2
MGYG000002339,Gut,2240,2.0852222,5.14337,5,11.655595,8.445239,5
MGYG000002340,Gut,3028,-3.2922068,2.8397546,4,11.381217,-1.6353625,6
MGYG000002341,Gut,3185,3.5029678,-1.025725,-1,-11.166534,-0.82233024,1
MGYG000002342,Gut,3187,3.4554148,-1.0009174,-1,-11.185781,-0.8431296,1
MGYG000002343,Gut,3682,3.4208298,-1.000203,-1,-11.212787,-0.8808568,1
MGYG000002344,Gut,3586,3.5459824,-1.0396622,-1,-11.208357,-0.8731189,1
MGYG000002345,Gut,3661,3.5621262,-1.0434399,-1,-11.214261,-0.8857841,1
MGYG000002346,Gut,3620,3.5555027,-1.0418845,-1,-11.224915,-0.89914787,1
MGYG000002347,Gut,1776,-3.4840746,13.546061,3,13.5212145,8.273366,5
MGYG000002348,Gut,1753,-3.0932508,12.718227,3,11.413299,9.246045,5
MGYG000002349,Gut,1936,-3.4649234,13.263843,3,13.43738,8.202924,5
MGYG000002350,Gut,4714,6.1036677,-2.2957916,-1,-12.562712,-2.212452,1
MGYG000002351,Gut,6055,6.14098,-2.3952343,-1,-13.049986,-2.1339958,1
MGYG000002352,Gut,2625,5.0402503,6.1682653,5,15.482496,14.7219515,0
MGYG000002353,Gut,2926,-2.8371267,13.64804,3,12.085351,8.057285,5
MGYG000002354,Gut,2709,4.10318,-1.0764763,-1,-12.509832,-3.1635194,1
MGYG000002355,Gut,3344,-0.87016785,17.238098,2,10.263209,3.9740953,-1
MGYG000002356,Gut,5071,-2.0556638,14.145535,3,-1.2712977,-5.6079254,2
MGYG000002357,Gut,4052,-2.188378,6.5174246,4,-1.3410075,-5.5349116,2
MGYG000002358,Gut,2405,3.9407609,-1.0422946,-1,-10.848113,-0.20818189,1
MGYG000002359,Gut,3895,6.852171,5.933649,1,-6.622286,-10.041153,2
MGYG000002360,Gut,1735,-2.8941274,12.71406,3,11.432034,9.255574,5
MGYG000002361,Gut,1492,1.6081744,4.750688,5,11.297475,8.657918,5
MGYG000002362,Gut,1901,-1.532007,14.104707,3,13.710758,10.592818,5
MGYG000002363,Gut,5127,6.0855074,-2.4156659,-1,-13.026004,-2.1520092,1
MGYG000002364,Gut,2051,-2.0121262,17.690895,2,-6.1975904,-0.53467643,1
MGYG000002365,Gut,1618,6.039597,5.4250255,1,-2.1048808,-15.189137,2
MGYG000002366,Gut,4600,5.869788,-1.9725513,-1,-13.046368,-2.7205813,1
MGYG000002367,Gut,1629,-2.9721014,12.966291,3,11.395076,8.70291,5
MGYG000002368,Gut,3715,3.2222486,4.9517426,5,-12.29687,-2.7655804,1
MGYG000002369,Gut,3578,-1.09709,17.407726,2,10.345136,3.875991,-1
MGYG000002370,Gut,3693,-1.0699179,17.433128,2,10.345515,3.8428752,-1
MGYG000002371,Gut,1785,2.1971695,7.6148276,6,-6.595486,13.180474,3
MGYG000002372,Gut,2766,-0.73249424,17.362917,2,10.182747,4.0731764,-1
MGYG000002373,Gut,2874,-0.71660674,17.36073,2,10.209072,4.0554657,-1
MGYG000002374,Gut,1689,-0.2359839,11.612628,4,-6.087602,-0.4234922,1
MGYG000002375,Gut,2636,-0.9113371,17.228897,2,10.322711,3.9602327,-1
MGYG000002376,Gut,2960,-4.3603354,4.3465056,4,8.039666,1.6269763,7
MGYG000002377,Gut,3126,-1.5463297,16.815413,2,10.264248,3.9761546,-1
MGYG000002378,Gut,2006,-1.3289154,3.8971806,4,-0.79034805,10.280295,3
MGYG000002379,Gut,1856,-2.9135377,12.750491,3,11.380971,9.180015,5
MGYG000002380,Gut,2490,1.6716064,4.8366094,5,11.534018,8.458294,5
MGYG000002381,Gut,3447,6.7238164,5.196768,1,-11.282445,-1.0493927,1
MGYG000002382,Gut,3816,6.729785,5.196403,1,-11.264909,-1.038904,1
MGYG000002383,Gut,2640,1.9768776,5.1211977,5,11.84072,8.243684,5
MGYG000002384,Gut,2146,-3.1095846,12.723577,3,11.3999605,9.24271,5
MGYG000002385,Gut,3464,6.0722594,-2.3471112,-1,-12.546449,-3.1160216,1
MGYG000002386,Gut,3095,1.8025562,4.973155,5,11.670025,8.378967,5
MGYG000002388,Gut,2784,1.9820601,5.108688,5,11.809773,8.273289,5
MGYG000002389,Gut,1863,1.777935,4.996291,5,11.459392,8.698381,5
MGYG000002390,Gut,1929,1.5799639,4.746737,5,11.378844,8.712311,5
MGYG000002391,Gut,3323,-2.2717636,14.014359,3,-1.4139192,-5.4410105,2
MGYG000002392,Gut,2843,-2.311233,13.959897,3,12.047849,8.037455,5
MGYG000002393,Gut,3114,-4.8557863,4.657025,4,8.035763,1.5654513,7
MGYG000002394,Gut,2690,3.152027,9.100521,6,-8.545681,7.9745226,3
MGYG000002395,Gut,1707,6.0856733,5.368442,1,-2.0775957,-15.220719,2
MGYG000002396,Gut,1786,6.076803,5.4226866,1,-2.0991895,-15.198675,2
MGYG000002397,Gut,1573,6.0957365,5.3524957,1,-2.07137,-15.227205,2
MGYG000002398,Gut,3065,6.392096,5.3360376,1,-11.359314,-1.0949436,1
MGYG000002399,Gut,2036,-2.0125518,14.574243,3,-1.1598102,-4.780838,2
MGYG000002400,Gut,2300,-2.0033917,14.5848675,3,-1.1541289,-4.7781425,2
MGYG000002401,Gut,2156,6.4217954,6.5157485,1,-6.0617805,-10.090314,2
MGYG000002402,Gut,2566,-0.89098376,17.350075,2,10.25432,4.007989,-1
MGYG000002403,Gut,5509,-5.1664324,4.297753,4,8.923179,1.5574151,7
MGYG000002404,Gut,3864,-2.5218332,13.892707,3,-1.3925834,-5.5007534,2
MGYG000002405,Gut,1863,5.5022144,6.6685452,5,10.716326,15.620674,0
MGYG000002406,Gut,2655,7.0563674,6.2987676,1,-6.794875,-10.001383,2
MGYG000002407,Gut,5295,2.5267477,7.038868,6,-1.026026,-5.8943872,2
MGYG000002408,Gut,4402,-2.5124798,13.836492,3,-1.3614068,-5.5395966,2
MGYG000002409,Gut,2996,4.9729776,6.0815697,5,15.473551,14.711432,0
MGYG000002410,Gut,2661,-2.3248675,4.695113,4,10.255281,-3.55233,6
MGYG000002411,Gut,2560,-2.6404896,6.0362744,4,10.345656,-3.4376843,6
MGYG000002412,Gut,2501,2.511745,9.621322,6,-8.083108,8.518711,3
MGYG000002413,Gut,2685,5.038389,6.188201,5,15.495961,14.736827,0
MGYG000002414,Gut,5776,1.9124566,7.139271,6,-1.0412881,-5.8738275,2
MGYG000002415,Gut,3557,4.081444,-1.0764679,-1,-12.516028,-3.1656573,1
MGYG000002416,Gut,2528,-2.7414947,4.491879,4,10.114424,-3.6605148,6
MGYG000002417,Gut,3008,-4.642654,4.0927596,4,9.586356,2.1359193,7
MGYG000002418,Gut,3021,1.3024228,8.251753,6,-10.264494,9.094486,3
MGYG000002419,Gut,1152,3.2875192,5.0073814,5,14.951195,14.370839,0
MGYG000002420,Gut,2489,1.5450526,8.558595,6,10.650527,-2.2949233,6
MGYG000002421,Gut,2518,-1.6348035,16.670124,2,10.3880825,3.8701353,-1
MGYG000002422,Gut,1729,-0.30010954,11.711629,4,-5.97899,-0.3151221,1
MGYG000002423,Gut,4395,6.170208,-2.4224522,-1,-12.501981,-2.18433,1
MGYG000002424,Gut,2057,-3.0276346,9.378758,4,9.050322,-3.7211263,6
MGYG000002425,Gut,1975,-0.14952484,11.572852,4,-6.179864,-0.5195012,1
MGYG000002426,Gut,1771,-0.17731905,11.587895,4,-6.1487083,-0.4872069,1
MGYG000002427,Gut,1783,-0.17723873,11.584935,4,-6.1496897,-0.48832545,1
MGYG000002428,Gut,1907,-0.19222549,11.619543,4,-6.169562,-0.50899297,1
MGYG000002429,Gut,1757,-0.18478125,11.597358,4,-6.1738086,-0.51264304,1
MGYG000002430,Gut,1808,-0.17511931,11.611431,4,-6.1861033,-0.5246795,1
MGYG000002431,Gut,1783,-0.21925451,11.615394,4,-6.151979,-0.4904438,1
MGYG000002432,Gut,1868,-0.18517905,11.58798,4,-6.1978006,-0.5368341,1
MGYG000002433,Gut,1845,-0.17044488,11.581161,4,-6.2008004,-0.5400445,1
MGYG000002434,Gut,1810,-0.20728482,11.576839,4,-6.176122,-0.51529855,1
MGYG000002435,Gut,1835,-0.16314605,11.56833,4,-6.179744,-0.5188453,1
MGYG000002436,Gut,5358,6.3329015,5.4921803,1,-11.477766,-1.2228009,1
MGYG000002437,Gut,4820,-4.703992,4.226965,4,8.892276,1.5302597,7
MGYG000002438,Gut,3964,1.6328216,8.122599,6,-10.335552,9.227895,3
MGYG000002439,Gut,4992,-4.19321,4.753339,4,9.308283,1.8699515,7
MGYG000002440,Gut,2159,4.9862037,6.1379623,5,15.487742,14.724507,0
MGYG000002441,Gut,2485,4.9928837,6.129729,5,15.492856,14.73205,0
MGYG000002442,Gut,2947,5.0094495,6.1253433,5,15.479858,14.716101,0
MGYG000002443,Gut,1626,-0.15155402,11.556948,4,-6.0226264,-0.35775843,1
MGYG000002444,Gut,2389,-1.126375,14.5606575,3,15.989053,6.8005958,5
MGYG000002445,Gut,2797,-4.774055,5.374795,4,9.67539,2.1416469,7
MGYG000002446,Gut,1686,-1.8951696,11.073302,4,-2.4892821,-6.0399427,2
MGYG000002447,Gut,2107,-0.7605036,5.8281937,4,-9.596252,0.22290535,1
MGYG000002448,Gut,2176,-3.0846841,2.576204,4,11.600469,-1.6721267,6
MGYG000002449,Gut,3740,1.388418,7.9288726,6,-10.35663,9.168491,3
MGYG000002450,Gut,1757,5.581905,6.7457695,5,10.759587,15.607508,0
MGYG000002451,Gut,2276,4.948865,5.839963,5,15.436446,14.668357,0
MGYG000002452,Gut,2010,-1.35539,3.882206,4,-0.8497714,10.225675,3
MGYG000002453,Gut,2097,-1.331709,3.8832548,4,-0.8109983,10.260225,3
MGYG000002454,Gut,1952,-1.3424773,3.866184,4,-0.82748294,10.243741,3
MGYG000002455,Gut,5047,1.1892953,8.621098,6,-10.127582,9.653549,3
MGYG000002456,Gut,1521,4.9557896,7.837081,-1,-2.5632825,-5.989874,2
MGYG000002457,Gut,3610,-2.1188908,14.213817,3,-1.3653172,-5.4015393,2
MGYG000002458,Gut,3996,4.7881017,-1.0079126,-1,-12.486849,-2.9961476,1
MGYG000002459,Gut,1530,6.0832195,5.366143,1,-2.1023319,-15.19382,2
MGYG000002460,Gut,4155,6.122702,-2.342466,-1,-12.781441,-2.4057267,1
MGYG000002461,Gut,4101,4.7903323,-1.0176842,-1,-12.48773,-2.9697313,1
MGYG000002462,Gut,3788,4.806034,-1.0359163,-1,-12.495896,-2.9937675,1
MGYG000002463,Gut,5949,6.6481752,5.3335996,1,-11.572653,-1.3270447,1
MGYG000002464,Gut,3228,-4.8090763,4.1296196,4,7.980209,3.3809009,7
MGYG000002465,Gut,4244,4.778713,-1.0070438,-1,-12.482082,-2.9750087,1
MGYG000002466,Gut,4150,4.804669,-1.0401242,-1,-12.484466,-2.9507875,1
MGYG000002467,Gut,4323,4.782249,-1.0152663,-1,-12.509109,-2.9271245,1
MGYG000002468,Gut,3123,-2.7890692,13.580501,3,12.047608,8.074899,5
MGYG000002469,Gut,1969,6.1094265,5.372314,1,-2.1006315,-15.19977,2
MGYG000002470,Gut,4288,1.2387995,8.645883,6,-10.118362,9.660931,3
MGYG000002471,Gut,3990,4.7833858,-1.0113273,-1,-12.492005,-2.967726,1
MGYG000002472,Gut,2426,1.7950699,4.958923,5,11.558362,8.428676,5
MGYG000002473,Gut,2965,-0.67461205,5.8850436,4,-0.3097966,10.746219,3
MGYG000002474,Gut,3486,5.634109,-1.8215764,-1,-12.475916,-2.2289162,1
MGYG000002475,Gut,4100,-4.5664954,4.1745577,4,8.808808,1.4656904,7
MGYG000002476,Gut,4073,4.781438,-1.0105296,-1,-12.476081,-2.9864233,1
MGYG000002477,Gut,4731,5.7334614,-1.8714268,-1,-13.068983,-2.6740599,1
MGYG000002478,Gut,4275,1.1828247,8.689258,6,-10.07419,9.623504,3
MGYG000002479,Gut,1541,-2.1231582,9.686215,4,-6.133288,-0.46695065,1
MGYG000002480,Gut,2161,5.0838614,6.4277816,5,15.417674,14.651048,0
MGYG000002481,Gut,4121,6.7511415,5.2055326,1,-11.312284,-1.0860423,1
MGYG000002482,Gut,1780,-2.7542202,9.312116,4,9.484038,-3.2711036,6
MGYG000002483,Gut,3259,-4.544806,4.369303,4,9.645561,2.1739,7
MGYG000002484,Gut,3991,6.0985003,-2.3085828,-1,-12.762492,-2.375049,1
MGYG000002485,Gut,2457,-0.98662233,18.139952,2,13.713817,10.558236,5
MGYG000002486,Gut,2934,-0.9689485,18.161537,2,13.733661,10.573909,5
MGYG000002487,Gut,2771,5.0501676,6.189384,5,15.477303,14.716194,0
MGYG000002488,Gut,4553,4.0802493,-1.0668107,-1,-12.497951,-3.1635394,1
MGYG000002489,Gut,1955,-1.4083688,7.0263977,4,-10.738892,0.11617317,1
MGYG000002490,Gut,5409,2.1367826,7.051841,6,-1.0419271,-5.8733997,2
MGYG000002491,Gut,4745,6.0440135,-2.2847762,-1,-12.969126,-2.4133384,1
MGYG000002492,Gut,3057,-3.7848122,9.823502,4,7.90716,3.5214293,7
MGYG000002493,Gut,2911,-2.8238485,13.632271,3,12.051612,8.073587,5
MGYG000002494,Gut,4429,5.8619018,-1.9867556,-1,-13.002826,-2.664949,1
MGYG000002495,Gut,4705,5.752875,-1.8891368,-1,-13.07124,-2.7022934,1
MGYG000002496,Gut,4103,5.8479075,-1.9276237,-1,-13.005367,-2.682142,1
MGYG000002497,Gut,4630,6.106225,-2.3379745,-1,-12.957739,-2.220563,1
MGYG000002498,Gut,4285,5.6784797,-2.5090368,-1,-12.810049,-2.358835,1
MGYG000002499,Gut,4418,5.6960487,-2.5356345,-1,-12.828962,-2.3633826,1
MGYG000002500,Gut,4617,5.6643004,-2.4876873,-1,-12.881506,-2.3789773,1
MGYG000002501,Gut,4266,5.689388,-2.5447674,-1,-12.81325,-2.36274,1
MGYG000002502,Gut,4855,5.716597,-2.5177877,-1,-12.8971195,-2.3469393,1
MGYG000002503,Gut,4304,5.6670656,-2.4821057,-1,-12.837832,-2.349051,1
MGYG000002504,Gut,4570,5.6755176,-2.517724,-1,-12.871137,-2.3672352,1
MGYG000002505,Gut,1937,-1.0419863,6.6084237,4,-10.201562,0.14002354,1
MGYG000002506,Gut,4835,5.562458,-1.635553,-1,-13.071505,-2.7116134,1
MGYG000002507,Gut,4538,5.5369596,-1.6097842,-1,-13.088499,-2.7544727,1
MGYG000002508,Gut,3874,4.7858067,-1.0115572,-1,-12.679173,-2.8351414,1
MGYG000002509,Gut,1866,4.764363,5.9570556,5,15.356232,14.577897,0
MGYG000002510,Gut,4780,6.165058,-2.4816597,-1,-13.0183735,-2.1743686,1
MGYG000002511,Gut,5116,6.1223397,-2.4468815,-1,-13.010507,-2.167202,1
MGYG000002512,Gut,3494,5.208881,-1.4758666,-1,-12.541867,-3.1706803,1
MGYG000002513,Gut,3474,5.195836,-1.4698447,-1,-12.527836,-3.1598759,1
MGYG000002514,Gut,3601,4.057249,-1.0745915,-1,-12.5253105,-3.1729054,1
MGYG000002515,Gut,4230,5.546037,-1.6114963,-1,-13.049743,-2.7260451,1
MGYG000002516,Gut,3186,4.058176,-1.0821474,-1,-12.526899,-3.1792705,1
MGYG000002517,Gut,3130,-4.939603,5.2917833,4,8.033775,3.446421,7
MGYG000002518,Gut,4529,6.1152554,-2.318327,-1,-12.567026,-2.2535875,1
MGYG000002519,Gut,4364,5.688178,-2.5355494,-1,-12.835169,-2.3630428,1
MGYG000002520,Gut,4804,6.162773,-2.504538,-1,-12.937904,-2.3018696,1
MGYG000002521,Gut,5663,5.7775054,-1.9091134,-1,-12.982015,-2.2591543,1
MGYG000002522,Gut,2477,-3.5666943,9.965016,4,10.080426,2.2267375,7
MGYG000002523,Gut,2531,-2.6183457,6.004731,4,10.295725,-3.48944,6
MGYG000002524,Gut,3714,4.7886333,-1.0118191,-1,-12.500284,-2.9982195,1
MGYG000002525,Gut,4418,4.793187,-1.0188932,-1,-12.499431,-2.9513762,1
MGYG000002526,Gut,4281,3.2006462,3.0098748,-1,-12.295734,-2.7399557,1
MGYG000002527,Gut,3849,3.213299,2.9951336,-1,-12.270664,-2.7264833,1
MGYG000002528,Gut,2902,-6.761353,4.8034353,4,7.734521,2.0246413,7
MGYG000002529,Gut,3986,3.1968153,2.9935586,-1,-12.326628,-2.8047159,1
MGYG000002530,Gut,2297,-3.3146613,8.767537,4,8.670416,-2.867613,6
MGYG000002531,Gut,3145,-0.45282403,9.9043255,4,7.9951825,3.4829323,7
MGYG000002532,Gut,3559,4.793652,-1.0019195,-1,-12.283737,-2.7426631,1
MGYG000002533,Gut,4268,3.2364712,4.9561796,5,-12.258807,-2.7040489,1
MGYG000002534,Gut,5284,5.748104,-1.8935723,-1,-13.059049,-2.6285057,1
MGYG000002535,Gut,4484,5.753435,-1.8797326,-1,-13.039004,-2.7075703,1
MGYG000002536,Gut,2938,4.782351,-0.9986748,-1,-12.310677,-2.7820146,1
MGYG000002537,Gut,2209,6.3805494,6.593749,1,-6.5520196,-10.230404,2
MGYG000002538,Gut,5048,6.1569,-2.461266,-1,-13.03591,-2.1453872,1
MGYG000002539,Gut,1838,14.343046,9.559282,0,8.180396,16.245937,0
MGYG000002540,Gut,3089,1.667044,8.551609,6,-9.4157,8.754782,3
MGYG000002541,Gut,2147,-1.6934047,4.57232,4,-10.760191,0.102309816,1
MGYG000002542,Gut,2733,1.745301,4.898378,5,11.591434,8.404557,5
MGYG000002543,Gut,1603,-0.37593573,11.741108,4,-6.1418977,-0.47617468,1
MGYG000002544,Gut,2929,5.0031943,6.1224003,5,15.506597,14.746386,0
MGYG000002545,Gut,2430,-2.1283054,3.4298885,4,12.520716,-4.476573,6
MGYG000002546,Gut,2581,-2.0296433,3.3803294,4,10.174028,-3.4948766,6
MGYG000002547,Gut,2109,0.13879825,7.22307,4,2.244632,1.6443223,4
MGYG000002548,Gut,2479,-2.0145538,14.573661,3,-1.1660143,-4.794422,2
MGYG000002549,Gut,4372,1.2125534,8.458816,6,-10.122748,9.6246,3
MGYG000002551,Gut,1577,3.7776942,-1.1233864,-1,-11.002811,0.50202686,1
MGYG000002552,Gut,2483,-3.8753934,10.124898,4,7.7011886,3.9435606,7
MGYG000002553,Gut,1241,-2.6088662,8.476374,4,9.19346,-4.824559,6
MGYG000002554,Gut,1326,-4.133918,14.014955,3,13.833181,8.476999,5
MGYG000002555,Gut,1838,0.10506532,7.2027583,4,2.183823,1.7094853,4
MGYG000002556,Gut,2046,3.035812,8.9411955,6,-8.018066,10.8785515,3
MGYG000002557,Gut,1759,14.571544,11.097976,0,7.785261,16.66355,0
MGYG000002558,Gut,2399,3.108322,9.25132,6,-8.526655,8.036014,3
MGYG000002559,Gut,2116,-3.484145,10.421273,4,7.72426,3.9230654,7
MGYG000002560,Gut,4004,1.2678198,8.7175255,6,-10.0821295,9.562551,3
MGYG000002561,Gut,3414,1.4726595,8.597929,6,-10.0021715,9.474907,3
MGYG000002562,Gut,1452,-4.326015,4.93746,4,1.7655425,2.256275,4
MGYG000002563,Gut,2574,-0.9145819,17.284517,2,10.306206,3.9375978,-1
MGYG000002564,Gut,1953,4.342934,8.658072,6,-6.5167217,12.539882,3
MGYG000002565,Gut,1648,-0.6400884,7.737297,4,1.6373723,1.2341892,4
MGYG000002566,Gut,1663,14.811409,12.547009,0,7.776949,17.168356,0
MGYG000002567,Gut,1650,3.7919505,8.51588,6,-7.687793,11.159864,3
MGYG000002568,Gut,2260,1.027588,8.557512,6,-9.632136,8.802114,3
MGYG000002570,Gut,1738,-2.8166313,9.214277,4,9.483039,-3.267105,6
MGYG000002571,Gut,1075,-2.1139593,16.840845,2,2.7908075,-10.92213,-1
MGYG000002572,Gut,1024,-1.9042199,17.675226,2,2.8900242,-10.7889595,-1
MGYG000002573,Gut,1780,-5.3104777,5.084935,4,8.878003,-3.0436337,6
MGYG000002574,Gut,3389,-1.053572,18.058699,2,13.743108,10.581709,5
MGYG000002575,Gut,1869,1.576296,8.798661,6,-8.042874,8.631784,3
MGYG000002576,Gut,1601,14.831456,12.482312,0,7.655482,17.30435,0
MGYG000002578,Gut,1776,-1.3333118,6.72191,4,-2.3835986,0.7166611,4
MGYG000002579,Gut,1615,-3.03929,12.67923,3,11.413411,8.741976,5
MGYG000002580,Gut,2504,-3.869399,10.154719,4,7.7497883,3.903138,7
MGYG000002581,Gut,1184,-2.2017257,17.40214,2,2.7057858,-11.033163,-1
MGYG000002582,Gut,1396,-0.9697606,11.491051,4,-10.591786,0.7275536,1
MGYG000002583,Gut,1368,-1.6445924,17.848846,2,2.601932,-11.165899,-1
MGYG000002584,Gut,1999,2.7890155,7.523748,6,-0.8091283,10.262023,3
MGYG000002585,Gut,2038,1.5143102,8.5734,6,-9.921017,9.225178,3
MGYG000002586,Gut,1510,-3.7100554,9.587811,4,11.234955,0.85935956,7
MGYG000002587,Gut,3285,1.4333694,7.8973446,6,-10.341522,9.186739,3
MGYG000002588,Gut,2070,-3.0726702,2.5500753,4,11.499902,-1.7098542,6
MGYG000002589,Gut,2387,-2.8972554,3.087344,4,12.219708,-3.1385093,6
MGYG000002590,Gut,850,-1.0179942,15.133791,3,9.3839245,-13.79619,-1
MGYG000002591,Gut,1597,2.6294281,5.506153,5,-9.89653,0.570431,1
MGYG000002592,Gut,2228,2.8389564,7.0994024,6,-6.5789466,13.335894,3
MGYG000002593,Gut,1352,1.663082,4.8308663,5,11.2454405,8.63356,5
MGYG000002594,Gut,2028,-4.1408534,13.953164,3,13.683912,8.315918,5
MGYG000002595,Gut,1595,-2.858643,3.132395,4,11.920333,-2.367487,6
MGYG000002596,Gut,2355,-4.776084,5.2984686,4,7.8438983,1.733609,7
MGYG000002597,Gut,1424,4.3422637,8.675777,6,11.361312,1.1525536,7
MGYG000002599,Gut,1710,5.549673,6.7065787,5,10.821497,15.559241,0
MGYG000002600,Gut,1979,-4.79279,5.472505,4,11.176428,0.9206024,7
MGYG000002601,Gut,2175,-2.6507227,3.143148,4,12.190453,-3.161486,6
MGYG000002602,Gut,1876,-3.249633,10.4189205,4,11.028903,-0.87030774,6
MGYG000002603,Gut,1985,3.2459714,10.161987,6,-8.609862,7.6762,3
MGYG000002604,Gut,1652,-2.2618086,3.4872992,4,11.207817,-2.5730217,6
MGYG000002605,Gut,1306,-1.733862,10.724782,4,-0.36166865,17.365211,0
MGYG000002606,Gut,1837,3.3764756,8.306036,6,-7.882021,11.09389,3
MGYG000002607,Gut,1048,-0.46646562,15.748868,3,9.534698,-13.983154,-1
MGYG000002608,Gut,1748,3.7236283,8.256846,6,-7.6866794,11.183782,3
MGYG000002609,Gut,2671,-3.7887478,9.829716,4,8.061682,3.6623054,7
MGYG000002610,Gut,1928,-1.883067,3.1715937,4,12.456238,-4.4294004,6
MGYG000002612,Gut,1856,-2.8745682,3.2141101,4,11.923037,-2.3636565,6
MGYG000002613,Gut,2109,3.0909204,9.310138,6,-8.373855,7.9501376,3
MGYG000002614,Gut,2013,1.0077345,8.625828,6,-9.619055,8.809353,3
MGYG000002616,Gut,1400,-1.499162,7.340237,4,-2.2138965,0.5097304,4
MGYG000002617,Gut,1764,-2.7340288,3.3727355,4,11.728314,-2.0043113,6
MGYG000002619,Gut,2341,-1.8714522,3.1354043,4,12.506387,-4.4681997,6
MGYG000002620,Gut,2802,-1.7695342,3.8917108,4,3.2845018,8.119453,3
MGYG000002621,Gut,2702,1.6979156,8.582799,6,-9.757621,8.950176,3
MGYG000002622,Gut,2602,0.99980015,8.611173,6,-9.636601,8.822186,3
MGYG000002623,Gut,2239,-5.4585147,5.02351,4,11.249729,-1.0142719,6
MGYG000002624,Gut,1006,-2.2862687,6.8530874,4,8.12131,-6.1148725,6
MGYG000002625,Gut,2180,-5.3920517,5.0812745,4,10.895553,-2.8943458,6
MGYG000002626,Gut,1893,-3.454533,8.848279,4,11.211753,-0.9641488,6
MGYG000002627,Gut,1994,-2.8096356,2.8238828,4,11.236654,-2.5252087,6
MGYG000002628,Gut,2291,-5.2380066,4.6886396,4,9.698384,2.2124252,7
MGYG000002629,Gut,778,1.8453711,9.557014,6,9.927013,-4.518379,6
MGYG000002630,Gut,1217,-3.0479004,15.4596,2,1.6008308,1.2509942,4
MGYG000002631,Gut,1733,3.7990232,-1.1060344,-1,-11.01938,0.5274983,1
MGYG000002633,Gut,2292,-6.5803,4.764465,4,7.547901,3.621366,7
MGYG000002634,Gut,1811,3.7575467,-1.0686535,-1,-11.025946,0.5225221,1
MGYG000002635,Gut,1485,-2.697099,16.571758,2,13.54026,10.389895,5
MGYG000002636,Gut,1523,2.3487394,10.151968,6,-7.508199,7.955419,3
MGYG000002637,Gut,1716,2.3656762,10.167072,6,-7.6995325,7.8550496,3
MGYG000002638,Gut,2308,-3.5957212,9.857158,4,10.090259,2.2229872,7
MGYG000002639,Gut,1528,3.7861416,-1.1033796,-1,-11.029898,0.52206016,1
MGYG000002640,Gut,1673,1.7079731,14.161705,-1,1.5941734,1.183063,4
MGYG000002641,Gut,2244,-1.8765047,3.1635127,4,12.500424,-4.4645557,6
MGYG000002642,Gut,1585,1.6990671,14.151802,-1,1.5474907,1.1451339,4
MGYG000002643,Gut,2258,2.4756148,5.9292264,5,-9.555026,0.19642304,1
MGYG000002645,Gut,1666,1.6879863,14.142847,-1,1.5832057,1.1754172,4
MGYG000002646,Gut,1360,1.6745224,14.120163,-1,1.53993,1.1266385,4
MGYG000002648,Gut,1448,-1.6503909,7.1085725,4,-2.3845131,0.71572506,4
MGYG000002649,Gut,862,-1.5689437,9.674305,4,-2.180912,0.4731332,4
MGYG000002650,Gut,2073,-0.88859874,5.957207,4,-0.35242727,10.705194,3
MGYG000002651,Gut,1948,-1.8727379,3.1508536,4,12.4935055,-4.439325,6
MGYG000002652,Gut,1580,-0.949544,8.5304165,4,-6.789841,11.2154,3
MGYG000002653,Gut,2196,2.4212573,9.602888,6,-8.402844,7.9113398,3
MGYG000002654,Gut,856,-2.1524196,8.153375,4,7.973832,-6.131778,6
MGYG000002655,Gut,1348,-3.622697,9.241623,4,10.615634,1.8757538,7
MGYG000002656,Gut,1396,-3.796026,7.8805175,4,12.672385,-2.0079958,6
MGYG000002657,Gut,2548,-6.2838535,4.8082557,4,8.22004,3.3849168,7
MGYG000002658,Gut,1760,-4.6554174,5.8534856,4,10.0644455,2.149793,7
MGYG000002659,Gut,1790,-3.0037673,6.9086103,4,2.3849332,2.5009458,4
MGYG000002660,Gut,1052,-2.6382084,8.105364,4,-0.15437378,17.091772,0
MGYG000002661,Gut,1840,-3.066245,7.898539,4,8.63287,-2.8319852,6
MGYG000002662,Gut,1442,1.6284802,9.129198,6,-6.745512,11.082428,3
MGYG000002663,Gut,1452,3.309215,9.192499,6,-8.145252,8.07613,3
MGYG000002664,Gut,1511,1.6205386,9.04956,6,-6.7436175,11.088016,3
MGYG000002665,Gut,1406,-0.8321899,8.123148,4,-0.41077816,17.409153,0
MGYG000002666,Gut,516,-1.5422271,7.619362,4,-2.0832357,0.37912527,4
MGYG000002667,Gut,1569,-3.8434067,7.888794,4,12.636529,-2.0191462,6
MGYG000002668,Gut,1813,3.3034983,9.831575,6,-8.258878,8.06322,3
MGYG000002669,Gut,1078,-0.85677147,8.051055,4,-0.41416538,17.410353,0
MGYG000002670,Gut,2154,-3.8024952,9.805469,4,7.8024335,3.5975914,7
MGYG000002671,Gut,2016,-2.4095025,9.852907,4,5.2558002,2.9109857,-1
MGYG000002672,Gut,1787,-3.2883554,8.50745,4,9.723555,-4.7562447,6
MGYG000002673,Gut,2478,-3.1116366,2.639532,4,11.5896845,-1.7082278,6
MGYG000002674,Gut,1614,3.1007402,7.008909,6,-6.556774,13.292115,3
MGYG000002675,Gut,1731,3.2914362,8.476432,6,-6.6171393,13.106008,3
MGYG000002676,Gut,1710,-2.4536612,6.8972583,4,9.745962,-4.897964,6
MGYG000002677,Gut,1331,-2.6089773,4.4192758,4,9.776657,-4.227359,6
MGYG000002678,Gut,1140,-2.2765837,6.834327,4,8.112713,-6.2330136,6
MGYG000002680,Gut,2724,-3.0697854,2.832935,4,11.509186,-1.670802,6
MGYG000002681,Gut,1711,-2.5622735,4.817356,4,10.024831,-4.424085,6
MGYG000002682,Gut,2108,-2.9688177,2.998973,4,11.583358,-1.7665613,6
MGYG000002683,Gut,2332,-2.904161,8.525113,4,8.949248,-4.099845,6
MGYG000002684,Gut,1822,-2.9203246,5.122834,4,10.215204,-3.4701643,6
MGYG000002685,Gut,2403,-2.8464673,5.566665,4,9.107959,-3.9748359,6
MGYG000002686,Gut,1293,5.018697,6.3885303,5,15.203568,14.377098,0
MGYG000002687,Gut,2183,-1.3633916,4.072502,4,3.2947404,8.1085825,3
MGYG000002688,Gut,1283,-2.380958,6.5032296,4,8.083219,-6.158356,6
MGYG000002689,Gut,1867,-2.7732744,3.0556972,4,10.963415,-2.8856242,6
MGYG000002690,Gut,1702,14.544708,10.571466,0,7.2305336,16.747375,0
MGYG000002691,Gut,2714,-2.9163315,3.0775824,4,11.485897,-1.6652272,6
MGYG000002692,Gut,908,13.884866,9.222097,0,7.951566,17.934898,0
MGYG000002693,Gut,2428,-4.6074505,4.8456774,4,7.835741,2.0519361,7
MGYG000002694,Gut,1899,-2.7965934,3.910114,4,9.832715,-3.844836,6
MGYG000002695,Gut,1571,-2.710036,6.454107,4,9.626562,-4.67995,6
MGYG000002696,Gut,2117,-3.2287042,2.7982733,4,12.199,-1.7309339,6
MGYG000002697,Gut,1996,-2.536065,4.457448,4,9.902981,-3.9307957,6
MGYG000002698,Gut,1203,-2.1038637,3.8106894,4,11.258663,-2.672873,6
MGYG000002699,Gut,2710,-1.9422247,4.4830394,4,10.708768,-3.9031093,6
MGYG000002701,Gut,1212,-2.4341784,4.6400347,4,9.050537,-5.139048,6
MGYG000002702,Gut,2098,-2.4041173,4.6880226,4,9.99356,-3.8321884,6
MGYG000002703,Gut,1894,-1.001162,6.614852,4,-10.206669,0.13681015,1
MGYG000002704,Gut,2385,-2.940445,3.0287998,4,11.548984,-1.7207165,6
MGYG000002705,Gut,2372,-2.4626615,4.402157,4,9.967676,-3.8509269,6
MGYG000002706,Gut,1950,-1.1094617,4.2150607,4,3.308675,8.095642,3
MGYG000002707,Gut,2305,-3.2299008,2.802964,4,11.493449,-1.6846541,6
MGYG000002708,Gut,2389,-2.95236,5.0554614,4,10.182557,-3.600188,6
MGYG000002709,Gut,1730,-2.598805,4.452006,4,9.836084,-4.0380554,6
MGYG000002710,Gut,1999,-1.6932459,5.5360303,4,12.132772,-2.8629646,6
MGYG000002711,Gut,2857,-2.5584607,4.290483,4,9.979378,-3.8561337,6
MGYG000002712,Gut,2034,5.1477995,6.4271164,5,15.391746,14.621166,0
MGYG000002713,Gut,1944,-2.985574,8.631176,4,8.925462,-4.086846,6
MGYG000002714,Gut,1416,15.042303,13.620668,0,7.1963844,17.611591,0
MGYG000002715,Gut,1939,-1.6948949,5.735053,4,11.779988,-2.1641438,6
MGYG000002716,Gut,1644,-3.8025014,7.901134,4,12.622952,-2.0428724,6
MGYG000002717,Gut,3862,1.2798845,8.6816635,6,-10.136236,9.679781,3
MGYG000002718,Gut,2423,-2.0117054,4.9775505,4,11.048898,-1.6248661,6
MGYG000002719,Gut,2362,-2.8421004,5.0933914,4,9.104982,-3.9722075,6
MGYG000002720,Gut,1898,-2.4167693,3.6314042,4,11.976124,-2.4011917,6
MGYG000002721,Gut,2294,3.227848,8.537256,6,-8.274612,11.089574,3
MGYG000002722,Gut,1502,2.8022118,7.1821723,6,-6.7248116,12.921807,3
MGYG000002723,Gut,1537,-3.6412122,7.869332,4,9.595667,-4.974494,6
MGYG000002724,Gut,1758,-2.8520226,3.1130862,4,11.916218,-2.3333483,6
MGYG000002725,Gut,2332,3.7945993,8.380102,6,-8.303098,11.196119,3
MGYG000002726,Gut,2026,-2.3778343,3.94731,4,11.5796795,-1.7514886,6
MGYG000002727,Gut,2376,-3.0697691,2.7368546,4,11.551267,-1.7114842,6
MGYG000002728,Gut,1539,14.886399,12.981671,0,7.0300045,17.525965,0
MGYG000002729,Gut,1031,14.409441,9.687344,0,7.9168816,17.929897,0
MGYG000002730,Gut,1419,15.006176,13.720784,0,7.0700192,17.683525,0
MGYG000002731,Gut,897,15.072126,13.989655,0,7.1777887,17.727367,0
MGYG000002732,Gut,1464,14.981386,13.386566,0,7.0547175,17.724308,0
MGYG000002733,Gut,1641,14.369421,9.884379,0,6.853374,17.401865,0
MGYG000002734,Gut,1637,14.700414,11.455215,0,6.828527,17.503912,0
MGYG000002735,Gut,1670,14.672119,11.706368,0,7.1779656,17.06658,0
MGYG000002736,Gut,1886,-2.7439086,6.579563,4,9.660201,-3.4072478,6
MGYG000002737,Gut,1602,3.2478616,9.147433,6,-8.0786085,8.074262,3
MGYG000002738,Gut,3138,-5.6835604,4.3233213,4,8.437688,2.0350244,7
MGYG000002739,Gut,1426,15.020118,13.785068,0,6.9360476,17.758425,0
MGYG000002740,Gut,1593,14.8148775,12.286239,0,6.89576,17.818684,0
MGYG000002741,Gut,1652,14.725003,11.175874,0,6.861241,17.346367,0
MGYG000002742,Gut,1639,14.692819,11.473693,0,6.741148,17.446587,0
MGYG000002743,Gut,1603,14.834703,12.619488,0,6.975297,17.383942,0
MGYG000002744,Gut,1731,14.513474,11.010268,0,7.241703,16.458517,0
MGYG000002745,Gut,1714,14.676374,11.584391,0,7.141061,16.57534,0
MGYG000002746,Gut,1552,14.744393,10.990531,0,7.0122514,17.805244,0
MGYG000002747,Gut,1639,14.608597,9.759483,0,6.895614,17.381683,0
MGYG000002748,Gut,1660,14.684559,11.482924,0,6.9162765,17.193369,0
MGYG000002749,Gut,1334,15.038186,13.738511,0,6.908461,17.793806,0
MGYG000002750,Gut,1475,14.922692,13.150032,0,7.0970263,17.780212,0
MGYG000002751,Gut,1728,14.630956,10.621785,0,7.2481923,16.611568,0
MGYG000002752,Gut,1607,14.522466,10.553884,0,6.8557916,17.565718,0
MGYG000002753,Gut,1287,-1.4975557,5.414482,4,12.669316,-2.0075767,6
MGYG000002754,Gut,1709,14.315694,10.260751,0,7.0599337,16.80043,0
MGYG000002755,Gut,1682,14.59965,11.001499,0,6.958863,16.981281,0
MGYG000002756,Gut,3208,-4.690988,4.067911,4,8.455878,2.0104005,7
MGYG000002757,Gut,1724,14.507358,10.138054,0,7.4002166,16.867733,0
MGYG000002758,Gut,1654,-2.9504478,8.644622,4,8.922404,-4.1044297,6
MGYG000002759,Gut,1613,14.897058,12.941946,0,7.0770025,17.26478,0
MGYG000002760,Gut,1739,14.244183,9.987073,0,7.3140574,16.327938,0
MGYG000002761,Gut,1011,4.2782726,5.288144,5,15.061008,14.2152,0
MGYG000002762,Gut,2413,3.627149,8.49122,6,-8.337027,11.226303,3
MGYG000002763,Gut,1659,14.561453,10.247923,0,6.924732,17.052605,0
MGYG000002764,Gut,1573,14.753466,12.127635,0,6.942509,17.199787,0
MGYG000002765,Gut,1487,14.105613,10.035335,0,7.3563895,17.516182,0
MGYG000002766,Gut,1451,14.994566,13.598757,0,6.854377,17.661686,0
MGYG000002767,Gut,735,14.559903,9.72393,0,7.9482102,17.948755,0
MGYG000002768,Gut,1040,-2.0913565,8.262623,4,8.138036,-5.7019296,6
MGYG000002769,Gut,1032,-1.7860954,17.494228,2,2.8679292,-10.812673,-1
MGYG000002770,Gut,2167,-1.2439584,13.877173,3,15.941227,6.8488545,5
MGYG000002771,Gut,1399,-2.7320197,9.37053,4,10.399157,-5.9967685,-1
MGYG000002772,Gut,2423,-6.6700916,4.706768,4,8.0163,1.7558315,7
MGYG000002773,Gut,1224,-2.1328595,17.00469,2,2.6128502,-11.132681,-1
MGYG000002774,Gut,2737,1.653012,4.8491745,5,11.798305,8.280337,5
MGYG000002775,Gut,1720,14.550894,9.872595,0,7.3343434,16.590761,0
MGYG000002776,Gut,1486,-2.3833458,3.4279993,4,11.87196,-1.949505,6
MGYG000002777,Gut,1271,-3.866329,5.3821034,4,1.6954328,2.2120068,4
MGYG000002778,Gut,1671,14.233011,10.155233,0,7.1759644,17.137901,0
MGYG000002779,Gut,2584,-2.5302641,6.03425,4,15.860375,6.915106,5
MGYG000002780,Gut,2199,-2.0324595,3.3714762,4,11.97243,-4.1285825,6
MGYG000002781,Gut,1488,-2.31548,6.840373,4,8.035833,-6.224912,6
MGYG000002782,Gut,1748,5.2762127,6.530932,5,10.774454,15.587973,0
MGYG000002783,Gut,1674,2.1362896,9.239718,6,-7.941265,8.615147,3
MGYG000002784,Gut,1472,2.905085,3.329858,-1,-6.39928,10.860553,3
MGYG000002785,Gut,1467,-6.5898046,4.7648277,4,8.263039,2.0973837,7
MGYG000002786,Gut,1339,-1.5470583,7.2452717,4,-1.7655731,4.6744943,4
MGYG000002787,Gut,2876,1.8685579,5.002754,5,11.658319,8.386029,5
MGYG000002788,Gut,1065,-1.9259008,6.1242776,4,8.243853,-5.8274217,6
MGYG000002789,Gut,1679,-3.1041305,12.635879,3,11.462338,8.843564,5
MGYG000002790,Gut,936,-1.9050647,6.0532093,4,8.193179,-5.8719563,6
MGYG000002791,Gut,1336,-5.445405,5.024938,4,11.235561,-0.96399355,6
MGYG000002792,Gut,1252,-3.8727732,5.367896,4,1.6936891,2.2007365,4
MGYG000002793,Gut,1089,15.005599,13.76643,0,7.0431023,17.880621,0
MGYG000002794,Gut,1566,-2.4325852,3.5957487,4,11.939313,-2.3836012,6
MGYG000002795,Gut,1441,-1.500548,5.356139,4,12.028032,-2.9441502,6
MGYG000002797,Gut,932,-2.0350568,16.896551,2,2.8600779,-10.834247,-1
MGYG000002798,Gut,1150,-1.7767687,17.756618,2,2.7299008,-10.996028,-1
MGYG000002799,Gut,908,-0.30328605,16.230743,3,9.32041,-13.731042,-1
MGYG000002800,Gut,2365,-0.36145565,7.632597,4,2.244165,1.6755257,4
MGYG000002801,Gut,1547,5.5179687,6.7151318,5,10.747906,15.621878,0
MGYG000002802,Gut,2015,-3.9100008,7.8269486,4,12.64282,-1.9179423,6
MGYG000002803,Gut,1462,-1.8662267,10.625277,4,-0.36379647,17.367418,0
MGYG000002804,Gut,1026,-0.9434614,15.698127,3,9.668077,-14.128016,-1
MGYG000002805,Gut,1743,-2.8574257,8.581109,4,10.509841,-5.797597,-1
MGYG000002807,Gut,1459,-2.9283185,9.002305,4,10.380676,-5.959039,-1
MGYG000002808,Gut,1170,14.965363,13.650502,0,7.125876,17.217588,0
MGYG000002809,Gut,1551,-1.8914715,3.1730297,4,12.484836,-4.448406,6
MGYG000002810,Gut,1509,-3.6789877,7.9298553,4,9.59473,-4.920418,6
MGYG000002811,Gut,1204,-2.1342123,17.210281,2,2.5918932,-11.169671,-1
MGYG000002812,Gut,741,-0.4966188,16.526524,3,9.192952,-13.612766,-1
MGYG000002813,Gut,1558,-0.26317832,11.528478,4,-6.0364785,-0.37156618,1
MGYG000002814,Gut,872,-0.46662727,15.778733,3,9.339209,-13.7605715,-1
MGYG000002815,Gut,1545,-2.9073515,15.730937,2,12.856188,2.8509781,7
MGYG000002816,Gut,4516,5.748786,-1.8414881,-1,-13.03694,-2.695553,1
MGYG000002817,Gut,5323,2.1509457,7.070404,6,-1.0593491,-5.8543043,2
MGYG000002818,Gut,3753,-1.589465,16.71448,2,10.362778,3.855595,-1
MGYG000002819,Gut,1661,1.6833347,14.177367,-1,1.6031605,1.2167487,4
MGYG000002820,Gut,794,-1.7080772,6.9831133,4,1.6363474,2.161693,4
MGYG000002821,Gut,1650,-1.6872871,11.43061,4,12.583211,2.4905908,7
MGYG000002822,Gut,913,-3.990176,13.783876,3,13.804306,8.4344425,5
MGYG000002823,Gut,4016,5.6755047,-2.5480306,-1,-12.835388,-2.3567972,1
MGYG000002824,Gut,1602,14.713827,12.060737,0,7.7021446,17.229399,0
MGYG000002825,Gut,4509,5.9069333,-2.0448396,-1,-13.036613,-2.1708553,1
MGYG000002826,Gut,940,-3.5585873,14.128913,3,13.723361,8.381341,5
MGYG000002827,Gut,4630,6.038594,5.314563,1,-11.564164,-1.3152461,1
MGYG000002828,Gut,1752,-3.203347,2.639265,4,11.452291,-1.6600552,6
MGYG000002829,Gut,4718,-3.9822395,3.9850404,4,9.372622,1.9059991,7
MGYG000002830,Gut,1595,1.7172312,14.170128,-1,1.5674413,1.1593758,4
MGYG000002831,Gut,1198,-2.1675022,7.786848,4,8.182822,-5.52926,6
MGYG000002832,Gut,1803,3.2478998,10.026115,6,-8.283667,8.154577,3
MGYG000002834,Gut,2426,3.2768507,10.1524105,6,-8.577801,7.6889887,3
MGYG000002835,Gut,2480,-4.986853,5.259,4,8.231731,2.2119699,7
MGYG000002836,Gut,3815,-0.71154404,9.942682,4,9.063193,2.9424458,7
MGYG000002837,Gut,2933,-5.260785,4.602188,4,8.325441,1.9148914,7
MGYG000002838,Gut,3164,-4.676894,4.524358,4,8.24511,1.57802,7
MGYG000002839,Gut,1523,-2.2487323,14.044776,3,13.486036,8.504713,5
MGYG000002840,Gut,2424,-3.0587566,2.8954585,4,11.800537,-1.8410292,6
MGYG000002841,Gut,2302,-4.6636825,7.7499957,4,12.4028425,-1.6997805,6
MGYG000002842,Gut,530,3.6254692,4.7847176,5,11.289783,15.42088,0
MGYG000002843,Gut,1465,-3.5475304,14.126453,3,13.682708,8.330659,5
MGYG000002844,Gut,1784,14.530341,10.216209,0,7.431634,16.365261,0
MGYG000002845,Gut,2531,-5.5552034,4.7355886,4,7.962231,1.6663027,7
MGYG000002846,Gut,2862,-1.5826596,4.093954,4,3.2983594,8.105451,3
MGYG000002847,Gut,1624,14.475276,11.121123,0,6.8796563,17.381292,0
MGYG000002848,Gut,1535,-2.682986,9.346294,4,10.404489,-6.0001473,-1
MGYG000002849,Gut,1620,14.724768,11.978878,0,6.866617,17.400251,0
MGYG000002850,Gut,1490,14.759002,12.185014,0,7.01523,17.775888,0
MGYG000002851,Gut,1672,14.633982,11.658771,0,7.0944877,16.795242,0
MGYG000002852,Gut,1687,14.500858,10.075416,0,7.0869637,16.780277,0
MGYG000002853,Gut,1595,14.740043,11.582283,0,6.963466,17.398891,0
MGYG000002854,Gut,1812,-1.8926749,16.886106,2,11.612828,1.6244127,7
MGYG000002855,Gut,1504,14.886716,13.160455,0,7.035567,17.571814,0
MGYG000002857,Gut,2044,-3.8524532,4.4599442,4,10.212764,-3.7809875,6
MGYG000002858,Gut,1722,14.16614,9.914358,0,7.261427,16.485117,0
MGYG000002859,Gut,1801,14.058744,9.380438,0,7.599543,16.159292,0
MGYG000002860,Gut,1682,14.55986,11.002922,0,7.204679,16.584019,0
MGYG000002861,Gut,1968,0.0969076,7.2310457,4,2.184783,1.6634132,4
MGYG000002863,Gut,1556,-1.9863122,5.1761565,4,11.083173,-1.6257433,6
MGYG000002864,Gut,1587,14.817883,12.522128,0,6.893429,17.555859,0
MGYG000002865,Gut,1493,14.625702,10.691352,0,7.138901,17.693842,0
MGYG000002866,Gut,1280,14.943583,13.265146,0,7.2272778,17.834492,0
MGYG000002867,Gut,1440,3.0383902,7.025011,6,-6.60572,13.095833,3
MGYG000002868,Gut,1206,2.2908802,8.519226,6,-7.7663116,10.992389,3
MGYG000002869,Gut,1667,14.652918,11.892068,0,6.962169,17.04547,0
MGYG000002870,Gut,870,-1.0686837,15.341646,3,9.378402,-13.856089,-1
MGYG000002871,Gut,1161,14.971568,13.535176,0,6.806678,17.55467,0
MGYG000002872,Gut,2344,-3.5088813,7.7958794,4,9.771283,-4.401912,6
MGYG000002873,Gut,1306,-1.5128863,7.367907,4,-2.189197,0.49707326,4
MGYG000002874,Gut,2040,-3.0853257,3.7930257,4,12.651487,-1.90207,6
MGYG000002875,Gut,1833,3.608586,8.247716,6,-7.904674,11.117259,3
MGYG000002876,Gut,1915,-3.668989,9.324135,4,11.174628,0.80216897,7
MGYG000002877,Gut,1808,3.1609895,9.072157,6,-8.301526,8.076047,3
MGYG000002878,Gut,1921,4.1474643,8.842017,6,-6.309764,12.485374,3
MGYG000002879,Gut,474,-2.2953641,6.832302,4,3.120698,-9.148981,-1
MGYG000002880,Gut,1756,-3.093609,9.610605,4,9.01482,-3.1783464,6
MGYG000002881,Gut,1018,-3.4843018,8.307691,4,8.875883,-3.0752356,6
MGYG000002882,Gut,1909,-2.9459846,3.0464888,4,11.941809,-2.3878076,6
MGYG000002883,Gut,1225,-1.7304399,10.654417,4,-0.3647805,17.369291,0
MGYG000002884,Gut,1483,-2.3830118,9.70073,4,-0.31018806,17.313696,0
MGYG000002885,Gut,2775,6.955554,5.393123,1,-11.527246,-1.2807416,1
MGYG000002886,Gut,3647,6.7483106,5.180118,1,-11.270772,-1.0410982,1
MGYG000002887,Gut,1275,-2.870514,16.514702,2,12.858794,2.8698018,7
MGYG000002888,Gut,1951,7.1552134,6.0582666,1,-6.858629,-10.190449,2
MGYG000002889,Gut,4065,6.1513467,-2.4113755,-1,-12.509978,-2.2084887,1
MGYG000002890,Gut,1405,-4.1781454,14.020522,3,13.858011,8.50971,5
MGYG000002891,Gut,1592,-4.133092,13.978127,3,13.791146,8.442206,5
MGYG000002892,Gut,1060,-2.9603767,15.632855,2,12.9247465,2.926107,7
MGYG000002893,Gut,1764,3.7993233,-1.1024197,-1,-11.014991,0.5078545,1
MGYG000002894,Gut,1770,7.485033,5.754987,1,-5.6453853,-10.315942,2
MGYG000002895,Gut,1229,7.509204,6.0301843,1,-5.936476,-10.417649,2
MGYG000002896,Gut,1045,-1.7091979,11.441286,4,12.543866,2.4585345,7
MGYG000002897,Gut,1610,8.440786,5.264553,1,-5.4864373,-10.4623995,2
MGYG000002898,Gut,1901,3.8190224,-1.1295179,-1,-11.000632,0.47833952,1
MGYG000002899,Gut,1581,8.446831,5.2591114,1,-5.452412,-10.494254,2
MGYG000002900,Gut,1972,6.2747555,6.627999,1,-5.815429,-10.162115,2
MGYG000002901,Gut,994,-2.985462,15.588716,2,12.913325,2.9129038,7
MGYG000002902,Gut,825,1.5612825,14.088286,-1,1.6318197,1.3165003,4
MGYG000002903,Gut,1088,-1.5671939,7.0063725,4,1.6809168,2.068068,4
MGYG000002904,Gut,4819,5.8013206,-1.9549898,-1,-12.970083,-2.2753835,1
MGYG000002905,Gut,1904,2.0663514,9.504313,6,-7.9501505,10.906458,3
MGYG000002907,Gut,3132,-1.775431,7.06176,4,2.4960716,1.7825562,4
MGYG000002908,Gut,1131,3.6261814,4.7919736,5,11.276338,15.420645,0
MGYG000002909,Gut,1044,-1.1651976,15.091955,3,13.427154,8.74974,5
MGYG000002910,Gut,1556,4.829869,6.0754313,5,15.2476,14.50425,0
MGYG000002911,Gut,1683,14.559557,9.685973,0,7.2537704,16.849566,0
MGYG000002912,Gut,1324,-2.429541,8.017101,4,8.110143,-6.0337396,6
MGYG000002913,Gut,1615,-2.365328,7.118232,4,9.278321,-4.3595543,6
MGYG000002914,Gut,1177,5.329415,6.557653,5,10.84138,15.549158,0
MGYG000002915,Gut,1401,14.8250265,12.450154,0,6.7866917,17.541443,0
MGYG000002916,Gut,1517,14.671745,10.755175,0,7.116113,17.659494,0
MGYG000002917,Gut,1674,14.491981,10.588758,0,7.149296,16.932774,0
MGYG000002918,Gut,1670,14.4887905,10.018147,0,7.0162215,17.234503,0
MGYG000002919,Gut,1840,14.206893,9.368497,0,7.6854687,16.111034,0
MGYG000002920,Gut,1604,3.3053393,8.990837,6,-7.679993,11.202255,3
MGYG000002921,Gut,1073,14.983076,13.819492,0,7.216704,17.673841,0
MGYG000002922,Gut,1625,4.1905074,8.453594,6,-6.3507786,12.451605,3
MGYG000002923,Gut,1545,14.81968,12.364635,0,6.9916935,17.497454,0
MGYG000002924,Gut,2158,5.261254,6.569857,5,15.430725,14.66262,0
MGYG000002925,Gut,1081,-1.0851613,15.145363,3,9.72211,-14.184923,-1
MGYG000002926,Gut,1615,-2.9241338,2.9949853,4,11.849938,-2.405628,6
MGYG000002927,Gut,1348,14.945055,13.528349,0,7.126173,17.78982,0
MGYG000002928,Gut,946,14.188814,9.4087105,0,7.9392495,17.951323,0
MGYG000002929,Gut,1214,14.887848,12.749467,0,7.374542,17.682919,0
MGYG000002930,Gut,1906,2.0208616,9.841472,6,-8.031298,8.645354,3
MGYG000002931,Gut,587,2.931832,3.3563685,-1,-6.3748794,10.808524,3
MGYG000002932,Gut,1784,14.341741,9.528377,0,7.4698153,16.246288,0
MGYG000002933,Gut,2395,1.3845631,8.2975025,6,-9.664912,8.82693,3
MGYG000002934,Gut,2538,-2.6924524,5.47676,4,10.639188,-2.2398698,6
MGYG000002935,Gut,2117,1.5511072,8.585681,6,-9.628194,8.810163,3
MGYG000002936,Gut,1542,14.878544,12.973829,0,6.9811063,17.774601,0
MGYG000002937,Gut,2656,-1.4172739,7.0437307,4,-1.3685911,-5.422167,2
MGYG000002938,Gut,2243,-0.5514889,9.933361,4,10.330182,3.907334,-1
MGYG000002939,Gut,2767,-2.8427541,13.641644,3,11.99846,8.110001,5
MGYG000002940,Gut,1024,2.7964401,7.5597243,6,-2.83307,-14.995988,2
MGYG000002941,Gut,1484,7.769054,5.734982,1,-5.5511713,-10.399109,2
MGYG000002942,Gut,443,-0.64520556,8.158598,4,-1.7977377,-1.1313158,4
MGYG000002943,Gut,2397,6.2960176,6.631025,1,-5.8634496,-10.121399,2
MGYG000002944,Gut,2353,-3.1862693,2.5752304,4,11.533864,-1.7172836,6
MGYG000002945,Gut,3563,-4.4907002,4.5961795,4,8.595084,1.4039549,7
MGYG000002946,Gut,3792,-3.1663594,3.5400116,4,9.375655,1.9266849,7
MGYG000002947,Gut,1569,14.136149,9.732128,0,6.9654865,17.504555,0
MGYG000002948,Gut,1754,14.338402,9.81585,0,7.43092,16.33738,0
MGYG000002949,Gut,4132,-5.84424,4.682231,4,8.777131,1.4737612,7
MGYG000002950.1,Gut,1215,-2.6814573,16.586538,2,13.5046425,10.33089,5
MGYG000002951,Gut,451,-1.8373333,10.581797,4,-1.8176763,-1.1094831,4
MGYG000002952,Gut,966,-1.4331192,13.933939,3,15.510011,7.119634,5
MGYG000002953,Gut,3221,-3.211612,2.6219077,4,11.392014,-1.5874623,6
MGYG000002954,Gut,2097,-3.8343177,9.202882,4,11.1449175,0.7804601,7
MGYG000002955,Gut,1807,-1.1292243,4.2293525,4,3.309545,8.094945,3
MGYG000002956,Gut,1080,-3.0573862,12.770417,3,11.401276,9.226453,5
MGYG000002957,Gut,1428,4.8452573,6.1141353,5,15.236427,14.446417,0
MGYG000002958,Gut,1736,14.490122,9.621116,0,7.3691826,16.380735,0
MGYG000002959,Gut,1455,-2.8631063,16.509937,2,12.20081,1.8426301,7
MGYG000002960,Gut,2120,3.249862,10.133317,6,-8.60226,7.671828,3
MGYG000002961,Gut,1688,14.533127,10.10318,0,7.8030877,17.033566,0
MGYG000002962,Gut,2867,-0.75262195,17.326324,2,10.091653,4.1219563,-1
MGYG000002963,Gut,4148,-1.4785646,13.967785,3,9.020422,2.959153,7
MGYG000002964,Gut,2072,-2.6427228,3.8595223,4,11.556672,-1.6993841,6
MGYG000002965,Gut,1827,-3.0303278,4.8361096,4,10.056709,-3.5539763,6
MGYG000002966,Gut,3706,-5.1646867,4.482004,4,8.601258,1.6812239,7
MGYG000002967,Gut,2435,-2.851565,13.659196,3,12.013861,8.093888,5
MGYG000002968,Gut,1721,14.479608,10.925427,0,7.2422757,16.516428,0
MGYG000002969,Gut,1631,-3.0992737,5.43095,4,2.3680482,2.44205,4
MGYG000002970,Gut,1618,14.633128,11.7939625,0,6.852795,17.33235,0
MGYG000002971,Gut,1609,14.609816,9.924338,0,6.7769856,17.29238,0
MGYG000002972,Gut,1121,3.979991,4.245259,5,11.473706,15.354285,0
MGYG000002974,Gut,2035,-4.0006504,5.094103,4,7.9327307,2.2417958,7
MGYG000002975,Gut,1533,-3.7730408,9.404566,4,11.200738,0.8250672,7
MGYG000002976,Gut,481,-0.6458949,8.158409,4,-1.8000427,-1.1291732,4
MGYG000002977,Gut,1032,5.1121984,2.9348311,-1,-2.9021544,-14.93762,2
MGYG000002978,Gut,1734,14.605135,11.309651,0,7.268951,16.410898,0
MGYG000002980,Gut,1835,-2.3029954,4.9552674,4,10.47675,-5.5215993,-1
MGYG000002981,Gut,1721,13.9218025,9.391835,0,7.3433647,16.474874,0
MGYG000002982,Gut,918,-3.6443946,14.136988,3,13.764006,8.389544,5
MGYG000002983,Gut,1019,-0.8988001,15.368385,3,13.423909,8.746993,5
MGYG000002984,Gut,1362,-2.791506,8.1819935,4,9.318572,-4.618381,6
MGYG000002985,Gut,2096,-6.237297,4.269284,4,8.268074,2.235487,7
MGYG000002986,Gut,1660,-1.0735762,15.226076,3,13.460527,8.719083,5
MGYG000002987,Gut,536,-0.6407863,8.163206,4,-1.8028718,-1.1234912,4
MGYG000002988,Gut,1603,6.249296,6.5570245,1,-5.6428146,-10.235816,2
MGYG000002989,Gut,2464,-6.2325764,4.317625,4,8.224855,2.292387,7
MGYG000002990,Gut,1388,-4.390661,4.1873136,4,1.753636,2.2180595,4
MGYG000002991,Gut,1709,14.436026,10.027459,0,7.241939,16.480047,0
MGYG000002992,Gut,2108,-6.5222673,4.7278805,4,7.9010034,1.6666692,7
MGYG000002993,Gut,2139,-1.6149851,5.338084,4,12.13256,-2.9098141,6
MGYG000002994,Gut,1974,0.09176597,7.22579,4,2.2222826,1.6874622,4
MGYG000002995,Gut,3926,-3.2435591,3.5963264,4,9.402702,1.9365362,7
MGYG000002996,Gut,1979,-1.0932039,4.214369,4,3.3132267,8.090045,3
MGYG000002997,Gut,1384,-3.4868968,13.295016,3,13.550639,8.268668,5
MGYG000002998,Gut,1050,3.6316571,4.7944493,5,11.301904,15.410405,0
MGYG000002999,Gut,656,7.6006336,6.001555,1,-6.1989574,-10.733565,2
MGYG000003000,Gut,1113,7.7367444,6.140999,1,-6.229412,-10.745137,2
MGYG000003001,Gut,1660,-1.6426281,5.6441693,4,10.279214,2.1191573,7
MGYG000003002,Gut,1717,-4.158946,13.976074,3,13.739433,8.380679,5
MGYG000003003,Gut,1456,3.5845299,4.8510485,5,15.076787,14.243536,0
MGYG000003004,Gut,2171,-2.9225988,4.8652563,4,10.085346,-3.6338108,6
MGYG000003005,Gut,2180,-3.4293854,8.554033,4,8.807098,-3.09001,6
MGYG000003006,Gut,1389,14.850782,12.771631,0,6.9778166,17.78307,0
MGYG000003007,Gut,1762,14.393324,9.535009,0,7.4128346,16.327456,0
MGYG000003008,Gut,509,-0.6408024,8.154775,4,-1.8034793,-1.1258862,4
MGYG000003009,Gut,1047,-4.4750533,4.072142,4,10.166574,2.1927652,7
MGYG000003010,Gut,1262,-2.2431448,14.067422,3,13.517364,8.499336,5
MGYG000003011,Gut,1677,14.583102,10.164649,0,7.1448717,16.813427,0
MGYG000003012,Gut,2866,-5.9974594,4.5923953,4,8.3817215,2.096352,7
MGYG000003013,Gut,2070,-4.5453835,4.0407076,4,10.133321,2.229658,7
MGYG000003014,Gut,1382,7.751382,5.7160892,1,-5.5894113,-10.374583,2
MGYG000003015,Gut,1667,3.7782414,-1.101369,-1,-11.022503,0.52270454,1
MGYG000003016,Gut,3389,6.572314,5.3430905,1,-11.677349,-1.4413385,1
MGYG000003017,Gut,1835,2.9027576,5.798404,5,-9.631821,0.23750086,1
MGYG000003018,Gut,1871,2.734052,7.071159,6,-6.682197,13.209311,3
MGYG000003019,Gut,1129,2.93845,7.038006,6,-6.663914,13.03745,3
MGYG000003020,Gut,1169,14.972824,13.307836,0,7.21465,17.774153,0
MGYG000003021,Gut,615,3.758542,-1.1024631,-1,-11.058263,0.53151214,1
MGYG000003022,Gut,2009,2.5755732,5.9087663,5,-9.531318,0.17481169,1
MGYG000003023,Gut,1618,2.529009,5.912046,5,-9.549267,0.19613783,1
MGYG000003024,Gut,1635,14.740603,11.832344,0,6.7602787,17.310019,0
MGYG000003025,Gut,1589,14.819235,12.541316,0,6.753068,17.540915,0
MGYG000003026,Gut,1534,14.857514,12.840502,0,7.0949244,17.890797,0
MGYG000003027,Gut,1245,14.9298525,13.41455,0,7.2383285,17.226862,0
MGYG000003028,Gut,1576,14.941358,13.356835,0,6.77088,17.746067,0
MGYG000003029,Gut,1593,14.7496805,11.623731,0,6.800807,17.904495,0
MGYG000003030,Gut,1593,14.803794,12.348145,0,7.064734,17.408857,0
MGYG000003031,Gut,1552,14.828681,12.402318,0,7.059729,17.863838,0
MGYG000003032,Gut,1631,14.714212,10.639076,0,6.7932296,17.3886,0
MGYG000003033,Gut,1587,14.807379,12.188841,0,6.834175,17.630226,0
MGYG000003034,Gut,1541,14.875205,12.679735,0,7.1287417,17.541403,0
MGYG000003035,Gut,2454,3.3958166,8.278584,6,-8.356617,11.229705,3
MGYG000003036,Gut,1683,14.443236,10.666694,0,7.0558605,16.834082,0
MGYG000003037,Gut,1634,14.2375,9.952442,0,6.80706,17.436548,0
MGYG000003038,Gut,1411,14.839657,12.848531,0,7.320604,17.670822,0
MGYG000003039,Gut,1480,14.165335,9.370794,0,7.365575,17.556126,0
MGYG000003040,Gut,1059,14.962517,13.395576,0,7.0110564,17.216791,0
MGYG000003041,Gut,1704,14.684368,10.357388,0,6.985182,16.914186,0
MGYG000003042,Gut,2226,-1.9470221,3.29123,4,12.105561,-4.202884,6
MGYG000003043,Gut,1609,14.804727,12.254067,0,6.814658,17.616749,0
MGYG000003044,Gut,1693,14.62861,10.044216,0,7.0482745,16.898169,0
MGYG000003045,Gut,1516,14.846796,12.9154415,0,6.8501143,17.686668,0
MGYG000003046,Gut,1644,14.437152,10.424228,0,6.8472104,17.350859,0
MGYG000003047,Gut,1431,14.868157,13.046526,0,7.003484,17.694069,0
MGYG000003048,Gut,1394,14.942855,13.37888,0,6.8877773,17.521858,0
MGYG000003050,Gut,1259,14.948371,13.599917,0,7.1180797,17.723558,0
MGYG000003051,Gut,1689,14.515163,10.753955,0,7.129973,16.71875,0
MGYG000003052,Gut,1775,14.440805,9.682858,0,7.5013294,16.23646,0
MGYG000003053,Gut,1711,14.50481,9.929592,0,7.23699,16.578472,0
MGYG000003054,Gut,1418,-3.0119774,9.395774,4,10.414529,-6.01434,-1
MGYG000003055,Gut,1598,-1.2151418,9.442118,4,9.661236,-3.3835626,6
MGYG000003056,Gut,2066,-0.98304886,18.130102,2,13.73021,10.567688,5
MGYG000003057,Gut,1923,-2.7395713,3.162488,4,12.253347,-3.1617677,6
MGYG000003058,Gut,1316,-1.6427029,17.90524,2,2.622012,-11.112004,-1
MGYG000003059,Gut,1620,-2.0974605,5.855204,4,10.434125,-5.744577,-1
MGYG000003060,Gut,1553,3.7151673,-1.077931,-1,-11.02869,0.52849746,1
MGYG000003061,Gut,1155,14.924822,13.898159,0,6.86191,17.549196,0
MGYG000003062,Gut,1704,14.790731,12.56548,0,7.19802,16.674189,0
MGYG000003063,Gut,3289,-4.351812,4.832782,4,8.572203,2.228373,7
MGYG000003064,Gut,2614,1.5248713,8.742681,6,-9.7691,9.039481,3
MGYG000003065,Gut,2346,-6.6567965,4.667813,4,7.9842534,1.7341318,7
MGYG000003066,Gut,1683,14.656155,10.000617,0,6.96125,16.857292,0
MGYG000003067,Gut,1439,14.912979,13.252663,0,7.0032997,17.857285,0
MGYG000003068,Gut,1423,-3.0259159,9.486755,4,9.021559,-4.3920536,6
MGYG000003069,Gut,1666,6.1200047,5.516233,1,-2.1062527,-15.187992,2
MGYG000003070,Gut,1462,-3.1974568,6.4264975,4,9.63657,-4.8855863,6
MGYG000003071,Gut,1122,1.7358375,14.182493,-1,1.4963019,1.0843346,4
MGYG000003072,Gut,6003,1.7560155,7.4435024,6,-1.0487115,-5.870033,2
MGYG000003073,Gut,1559,14.692983,11.543128,0,7.6211505,17.455032,0
MGYG000003074,Gut,2172,-4.475536,4.379633,4,9.717683,2.1998787,7
MGYG000003075,Gut,1745,14.620279,9.739465,0,7.3807287,16.370909,0
MGYG000003076,Gut,2257,1.312641,7.755419,6,-10.577522,8.630258,3
MGYG000003077,Gut,1548,-2.5948946,9.900826,4,-0.35916293,17.362823,0
MGYG000003078,Gut,1684,14.81081,12.66318,0,6.896335,16.864113,0
MGYG000003079,Gut,1748,14.415818,9.855519,0,7.3102174,16.406275,0
MGYG000003081,Gut,1639,14.666742,11.714767,0,7.0996566,17.211618,0
MGYG000003083,Gut,1695,14.236176,9.946874,0,7.1417675,16.744926,0
MGYG000003084,Gut,1560,-3.418165,8.300856,4,9.678922,-4.9187527,6
MGYG000003086,Gut,1020,-1.7296404,17.844189,2,2.7552109,-10.9588995,-1
MGYG000003087,Gut,1946,-2.4229856,5.3509264,4,15.805621,6.955773,5
MGYG000003090,Gut,1076,-1.8648715,14.071268,3,9.684606,-14.151338,-1
MGYG000003091,Gut,2435,1.4868115,8.188142,6,-9.992088,8.933271,3
MGYG000003093,Gut,1702,14.655589,10.822471,0,7.1382895,16.562712,0
MGYG000003094,Gut,2465,0.9181492,8.588649,6,-9.701905,8.848088,3
MGYG000003095,Gut,1208,-0.8235598,15.446628,3,9.351499,-13.852834,-1
MGYG000003096,Gut,1600,14.740892,12.034659,0,6.815304,17.38189,0
MGYG000003097,Gut,3083,1.0201956,8.559546,6,-9.67661,8.932685,3
MGYG000003099,Gut,2301,1.6671599,7.7521343,6,-8.271362,10.821623,3
MGYG000003100,Gut,1458,-3.056844,7.4095483,4,11.254449,-3.1332538,6
MGYG000003104,Gut,1701,-2.9846525,9.592209,4,9.051678,-3.204152,6
MGYG000003107,Gut,1731,14.494238,9.806279,0,7.3263793,16.43833,0
MGYG000003108,Gut,1408,14.842282,13.050184,0,6.9454327,17.842043,0
MGYG000003109,Gut,966,15.009409,13.919899,0,7.0652804,17.818106,0
MGYG000003110,Gut,742,-2.034015,17.340992,2,2.9477284,-10.721992,-1
MGYG000003111,Gut,706,-1.5210027,10.472882,4,3.1140823,-9.1857395,-1
MGYG000003112,Gut,1130,-2.898755,9.148212,4,9.50388,-3.2786038,6
MGYG000003113,Gut,1897,6.281608,6.569108,1,-5.692427,-10.220677,2
MGYG000003114,Gut,2991,-0.7426429,17.313005,2,10.12549,4.092341,-1
MGYG000003115,Gut,2769,6.1876674,-2.363783,-1,-12.760469,-2.3507946,1
MGYG000003116,Gut,2146,-0.83016646,17.32131,2,10.274228,3.9830673,-1
MGYG000003117,Gut,1457,-3.3203945,16.234035,2,12.15916,1.8480653,7
MGYG000003118,Gut,1839,3.8009646,-1.0946093,-1,-10.97452,0.4962617,1
MGYG000003119,Gut,1993,1.7797109,9.9287615,6,-8.556601,10.158514,3
MGYG000003120,Gut,1318,3.6896176,4.7741313,5,-2.3577783,-15.105181,2
MGYG000003121,Gut,1570,-1.1963135,15.192009,3,13.450837,8.713316,5
MGYG000003122,Gut,1764,14.224319,9.875885,0,7.4622064,16.190264,0
MGYG000003123,Gut,3281,5.905429,-2.4079862,-1,-12.551012,-2.2404659,1
MGYG000003124,Gut,1301,7.6418667,6.137075,1,-6.2401953,-10.74653,2
MGYG000003125,Gut,2126,7.845307,5.691433,1,-6.927177,-10.145072,2
MGYG000003126,Gut,1819,3.7770612,-1.1017265,-1,-10.993727,0.5006668,1
MGYG000003127,Gut,2146,5.6469574,-2.3609636,-1,-12.481048,-2.1905365,1
MGYG000003128,Gut,1561,7.67901,5.7984023,1,-6.8806353,-10.0740795,2
MGYG000003129,Gut,1552,-2.6526515,16.10552,2,12.87793,2.8783877,7
MGYG000003130,Gut,1148,7.7005515,5.6852546,1,-5.5736513,-10.388211,2
MGYG000003131,Gut,3152,-0.9167303,7.871258,4,2.4034498,1.6829866,4
MGYG000003132,Gut,2320,1.3948472,8.500926,6,-9.786418,9.4691725,3
MGYG000003133,Gut,3372,-2.3332355,13.978723,3,-1.3725711,-5.502576,2
MGYG000003134,Gut,1703,-4.083085,13.84982,3,13.797918,8.438516,5
MGYG000003135,Gut,1605,6.469128,6.5555964,1,-5.9447136,-10.157319,2
MGYG000003136,Gut,1634,-4.1330075,13.936504,3,13.8143835,8.454218,5
MGYG000003137,Gut,7253,5.973643,5.5566473,1,-11.539775,-1.2962455,1
MGYG000003138,Gut,1677,-4.0685086,13.846647,3,13.773518,8.440359,5
MGYG000003139,Gut,2187,-0.8473545,17.230354,2,10.313853,3.945058,-1
MGYG000003140,Gut,1521,7.168023,5.980884,1,-5.6443567,-10.27116,2
MGYG000003142,Gut,3131,-0.9055213,17.261427,2,10.349241,3.9035552,-1
MGYG000003143,Gut,3436,-1.1993283,17.047249,2,10.337861,3.9096308,-1
MGYG000003144,Gut,3843,3.2155411,2.999422,-1,-12.295669,-2.750143,1
MGYG000003145,Gut,1798,6.3516927,6.413152,1,-5.664995,-10.281279,2
MGYG000003146,Gut,1841,-4.1056714,13.921803,3,13.838241,8.46365,5
MGYG000003147,Gut,3837,-5.1484933,4.291816,4,8.935753,1.5459682,7
MGYG000003148,Gut,1658,-6.4889765,5.037392,4,7.8811307,1.757503,7
MGYG000003149,Gut,1385,-3.7309015,9.477394,4,10.871277,1.8317888,7
MGYG000003150,Gut,1469,-3.0461566,16.340868,2,12.126147,1.8212744,7
MGYG000003152,Gut,2028,3.8959968,8.925352,6,-7.6709332,7.8512144,3
MGYG000003153,Gut,1853,-3.0783622,4.16219,4,10.422619,-5.7973137,-1
MGYG000003154,Gut,1550,-1.9302344,7.027245,4,-0.6855556,10.382032,3
MGYG000003155,Gut,1166,-1.5492908,7.477243,4,-2.1871593,0.4959977,4
MGYG000003156,Gut,1559,-3.1068206,9.604597,4,10.391723,-5.9814725,-1
MGYG000003157,Gut,1348,14.970165,13.451291,0,6.9879866,17.954664,0
MGYG000003158,Gut,1725,3.501888,8.425263,6,-7.690649,11.166971,3
MGYG000003159,Gut,1389,14.952206,13.465385,0,6.931338,17.790478,0
MGYG000003160,Gut,1448,-2.241803,4.781719,4,9.513677,-4.45986,6
MGYG000003161,Gut,1690,-2.889989,9.299149,4,10.4327965,-5.986102,-1
MGYG000003162,Gut,1197,-3.3479378,8.431255,4,8.927549,-3.103824,6
MGYG000003163,Gut,2243,1.1687481,8.599196,6,-9.637457,8.819038,3
MGYG000003164,Gut,2179,3.3915308,8.277365,6,-8.264297,11.224765,3
MGYG000003165,Gut,1832,-4.003015,9.846523,4,7.268427,3.678745,7
MGYG000003166,Gut,2001,-1.8794663,3.1632745,4,12.466617,-4.444809,6
MGYG000003167,Gut,1119,14.981337,13.642232,0,6.9537983,17.863047,0
MGYG000003168,Gut,1463,14.988168,13.443625,0,6.922691,17.663122,0
MGYG000003169,Gut,1175,-2.0021687,6.3475986,4,8.271351,-5.561477,6
MGYG000003170,Gut,1647,4.2429914,6.307617,5,-9.653543,0.26967216,1
MGYG000003171,Gut,1616,-2.1874442,7.101934,4,10.448202,-5.7663674,-1
MGYG000003172,Gut,1319,3.702498,8.451856,6,-8.017683,11.187992,3
MGYG000003173,Gut,1618,14.5880575,10.918939,0,6.8886704,17.607094,0
MGYG000003174,Gut,1776,14.607453,10.297989,0,7.54609,16.28965,0
MGYG000003175,Gut,1021,14.998692,13.726532,0,6.8816013,17.814463,0
MGYG000003176,Gut,1641,-2.0886087,6.7951584,4,10.457253,-5.9699783,-1
MGYG000003177,Gut,1674,3.3505442,9.130226,6,-7.8068027,11.082661,3
MGYG000003178,Gut,2723,6.1472545,-2.4452276,-1,-13.013672,-2.1827414,1
MGYG000003179,Gut,1190,-2.0249546,6.1622252,4,8.167424,-5.976648,6
MGYG000003180,Gut,1653,14.646466,11.252149,0,6.8801556,17.150076,0
MGYG000003181,Gut,1531,14.880071,13.199507,0,6.9471126,17.832947,0
MGYG000003182,Gut,627,-1.7583009,10.493523,4,3.078493,-9.1891775,-1
MGYG000003183,Gut,1697,14.657983,10.358317,0,7.2987337,16.841694,0
MGYG000003184,Gut,3648,6.1922297,-2.4428816,-1,-12.497546,-2.2566268,1
MGYG000003185,Gut,1500,0.9019934,5.1985383,5,11.91148,1.4174007,7
MGYG000003186,Gut,1630,7.3279862,5.8762517,1,-5.5482893,-10.395019,2
MGYG000003187,Gut,4239,5.6853914,-2.5300348,-1,-12.8095455,-2.4255402,1
MGYG000003188,Gut,1678,1.6598642,14.116789,-1,1.5851039,1.1760062,4
MGYG000003189,Gut,2000,3.7724059,-1.0788928,-1,-10.960382,0.444777,1
MGYG000003190,Gut,1740,1.697777,14.147811,-1,1.58373,1.166253,4
MGYG000003191,Gut,1546,14.806602,12.376838,0,7.274404,17.686945,0
MGYG000003192,Gut,3283,-5.9407053,4.6849537,4,8.450495,1.9747217,7
MGYG000003193,Gut,1984,4.3255773,8.733358,6,-6.5188646,12.556321,3
MGYG000003194,Gut,1575,2.8961275,9.358905,6,-7.768566,11.079278,3
MGYG000003195,Gut,1574,-2.8485634,16.05842,2,12.872051,2.871926,7
MGYG000003196,Gut,2100,7.8393507,5.7054377,1,-6.940889,-10.090733,2
MGYG000003197,Gut,1561,1.5447242,14.106953,-1,1.6322613,1.3670368,4
MGYG000003198,Gut,2202,3.3744528,8.505479,6,-8.146996,11.062466,3
MGYG000003199,Gut,1761,3.2903798,8.54704,6,-7.8788953,11.057582,3
MGYG000003200,Gut,2138,3.2581258,8.532796,6,-8.179293,11.108291,3
MGYG000003201,Gut,1886,3.456338,8.387449,6,-8.078483,11.105063,3
MGYG000003202,Gut,1665,3.5286422,8.294836,6,-7.8428802,11.095997,3
MGYG000003203,Gut,3768,1.1588765,7.401058,6,-10.589668,8.624219,3
MGYG000003204,Gut,2016,1.3870641,8.11792,6,-8.16976,10.866804,3
MGYG000003205,Gut,2007,-2.0096323,7.4656525,4,-0.6678136,10.400943,3
MGYG000003206,Gut,1455,14.996454,14.050169,0,7.287986,17.571125,0
MGYG000003207,Gut,1420,-3.121148,8.286247,4,9.637181,-4.925215,6
MGYG000003208,Gut,5464,7.1045327,5.4846473,1,-11.562635,-1.3215327,1
MGYG000003209,Gut,1656,14.310508,10.342681,0,6.871649,17.231396,0
MGYG000003210,Gut,1720,-4.23106,5.352494,4,11.12133,0.7835966,7
MGYG000003211,Gut,1635,-2.6591537,4.2513843,4,9.871809,-3.9769645,6
MGYG000003212,Gut,1342,-1.8263519,5.11905,4,8.059307,-6.1984944,6
MGYG000003213,Gut,1622,14.636907,11.65884,0,6.8237796,17.252337,0
MGYG000003214,Gut,4684,-3.0997362,4.740894,4,8.576565,1.7345928,7
MGYG000003215,Gut,2166,-6.5611067,4.6987114,4,7.7065983,3.6439621,7
MGYG000003216,Gut,1421,-2.5607407,8.075739,4,8.133494,-6.0725837,6
MGYG000003217,Gut,1170,-1.6278688,7.3129797,4,-2.1925535,0.49387774,4
MGYG000003218,Gut,1368,-2.900144,6.969641,4,9.349682,-4.90872,6
MGYG000003219,Gut,1372,-3.1989517,8.217464,4,9.540005,-5.0095344,6
MGYG000003220,Gut,1576,-2.96083,7.189849,4,9.581385,-4.6588645,6
MGYG000003221,Gut,2664,1.3267992,8.170724,6,-9.77265,9.162662,3
MGYG000003222,Gut,1011,-0.42761102,15.902446,3,9.463744,-13.907132,-1
MGYG000003223,Gut,1466,3.8295248,8.315725,6,-7.6693807,11.198794,3
MGYG000003224,Gut,2256,-1.6942842,5.1393313,4,11.076063,-3.8826027,6
MGYG000003225,Gut,1770,14.538928,10.531159,0,7.4865136,16.158455,0
MGYG000003226,Gut,1989,-2.2790444,6.914526,4,8.034055,-6.209249,6
MGYG000003228,Gut,1588,14.766799,12.134324,0,6.9962626,17.512112,0
MGYG000003229,Gut,1376,14.864519,12.792169,0,6.9414954,17.477194,0
MGYG000003230,Gut,1404,-0.8836808,14.942429,3,-1.7818657,4.6907635,4
MGYG000003231,Gut,1651,14.528392,11.162938,0,6.995717,17.063026,0
MGYG000003233,Gut,2041,2.7368107,9.671151,6,-7.949339,10.879875,3
MGYG000003234,Gut,1650,14.629555,11.634744,0,6.800503,17.343428,0
MGYG000003235,Gut,879,-2.7924685,8.131445,4,8.1627245,-5.851142,6
MGYG000003236,Gut,2280,-2.5663207,4.375751,4,9.941167,-3.8636205,6
MGYG000003237,Gut,3199,-0.6930773,5.876203,4,-0.29690444,10.759124,3
MGYG000003238,Gut,1200,-2.8432813,2.8786535,4,9.302257,-4.248044,6
MGYG000003239,Gut,2060,-6.1994486,4.9122605,4,7.2933574,3.6930294,7
MGYG000003240,Gut,2895,1.1550974,7.393403,6,-10.56444,8.632666,3
MGYG000003241,Gut,1553,-2.8746307,9.569413,4,10.423186,-6.0171065,-1
MGYG000003242,Gut,1791,1.8275585,8.990098,6,-7.9571867,8.606502,3
MGYG000003243,Gut,1679,-2.7379787,8.264169,4,9.391042,-4.473266,6
MGYG000003244,Gut,1501,14.746849,12.079817,0,7.0529633,17.852392,0
MGYG000003245,Gut,1873,-4.78322,5.389506,4,7.839989,1.7000903,7
MGYG000003246,Gut,1212,-2.038623,6.306921,4,8.130973,-6.1323524,6
MGYG000003247,Gut,1339,-2.2819915,6.7745185,4,8.107781,-6.1298637,6
MGYG000003248,Gut,1692,-1.9957873,6.1815424,4,8.095902,-6.136338,6
MGYG000003249,Gut,2020,-0.6643086,5.9516206,4,-0.33778113,10.7191725,3
MGYG000003250,Gut,1162,-3.7046661,7.6350145,4,8.232671,-5.8180146,6
MGYG000003251,Gut,1273,3.0840003,3.1296654,-1,-6.2627935,11.012962,3
MGYG000003252,Gut,5971,1.2527767,8.530172,6,-10.128712,9.681539,3
MGYG000003253,Gut,1802,-1.796413,5.156406,4,8.075994,-6.2526393,6
MGYG000003254,Gut,1250,2.7460756,7.0695724,6,-6.695131,13.198565,3
MGYG000003255,Gut,1653,2.8280344,8.769759,6,-7.855596,11.055131,3
MGYG000003256,Gut,1800,3.2762141,8.490279,6,-7.993955,11.068829,3
MGYG000003257,Gut,1076,-1.078272,14.705334,3,-1.6931291,4.602292,4
MGYG000003258,Gut,1456,-1.7170733,5.352813,4,8.101064,-6.1133018,6
MGYG000003259,Gut,1783,4.1222944,8.753679,6,10.996228,-3.0851803,6
MGYG000003260,Gut,1298,14.948907,13.41308,0,6.997803,17.822947,0
MGYG000003261,Gut,1777,14.73441,12.046471,0,7.53867,16.545458,0
MGYG000003262,Gut,1445,-2.1880977,4.7505116,4,11.295942,-3.075071,6
MGYG000003263,Gut,1625,-2.1343808,5.669118,4,12.052232,-2.9571645,6
MGYG000003264,Gut,1270,-2.2513206,4.759616,4,11.35471,-3.0498319,6
MGYG000003266,Gut,1664,14.583129,9.9661875,0,7.046155,16.884493,0
MGYG000003267,Gut,1493,6.7842317,5.2304316,1,-11.231052,-0.98803824,1
MGYG000003268,Gut,1816,3.2738485,9.6317835,6,-8.184978,8.0087805,3
MGYG000003269,Gut,1890,-2.7309923,3.1625557,4,12.259944,-3.1638613,6
MGYG000003270,Gut,1607,2.591507,9.320108,6,-7.8988795,11.0523815,3
MGYG000003271,Gut,1127,-2.8853614,5.9375057,4,2.1452224,1.6829222,4
MGYG000003273,Gut,1139,-3.6997178,10.21737,4,7.4799457,3.7226038,7
MGYG000003274,Gut,1710,14.462294,9.921948,0,7.3665586,16.645718,0
MGYG000003275,Gut,1687,14.345289,9.759006,0,7.137307,16.813354,0
MGYG000003276,Gut,1690,14.508985,9.696751,0,7.627727,16.973827,0
MGYG000003277,Gut,2630,3.2842581,8.554618,6,-8.345045,11.121222,3
MGYG000003278,Gut,1605,-2.3496203,4.283181,4,9.379252,-4.5157833,6
MGYG000003279,Gut,2349,2.8771229,7.039535,6,-6.5650873,13.369193,3
MGYG000003280,Gut,1143,-1.7489817,17.799116,2,2.7295601,-11.009423,-1
MGYG000003282,Gut,2277,1.3837276,7.879671,6,-8.354233,10.731396,3
MGYG000003283,Gut,1023,-1.5292863,7.35539,4,-2.126089,0.42307568,4
MGYG000003284,Gut,1381,-2.0649483,17.585854,2,2.6081676,-11.150286,-1
MGYG000003285,Gut,1182,-1.5104761,7.422979,4,-2.1831422,0.4905964,4
MGYG000003287,Gut,2368,2.3349917,10.128948,6,-7.7324142,7.809293,3
MGYG000003288,Gut,1836,2.8185291,5.938401,5,-9.614046,0.23614971,1
MGYG000003289,Gut,843,-2.0960963,6.090778,4,9.139991,-4.8861976,6
MGYG000003290,Gut,1042,-1.4541156,8.810407,4,8.223759,-5.5396485,6
MGYG000003291,Gut,1723,-1.8647093,3.1260028,4,12.481481,-4.446129,6
MGYG000003292,Gut,1117,3.775459,9.297493,6,-1.5588201,4.4704685,4
MGYG000003293,Gut,1669,-3.0070806,3.1252565,4,12.100131,-3.0709348,6
MGYG000003294,Gut,1689,0.40569988,7.8748155,4,2.3166392,1.4775647,4
MGYG000003295,Gut,1522,-2.0097208,7.363317,4,-0.646295,10.421017,3
MGYG000003296,Gut,1575,-2.5167484,3.480471,4,9.313638,-4.5497913,6
MGYG000003297,Gut,1207,-2.485684,3.3237553,4,11.7745905,-2.0009258,6
MGYG000003298,Gut,1343,5.4670367,6.6901255,5,10.860927,15.545439,0
MGYG000003299,Gut,822,-2.4639528,3.059129,4,10.994951,-2.9578314,6
MGYG000003300,Gut,1340,1.7930266,8.373347,6,-6.364753,10.894833,3
MGYG000003301,Gut,1086,4.2428365,6.036526,5,-7.6952324,8.433884,3
MGYG000003302,Gut,1220,-0.4778933,7.1578174,4,-1.5977712,4.508805,4
MGYG000003303,Gut,1801,4.942359,5.814535,5,15.361645,14.57721,0
MGYG000003304,Gut,809,-2.0460567,4.9057536,4,8.536475,-5.4661818,6
MGYG000003305,Gut,866,3.4777281,8.446915,6,11.267027,-2.6460638,6
MGYG000003306,Gut,1588,-2.3775766,5.00701,4,9.577021,-4.889984,6
MGYG000003307,Gut,1457,-3.2895532,8.800686,4,10.206636,-5.684586,-1
MGYG000003308,Gut,1797,-1.6170926,5.2502565,4,10.732247,-3.991563,6
MGYG000003309,Gut,1447,-2.8871229,2.766668,4,11.631857,-1.9398015,6
MGYG000003310,Gut,1364,-2.1655102,8.171024,4,7.958917,-6.205656,6
MGYG000003311,Gut,1653,-2.5796044,3.2973256,4,11.735265,-2.5863767,6
MGYG000003312,Gut,3549,1.301366,8.499285,6,-10.068862,9.570828,3
MGYG000003313,Gut,1899,-2.8045356,5.410708,4,10.076721,-3.78267,6
MGYG000003314,Gut,1568,7.975248,5.576016,1,-5.55566,-10.395368,2
MGYG000003315,Gut,1116,15.010519,14.072733,0,6.911196,17.336042,0
MGYG000003317,Gut,2368,1.7636806,4.9230256,5,11.558536,8.406603,5
MGYG000003318,Gut,1696,2.6455557,5.9975047,5,-9.684151,0.28107327,1
MGYG000003319,Gut,1367,-3.1140196,8.02663,4,8.656619,-2.87021,6
MGYG000003320,Gut,2023,-1.2493708,13.890939,3,15.864543,6.9217277,5
MGYG000003321,Gut,535,-1.2839906,9.0635805,4,-2.0133717,0.21092811,4
MGYG000003322,Gut,1182,15.006817,14.056233,0,7.1258187,17.06968,0
MGYG000003323,Gut,1630,-2.1216607,3.3848197,4,12.482871,-4.4490786,6
MGYG000003324,Gut,1687,0.7461293,8.500419,6,11.2548685,0.9672344,7
MGYG000003326,Gut,2429,-5.6313677,4.3969812,4,8.34524,2.1856246,7
MGYG000003327,Gut,2298,-3.1429954,2.6593451,4,11.423764,-1.6370845,6
MGYG000003328,Gut,1283,15.015436,14.053818,0,6.8838964,17.538502,0
MGYG000003329,Gut,1398,-2.899297,15.3523445,2,1.6647086,1.306124,4
MGYG000003330,Gut,1701,-0.15374471,11.594431,4,-6.1417,-0.4801521,1
MGYG000003332,Gut,1926,3.119813,9.459494,6,-8.243896,7.874615,3
MGYG000003334,Gut,1782,-3.1102648,12.723066,3,11.38619,9.227451,5
MGYG000003335,Gut,2701,-4.6200747,4.718391,4,8.39298,2.2661352,7
MGYG000003337,Gut,2040,-3.258672,9.686917,4,8.863807,-3.054528,6
MGYG000003338,Gut,2422,1.414106,8.202757,6,-9.744788,9.385619,3
MGYG000003339,Gut,1810,14.002207,9.419176,0,7.8478804,16.195929,0
MGYG000003341,Gut,1563,14.858839,12.7795,0,6.86488,17.713448,0
MGYG000003343,Gut,1950,-0.718167,7.7487154,4,1.7370669,1.2768146,4
MGYG000003344,Gut,1847,-3.8664186,4.0753975,4,1.8033782,2.3381872,4
MGYG000003345,Gut,1333,1.699355,14.148167,-1,1.4960818,1.0840611,4
MGYG000003346,Gut,2481,3.1228933,9.001379,6,-8.493993,8.018916,3
MGYG000003347,Gut,1427,3.259462,10.136817,6,-8.588621,7.6883965,3
MGYG000003348,Gut,1754,-3.893571,4.049812,4,1.7746322,2.30471,4
MGYG000003351,Gut,4832,1.207192,8.511241,6,-10.150319,9.701021,3
MGYG000003352,Gut,2220,2.5565872,5.939139,5,-9.486385,0.13069339,1
MGYG000003353,Gut,2047,2.2004642,9.520729,6,-7.702936,7.820627,3
MGYG000003355,Gut,4021,-1.4949428,14.00545,3,9.018148,2.9584467,7
MGYG000003356,Gut,934,3.6439114,4.7694845,5,11.311204,15.401431,0
MGYG000003357,Gut,1546,-3.564911,13.435882,3,13.455292,8.196194,5
MGYG000003358,Gut,4531,5.8983955,-2.113971,-1,-12.939542,-2.4561129,1
MGYG000003359,Gut,4954,2.2237308,7.04632,6,-1.0227249,-5.895249,2
MGYG000003360,Gut,4382,5.77172,-2.2970867,-1,-12.843296,-2.3819318,1
MGYG000003361,Gut,1763,5.181651,6.4085803,5,10.569465,15.718815,0
MGYG000003362,Gut,3062,1.4778532,8.452338,6,-9.820426,9.378105,3
MGYG000003363,Gut,3066,1.3516818,8.692004,6,-9.8177,9.276768,3
MGYG000003364,Gut,1651,14.500528,11.001234,0,6.8971148,17.143446,0
MGYG000003365.1,Gut,3885,5.8313603,-2.5028055,-1,-12.747411,-2.393935,1
MGYG000003366,Gut,2296,-3.429729,9.888965,4,10.113794,2.1914082,7
MGYG000003367,Gut,2750,1.4494498,8.583911,6,-9.799079,9.117927,3
MGYG000003368,Gut,1726,-1.693179,11.450656,4,12.569585,2.4789674,7
MGYG000003369,Gut,1659,-3.0102398,15.650446,2,12.938207,2.936043,7
MGYG000003370,Gut,1728,-4.073583,13.843021,3,13.830426,8.442771,5
MGYG000003371.1,Gut,2993,5.840955,5.6866894,1,-11.363324,-1.1267482,1
MGYG000003372,Gut,4590,5.749527,-1.8480544,-1,-13.083292,-2.75737,1
MGYG000003373,Gut,1260,3.6337209,4.793089,5,11.199886,15.44557,0
MGYG000003374,Gut,1785,1.9871104,9.956958,6,-7.565138,7.935011,3
MGYG000003375,Gut,2495,7.447431,5.948245,1,-6.889976,-10.0612955,2
MGYG000003376,Gut,1069,-1.2573916,17.813728,2,13.149155,10.094467,5
MGYG000003377,Gut,4574,5.6947227,-2.330523,-1,-12.930775,-2.259754,1
MGYG000003378,Gut,4245,5.866197,-2.3584056,-1,-12.49374,-2.1915984,1
MGYG000003379,Gut,4056,5.6830745,-2.3796742,-1,-12.5017395,-2.2057457,1
MGYG000003380,Gut,2142,7.8858576,5.668449,1,-6.936089,-10.094852,2
MGYG000003381,Gut,2402,-3.575429,9.864361,4,10.083195,2.2260096,7
MGYG000003382,Gut,4213,5.6510015,-2.3712738,-1,-12.5084505,-2.185153,1
MGYG000003383,Gut,2381,6.008663,5.572311,1,-2.0886056,-15.203915,2
MGYG000003385.1,Gut,1034,-0.80722654,14.904568,3,-1.3942815,4.29874,4
MGYG000003386,Gut,4399,5.6919594,-2.2720516,-1,-12.460856,-2.1582882,1
MGYG000003387,Gut,4057,6.59994,5.3232117,1,-11.5882225,-1.3571763,1
MGYG000003388,Gut,1927,-1.36485,7.0090346,4,-10.7232,0.068505794,1
MGYG000003389,Gut,2381,4.5074987,6.320016,5,-11.293943,-1.065497,1
MGYG000003390,Gut,4544,5.8276954,-2.5025842,-1,-12.7873335,-2.3219335,1
MGYG000003391,Gut,1744,-1.2588537,15.184806,3,13.476974,8.655749,5
MGYG000003392,Gut,1631,-4.104069,13.896778,3,13.867969,8.488214,5
MGYG000003393,Gut,4292,5.716103,-2.333122,-1,-12.48548,-2.1846807,1
MGYG000003394,Gut,1803,3.7896717,-1.1087953,-1,-10.95322,0.5206164,1
MGYG000003395,Gut,4538,5.8911495,-2.0717251,-1,-12.952541,-2.4421961,1
MGYG000003396,Gut,3445,-0.7175896,17.325768,2,10.132428,4.117476,-1
MGYG000003397.1,Gut,1487,1.5780284,14.100958,-1,1.656493,1.3375527,4
MGYG000003398.1,Gut,962,-0.14147246,11.581645,4,-5.9979157,-0.33786783,1
MGYG000003399,Gut,4542,6.140525,-2.3080788,-1,-12.540189,-2.2223003,1
MGYG000003400,Gut,3660,6.7231,5.1899776,1,-11.303845,-1.078581,1
MGYG000003401,Gut,2239,-2.012023,14.56767,3,-1.125301,-4.742094,2
MGYG000003402,Gut,4906,2.0885742,7.0576897,6,-1.0372164,-5.8788686,2
MGYG000003403,Gut,3898,6.731607,5.200527,1,-11.290871,-1.0613806,1
MGYG000003404,Gut,1128,-3.409923,13.459216,3,13.382781,8.226336,5
MGYG000003405,Gut,1534,-3.1071937,12.662398,3,11.352311,8.704776,5
MGYG000003406,Gut,1513,1.7436453,14.195728,-1,1.6087154,1.2292908,4
MGYG000003407,Gut,871,-0.80364317,14.774913,3,-1.3656465,4.269952,4
MGYG000003408,Gut,712,-1.4917984,10.403352,4,3.1053479,-9.193944,-1
MGYG000003409,Gut,2293,-2.8211884,3.2015367,4,12.250097,-3.17707,6
MGYG000003410,Gut,1284,-2.2004206,8.184116,4,7.988594,-6.1658835,6
MGYG000003411,Gut,878,-3.8356204,13.714083,3,-1.4992541,4.4118614,4
MGYG000003412,Gut,1877,-1.9101671,5.186951,4,9.484959,-4.3421903,6
MGYG000003413,Gut,1510,-2.2100058,3.4309096,4,-0.7642122,10.305314,3
MGYG000003414,Gut,1497,3.5152562,-0.997613,-1,-11.147181,-0.7819537,1
MGYG000003415,Gut,1186,2.6632545,9.267217,6,-6.5956306,12.989136,3
MGYG000003416,Gut,1549,-2.7609196,15.682657,2,10.215409,4.0563626,-1
MGYG000003417,Gut,2618,-2.2267418,3.9949043,4,10.953034,-3.903851,6
MGYG000003418,Gut,1820,14.331192,9.854396,0,8.123305,16.28019,0
MGYG000003419,Gut,1574,2.5078177,9.332901,6,-7.2003665,11.074851,3
MGYG000003420,Gut,1567,3.2247496,10.008991,6,-8.010782,8.515293,3
MGYG000003421,Gut,2347,-3.332251,7.499867,4,8.643823,-2.841643,6
MGYG000003422,Gut,1444,-3.8037198,9.906127,4,7.890691,3.5315173,7
MGYG000003423,Gut,1869,2.5688362,9.632083,6,-8.157171,10.669386,3
MGYG000003424,Gut,1922,2.5221117,9.281591,6,-8.078358,10.923376,3
MGYG000003425,Gut,3919,-0.3788965,9.818755,4,7.640805,3.5134706,7
MGYG000003426,Gut,786,-0.45067105,7.1470113,4,-1.5509233,4.461745,4
MGYG000003427,Gut,2945,-5.705973,4.4371095,4,8.330273,1.9067085,7
MGYG000003428,Gut,1480,-2.094362,7.1550508,4,10.432593,-5.829973,-1
MGYG000003429,Gut,1372,2.6381853,9.066437,6,-7.7870693,11.107306,3
MGYG000003430,Gut,1306,-2.8261447,9.339259,4,10.446186,-5.961174,-1
MGYG000003431,Gut,1793,-3.2112148,9.575244,4,8.818517,-2.993408,6
MGYG000003432,Gut,1772,-2.8349528,7.8584447,4,10.532086,-5.7102017,-1
MGYG000003433,Gut,1562,2.800746,9.10004,6,-7.6013045,11.181182,3
MGYG000003434,Gut,1141,2.80187,8.670166,6,-7.7898088,11.0533495,3
MGYG000003435,Gut,1697,3.2433896,10.106534,6,11.349318,-3.5329642,6
MGYG000003436,Gut,1648,-1.0167234,15.03409,3,-10.675431,0.69493634,1
MGYG000003437,Gut,1817,-2.8761892,9.434282,4,10.423187,-6.01546,-1
MGYG000003438,Gut,1031,-0.14205013,11.611203,4,-6.062455,-0.39785573,1
MGYG000003440,Gut,1821,-1.0526125,11.544021,4,-10.626905,0.7431063,1
MGYG000003441,Gut,892,4.506696,6.3588114,5,-9.711991,0.32835272,1
MGYG000003442,Gut,1723,-4.6518693,5.82194,4,10.108924,2.1441557,7
MGYG000003443,Gut,829,4.655843,6.248608,5,-0.58345246,10.483147,3
MGYG000003444,Gut,1085,4.123936,8.48719,6,-6.401049,12.491853,3
MGYG000003445,Gut,1328,4.254567,8.488274,6,-6.401221,12.498363,3
MGYG000003446,Gut,1323,2.372385,9.528295,6,-6.6961875,10.988673,3
MGYG000003447,Gut,1020,-2.1947582,3.6699948,4,-0.7930943,10.276747,3
MGYG000003448,Gut,829,4.175296,8.627078,6,-6.4049325,12.471625,3
MGYG000003449,Gut,1716,-2.0148165,7.3471622,4,-0.6690318,10.398356,3
MGYG000003450,Gut,1397,-2.213823,6.6737804,4,9.518838,-5.049791,6
MGYG000003451,Gut,1494,-0.9706929,6.6268554,4,-10.11037,0.1920662,1
MGYG000003452,Gut,1750,6.0802984,5.358203,1,-2.0792727,-15.210976,2
MGYG000003453,Gut,583,-2.1732283,10.060706,4,3.1385884,-9.58076,-1
MGYG000003454,Gut,1652,-1.371356,11.772994,4,-10.671727,0.70423144,1
MGYG000003455,Gut,1077,4.9447813,7.8420444,-1,-2.5792222,-5.974705,2
MGYG000003456,Gut,1804,-2.2543874,5.60968,4,9.5552025,-4.7612767,6
MGYG000003457,Gut,1586,3.1895392,10.014142,6,11.331949,-3.477118,6
MGYG000003458,Gut,2191,-6.221185,5.0753565,4,7.303575,3.7151697,7
MGYG000003459,Gut,765,-1.6910403,10.707547,4,3.1049864,-9.183542,-1
MGYG000003460,Gut,1747,2.029115,9.825103,6,-7.9574547,8.632155,3
MGYG000003461,Gut,1599,3.209296,9.134711,6,-8.001271,7.975652,3
MGYG000003462,Gut,1832,14.277375,9.638287,0,7.984513,16.21536,0
MGYG000003463,Gut,1711,5.3009663,6.5367126,5,-10.612535,0.74279606,1
MGYG000003464,Gut,687,-1.455659,9.952219,4,3.0834491,-9.149705,-1
MGYG000003465,Gut,1610,-2.9554248,7.8889294,4,9.696234,-4.8958144,6
MGYG000003466,Gut,1960,-1.8269944,10.849209,4,5.280806,2.9178329,-1
MGYG000003467,Gut,1426,2.6163769,9.263613,6,-6.599391,13.0360155,3
MGYG000003468,Gut,780,-3.1373959,9.530941,4,8.792763,-5.080249,6
MGYG000003469,Gut,1421,2.7413146,9.351632,6,-6.5882554,13.00961,3
MGYG000003470,Gut,1539,3.1923652,9.871076,6,-7.9720564,8.63104,3
MGYG000003471,Gut,1056,-2.512298,9.328476,4,9.034604,-4.9565225,6
MGYG000003472,Gut,1517,2.738956,9.347876,6,-6.5894074,13.010485,3
MGYG000003473,Gut,1684,-3.1581328,9.569954,4,10.566497,-5.684604,-1
MGYG000003474,Gut,1029,-2.6634507,9.252947,4,8.46818,-5.460672,6
MGYG000003475,Gut,1946,-2.990565,6.8874288,4,2.3017426,1.4565346,4
MGYG000003476,Gut,1116,3.7543774,9.2705145,6,-1.5584923,4.469778,4
MGYG000003477,Gut,1636,-3.0909677,3.2471957,4,2.4091203,2.2179546,4
MGYG000003479,Gut,1675,-2.022823,7.400061,4,-0.6660025,10.401411,3
MGYG000003480,Gut,1893,3.1344464,9.488733,6,-8.232397,7.9416485,3
MGYG000003481,Gut,1264,-1.7981449,17.827847,2,2.5653443,-11.178519,-1
MGYG000003482,Gut,1953,-1.7585758,5.946153,4,2.2933826,1.4761604,4
MGYG000003483,Gut,2164,4.8279257,6.241531,5,-0.51486534,10.549795,3
MGYG000003484,Gut,1843,-3.005833,7.9614534,4,10.560022,-5.719888,-1
MGYG000003485,Gut,793,-1.6817346,10.675281,4,3.1071463,-9.195823,-1
MGYG000003486,Gut,2519,-4.8468475,4.149524,4,8.193863,3.3881972,7
MGYG000003488,Gut,1833,-3.2979794,8.490836,4,10.537394,-5.788309,-1
MGYG000003489,Gut,1849,2.290381,9.365491,6,-7.962513,8.631604,3
MGYG000003490,Gut,1754,-2.4359689,3.5541258,4,10.976793,-3.8860679,6
MGYG000003491,Gut,1724,-1.084519,9.663899,4,-10.679134,0.69592196,1
MGYG000003492,Gut,1199,2.9508488,9.14757,6,-7.7651916,11.093439,3
MGYG000003493,Gut,2134,3.2097418,9.889481,6,-8.404231,7.9650545,3
MGYG000003494,Gut,1757,-3.0547354,8.339477,4,8.706916,-2.9074473,6
MGYG000003496,Gut,1841,-3.2944396,6.8146696,4,8.6452265,-2.8469207,6
MGYG000003497,Gut,1170,2.5585315,9.3546915,6,-7.0362787,11.071871,3
MGYG000003498,Gut,1450,-1.0852981,9.206596,4,-7.775197,11.06257,3
MGYG000003499,Gut,732,7.774984,5.7158904,1,-0.6351618,10.432434,3
MGYG000003500,Gut,1738,-3.5019302,9.28934,4,7.577741,3.7052553,7
MGYG000003501,Gut,1441,-1.914929,17.702753,2,2.5998306,-11.160951,-1
MGYG000003503,Gut,1164,-2.1440332,8.194739,4,8.099776,-5.950444,6
MGYG000003504,Gut,1402,-1.4254615,8.747054,4,7.991647,-6.1589165,6
MGYG000003505,Gut,1692,-1.6105525,7.125485,4,-2.3696733,0.70209277,4
MGYG000003506,Gut,851,-1.8491423,10.570305,4,-0.37602273,17.380236,0
MGYG000003507,Gut,1130,-2.784452,15.256484,2,-1.5810648,4.491845,4
MGYG000003508,Gut,1250,-2.304276,7.4270935,4,8.083956,-6.1123495,6
MGYG000003509,Gut,1011,-2.543601,8.443252,4,9.1914015,-4.806306,6
MGYG000003510,Gut,1346,-3.1350596,8.371987,4,10.393513,-5.722718,-1
MGYG000003511,Gut,1430,1.598058,8.556043,6,-6.8892,10.999218,3
MGYG000003512,Gut,2238,-2.1070738,3.8436868,4,11.0044,-3.866111,6
MGYG000003513,Gut,1829,3.2942452,9.5718155,6,-8.290259,8.017478,3
MGYG000003514,Gut,1974,-0.5640511,6.975939,4,-8.109021,10.777791,3
MGYG000003515,Gut,1341,3.2996626,9.543423,6,-8.237297,8.152435,3
MGYG000003516,Gut,1447,-1.8695581,11.142102,4,-2.4869123,-6.0480766,2
MGYG000003517,Gut,2278,-4.0062313,5.508307,4,7.857028,3.5597913,7
MGYG000003518,Gut,1026,-0.35608724,16.210728,3,9.290516,-13.704237,-1
MGYG000003519,Gut,413,-1.4683847,10.352215,4,3.1092234,-9.17265,-1
MGYG000003520,Gut,1932,4.2288566,8.659977,6,-6.2932687,12.432914,3
MGYG000003521,Gut,2154,2.0381837,8.85418,6,-10.057702,8.936585,3
MGYG000003522,Gut,446,-1.4455055,10.528967,4,3.131904,-9.145085,-1
MGYG000003523,Gut,763,-1.456467,8.665001,4,8.169243,-5.5236917,6
MGYG000003524,Gut,1047,-3.262566,8.445035,4,10.517553,-5.749396,-1
MGYG000003525,Gut,1646,4.1219153,8.586214,6,-6.3941326,12.459894,3
MGYG000003526,Gut,1505,-2.079822,5.1310945,4,11.287371,-3.0849497,6
MGYG000003528,Gut,2297,5.52137,6.5776443,5,-0.37498042,10.683576,3
MGYG000003529,Gut,1355,-3.2805233,7.868217,4,9.541369,-4.9185534,6
MGYG000003530,Gut,1550,4.206009,8.5478525,6,-6.344666,12.454315,3
MGYG000003531,Gut,1422,4.9766593,7.818064,-1,-2.5691888,-5.9867396,2
MGYG000003532,Gut,1419,-1.2528273,8.714059,4,-7.038381,11.025901,3
MGYG000003533,Gut,2000,2.6269696,9.1855135,6,-8.110084,10.953086,3
MGYG000003534,Gut,2013,-2.3470068,9.907119,4,5.266319,2.9042375,-1
MGYG000003535,Gut,1698,3.2691884,9.501694,6,-8.202034,8.099452,3
MGYG000003536,Gut,1268,-2.0236685,7.38353,4,-0.6805531,10.387189,3
MGYG000003538,Gut,1249,-2.4616442,8.743872,4,9.116865,-4.902656,6
MGYG000003539,Gut,1387,2.5940604,9.067914,6,-6.602693,13.014434,3
MGYG000003540,Gut,1449,-0.48200658,9.815929,4,-6.4651456,12.544581,3
MGYG000003541,Gut,872,-0.39736018,9.738352,4,-2.464345,-6.071188,2
MGYG000003542,Gut,1492,2.691381,9.297947,6,-6.588971,12.966225,3
MGYG000003543.1,Gut,2237,2.7587771,9.427818,6,-7.9126368,8.786707,3
MGYG000003544,Gut,1156,2.6934783,9.337199,6,-6.6381364,13.042857,3
MGYG000003545,Gut,1115,-0.49258474,9.769128,4,10.4194975,-5.7529683,-1
MGYG000003546,Gut,2092,-1.6527508,11.401615,4,-8.12433,10.769742,3
MGYG000003547,Gut,1147,-2.4452033,8.568889,4,9.097211,-4.9021583,6
MGYG000003548,Gut,1559,-2.0002723,8.453303,4,8.003468,-6.2213287,6
MGYG000003549,Gut,1187,-2.0531816,8.674048,4,8.147521,-5.951854,6
MGYG000003550,Gut,2616,-1.6101829,16.95018,2,10.154793,4.0842314,-1
MGYG000003551,Gut,1396,-1.8416857,10.510811,4,-0.36634353,17.369862,0
MGYG000003552,Gut,2296,-6.2226973,5.067261,4,7.336549,3.727825,7
MGYG000003553,Gut,1593,2.2701614,9.232766,6,-6.816088,11.143614,3
MGYG000003554,Gut,1572,-0.46725163,9.813648,4,-6.485284,12.555351,3
MGYG000003555,Gut,975,-2.9790747,8.770418,4,9.052421,-4.954904,6
MGYG000003556,Gut,1626,2.595214,9.262102,6,-6.6118894,13.073827,3
MGYG000003557,Gut,871,-0.4692825,9.731993,4,10.455398,-5.7995706,-1
MGYG000003558,Gut,1268,-2.6696935,9.424557,4,9.006212,-5.0216737,6
MGYG000003559,Gut,1281,2.915252,9.314157,6,-7.880535,8.868111,3
MGYG000003560,Gut,1137,-3.1367998,9.537131,4,8.918298,-4.451312,6
MGYG000003561,Gut,1063,-2.5004315,3.18421,4,8.987363,-5.188694,6
MGYG000003562,Gut,669,2.1724632,9.59791,6,8.146028,-5.4918947,6
MGYG000003563,Gut,1320,-0.34543398,9.817102,4,-6.4741063,12.575966,3
MGYG000003564,Gut,1291,-3.0986211,9.6288395,4,-6.4754696,12.556008,3
MGYG000003565,Gut,1452,1.7784669,9.356332,6,-6.723159,11.08243,3
MGYG000003566,Gut,1557,3.1575985,9.449035,6,-6.782889,11.159348,3
MGYG000003567,Gut,1941,4.2149925,8.727178,6,11.339116,-3.5295532,6
MGYG000003568,Gut,969,-1.4354535,15.24469,3,-1.5260077,4.438471,4
MGYG000003569,Gut,2277,-2.3127527,9.984693,4,5.2670774,2.9021435,-1
MGYG000003570,Gut,2484,-2.3714035,9.887144,4,5.2726445,2.909456,-1
MGYG000003571,Gut,1270,-2.0402992,5.510369,4,12.033458,-2.9472382,6
MGYG000003572,Gut,1415,2.8982594,9.741182,6,-8.22063,8.114303,3
MGYG000003573,Gut,1574,4.19446,8.565984,6,-6.3842998,12.490236,3
MGYG000003574,Gut,2479,-2.7272427,3.232241,4,12.175803,-3.2200913,6
MGYG000003575,Gut,1772,-2.3072639,9.883596,4,5.2761226,2.8974478,-1
MGYG000003576,Gut,1518,-2.6024022,8.826067,4,10.5206585,-5.776541,-1
MGYG000003577,Gut,1339,-1.0132707,15.464187,3,-1.7617377,4.670396,4
MGYG000003578,Gut,2920,-4.6742663,4.870432,4,8.157785,3.4084346,7
MGYG000003580,Gut,624,-1.6182733,10.414252,4,3.1055071,-9.165375,-1
MGYG000003581,Gut,1868,-2.0705671,16.798326,2,9.608103,-3.3568678,6
MGYG000003582,Gut,1307,-2.3942823,5.412921,4,9.400717,-5.078504,6
MGYG000003583,Gut,1781,-3.0916145,9.764294,4,8.879535,-3.049517,6
MGYG000003584,Gut,1317,-2.1247246,8.194761,4,8.020709,-6.108709,6
MGYG000003585,Gut,1601,-3.0477235,3.2528517,4,2.4120514,2.2298877,4
MGYG000003586,Gut,1912,-4.8563566,5.5725985,4,15.64672,7.0519114,5
MGYG000003587,Gut,1374,-3.1156306,9.647926,4,9.083473,-3.285436,6
MGYG000003589,Gut,2557,-2.97629,2.9921877,4,11.474265,-1.6388948,6
MGYG000003590,Gut,2167,2.7776546,9.655228,6,-7.996316,10.917903,3
MGYG000003591,Gut,1580,-3.7938886,7.8891144,4,10.513176,-5.6922693,-1
MGYG000003592,Gut,1512,-0.1899683,11.595361,4,-6.0029664,-0.33714643,1
MGYG000003593,Gut,3817,-4.699683,4.7512574,4,9.528205,2.0848851,7
MGYG000003594,Gut,2242,-5.0801735,4.6477275,4,8.242489,2.2431011,7
MGYG000003595,Gut,1825,-3.1893022,8.001493,4,8.94153,-4.142248,6
MGYG000003596,Gut,587,-1.8734024,9.2740755,4,3.1008387,-9.169335,-1
MGYG000003597,Gut,1831,-4.652795,5.840284,4,10.06478,2.1538687,7
MGYG000003599,Gut,945,2.6312814,9.327505,6,-6.616528,13.051452,3
MGYG000003600,Gut,1287,-2.3378992,3.244141,4,11.90524,-2.418965,6
MGYG000003601,Gut,1104,-3.4938211,8.223334,4,9.117692,-5.0934954,6
MGYG000003602,Gut,986,-4.8001337,5.114614,4,-2.5053072,-6.0375686,2
MGYG000003603,Gut,1352,1.6579363,9.299834,6,-6.718558,11.081224,3
MGYG000003604,Gut,1225,2.5695965,9.051925,6,-6.60207,12.949846,3
MGYG000003605.1,Gut,1624,2.7038398,9.335902,6,-6.5686316,13.021534,3
MGYG000003606,Gut,1048,-1.0046616,15.06965,3,-1.801636,4.7106075,4
MGYG000003607,Gut,1414,2.8905861,9.092961,6,-7.880102,8.764247,3
MGYG000003608,Gut,1051,3.2034981,10.007821,6,-7.889553,8.718756,3
MGYG000003609,Gut,882,-2.034758,8.510068,4,8.32114,-5.677185,6
MGYG000003610,Gut,1728,2.742009,9.421445,6,-7.9132347,8.75346,3
MGYG000003611,Gut,1409,3.5099192,8.280179,6,-7.9320016,8.648552,3
MGYG000003612,Gut,1959,5.293549,6.532542,5,-10.588295,0.74139684,1
MGYG000003613,Gut,2488,-4.6375694,4.1025257,4,8.161317,3.4483092,7
MGYG000003614,Gut,1263,2.3609822,9.327345,6,-7.9205384,8.665077,3
MGYG000003615,Gut,2514,-4.700791,5.6753225,4,8.229435,3.2334018,7
MGYG000003616,Gut,1508,-3.7252028,9.4331455,4,7.766019,3.5936203,7
MGYG000003617,Gut,1523,-0.22227983,11.642874,4,-6.0108266,-0.34550372,1
MGYG000003618,Gut,1300,2.7152412,9.164963,6,-7.8135543,11.090569,3
MGYG000003619,Gut,2380,-4.6979775,4.0723724,4,8.127875,3.4532063,7
MGYG000003620,Gut,2220,-4.9105716,5.5084286,4,15.695691,7.016881,5
MGYG000003621,Gut,1486,-1.0904998,11.597491,4,-10.592707,0.75200385,1
MGYG000003622,Gut,1968,3.0412955,9.697186,6,-8.119969,7.9057665,3
MGYG000003623,Gut,1077,4.3475494,8.748624,6,11.232345,0.8798027,7
MGYG000003624,Gut,1811,5.511445,6.7272253,5,10.824558,15.544779,0
MGYG000003625,Gut,2051,3.5225017,8.452921,6,2.3134744,1.4787468,4
MGYG000003626,Gut,2006,4.1397467,8.733112,6,-6.3602047,12.4615345,3
MGYG000003627,Gut,1189,-0.6219519,6.848863,4,-0.48474017,10.576818,3
MGYG000003628,Gut,1301,-3.1243951,9.516234,4,10.294845,-5.8392534,-1
MGYG000003629,Gut,948,-2.0881941,6.9453735,4,9.020888,-5.002021,6
MGYG000003630,Gut,1427,3.1379058,8.605905,6,-6.804651,11.157767,3
MGYG000003631,Gut,1010,4.802967,6.295209,5,-0.5811652,10.484719,3
MGYG000003632,Gut,1740,3.6122053,-1.0488126,-1,-11.097724,-0.7112857,1
MGYG000003633,Gut,943,2.1540318,9.21961,6,-7.092567,11.052094,3
MGYG000003634,Gut,1309,2.6518419,9.494059,6,-6.7495995,11.025228,3
MGYG000003635,Gut,664,-1.3306595,9.44809,4,2.3310695,2.4911802,4
MGYG000003636,Gut,1413,-3.259178,2.8920639,4,-0.5225922,10.540646,3
MGYG000003637,Gut,1313,-1.5608158,5.614097,4,-0.7415958,10.32693,3
MGYG000003638,Gut,1493,2.925924,9.325088,6,-7.8813043,8.650544,3
MGYG000003639,Gut,1292,2.9469693,8.563397,6,-0.55099565,10.514451,3
MGYG000003640,Gut,1577,-3.711821,9.664245,4,7.673526,3.6529517,7
MGYG000003641,Gut,1536,-3.4684842,8.392477,4,10.498211,-5.757353,-1
MGYG000003642,Gut,2230,4.758744,6.3039303,5,-0.5225665,10.54185,3
MGYG000003643,Gut,1464,7.654577,5.840744,1,-0.5720208,10.494463,3
MGYG000003644,Gut,1631,-6.1880355,5.070178,4,7.9974074,3.5316927,7
MGYG000003645,Gut,1523,-0.3421983,9.791127,4,-6.493865,12.570119,3
MGYG000003646,Gut,1050,-2.00626,9.333496,4,8.341775,-5.651993,6
MGYG000003647,Gut,1027,-5.4364023,5.05101,4,11.249487,-0.97684884,6
MGYG000003648,Gut,2956,-0.40830907,9.895489,4,8.14766,3.4099755,7
MGYG000003649,Gut,1862,3.1242166,9.670482,6,-6.8334327,11.149093,3
MGYG000003650,Gut,1733,3.1411438,9.48877,6,-8.109395,8.384708,3
MGYG000003651,Gut,1444,2.1742077,8.985037,6,-7.085655,11.055588,3
MGYG000003652,Gut,650,-1.2672335,9.0645485,4,-2.023702,0.23612863,4
MGYG000003653,Gut,1918,-1.2651433,13.908523,3,15.870884,6.912749,5
MGYG000003654,Gut,1616,3.0587528,8.81111,6,-6.820092,11.180502,3
MGYG000003655,Gut,1936,3.4601228,8.5462265,6,2.2889168,1.4832215,4
MGYG000003656,Gut,2084,-1.9962071,5.762022,4,10.26885,-3.7814848,6
MGYG000003657,Gut,1538,15.003682,13.876234,0,7.02942,17.685068,0
MGYG000003658,Gut,1952,-3.0928855,3.4712012,4,12.034635,-3.0125954,6
MGYG000003659,Gut,948,-0.37309948,16.086378,3,9.496843,-13.934081,-1
MGYG000003660,Gut,583,-1.2846819,9.076298,4,-2.0113804,0.21389554,4
MGYG000003661,Gut,2596,-4.751648,5.385728,4,8.155194,3.4343748,7
MGYG000003662,Gut,2099,2.2526243,9.537767,6,-8.350794,7.976831,3
MGYG000003663,Gut,856,-0.2804527,16.213917,3,9.262878,-13.674236,-1
MGYG000003664,Gut,2137,-1.6805724,5.338873,4,12.141087,-2.9098392,6
MGYG000003665,Gut,1054,-1.0582753,15.797479,3,9.503035,-13.945024,-1
MGYG000003666,Gut,1038,-1.7528049,10.61483,4,-0.36513633,17.372314,0
MGYG000003667,Gut,729,-2.1813824,9.802364,4,3.143999,-9.563644,-1
MGYG000003668,Gut,2183,-3.6350846,7.942971,4,12.648856,-1.9032873,6
MGYG000003669,Gut,1253,-2.108549,17.201761,2,2.7746708,-10.944609,-1
MGYG000003670,Gut,882,-0.8552581,8.124162,4,-0.41228968,17.412071,0
MGYG000003671,Gut,902,-0.7721809,15.728254,3,9.421773,-13.785436,-1
MGYG000003672,Gut,913,-0.5076298,15.784961,3,9.424594,-13.858542,-1
MGYG000003674,Gut,1830,3.1852365,9.442664,6,-7.980876,8.614689,3
MGYG000003675,Gut,2213,-2.0653808,3.7369256,4,12.417354,-4.3921785,6
MGYG000003676,Gut,1467,-5.069917,5.300827,4,8.303143,2.3846114,7
MGYG000003677,Gut,934,2.366156,9.622118,6,8.243789,-5.4932165,6
MGYG000003678,Gut,1988,-5.7083306,4.540192,4,8.212462,3.3738348,7
MGYG000003679,Gut,2080,-2.362194,9.88572,4,5.2729626,2.9040713,-1
MGYG000003680,Gut,1689,3.1072419,9.037074,6,-8.22537,8.10076,3
MGYG000003681,Gut,3085,1.4654204,8.609246,6,-9.844328,9.242346,3
MGYG000003682,Gut,3343,-2.0981019,4.144131,4,11.413327,-3.924622,6
MGYG000003683,Gut,1746,6.0454235,5.2987685,1,-2.105443,-15.19453,2
MGYG000003684,Gut,5479,-4.2580476,4.4214673,4,8.960401,1.575723,7
MGYG000003685,Gut,1834,13.977895,9.27218,0,7.8039017,16.136343,0
MGYG000003686,Gut,3081,-1.8120478,5.727523,4,11.463098,-1.8185515,6
MGYG000003687,Gut,5517,1.8304763,7.296369,6,-1.0537537,-5.8610373,2
MGYG000003688,Gut,1831,13.925607,9.322035,0,8.233754,16.299522,0
MGYG000003689,Gut,2354,-2.0443642,13.584899,3,15.735232,7.0254097,5
MGYG000003690,Gut,1843,-2.8601012,12.831507,3,11.422771,9.246865,5
MGYG000003691,Gut,2310,1.9616592,9.763857,6,-7.707395,7.796845,3
MGYG000003692,Gut,1856,14.031476,9.290339,0,8.288162,16.27854,0
MGYG000003693,Gut,3128,0.86807805,8.664617,6,-9.690546,9.042045,3
MGYG000003694,Gut,3128,-6.510554,4.6871014,4,7.8640404,3.4840665,7
MGYG000003695,Gut,2988,-6.5191693,4.5146194,4,8.373351,1.9385412,7
MGYG000003696,Gut,1828,14.002588,9.290656,0,8.205349,16.269981,0
MGYG000003697,Gut,2867,3.2376103,10.140349,6,-8.592398,7.691873,3
MGYG000003698,Gut,1825,14.22944,9.387329,0,8.294492,16.32964,0
MGYG000003699,Gut,2372,-1.6193243,13.931606,3,15.731673,7.0298605,5
MGYG000003700,Gut,1811,13.986811,9.281821,0,8.190983,16.37156,0
MGYG000003701,Gut,4497,1.2594119,7.953507,6,-10.410766,9.286806,3
MGYG000003702,Gut,3055,-4.866628,5.356368,4,8.36322,2.8829834,7
MGYG000003703,Gut,1752,14.544115,9.6226,0,7.8032403,16.518652,0
MGYG000003704,Gut,1386,-3.4535987,9.529712,4,11.706516,1.7858791,7
MGYG000003705,Gut,2293,-2.8722248,15.683423,2,10.367101,3.890537,-1
MGYG000003706,Gut,1285,-6.506143,4.910913,4,7.8303604,1.7206975,7
MGYG000003707,Gut,1648,14.469344,9.710398,0,6.898978,17.243513,0
MGYG000003708,Gut,2745,-3.2346194,9.666758,4,10.387086,3.8474896,-1
MGYG000003709,Gut,2800,-2.8730762,13.612147,3,12.02114,8.090831,5
MGYG000003710,Gut,2083,1.8573627,5.0212693,5,11.543435,8.60305,5
MGYG000003711,Gut,3815,6.7510757,5.195653,1,-11.278575,-1.0480726,1
MGYG000003712,Gut,4557,6.016935,-2.197158,-1,-12.557279,-2.2420948,1
MGYG000003713,Gut,1755,-0.25087562,11.488734,4,-6.157591,-0.496156,1
MGYG000003714,Gut,3319,-2.8406842,13.64629,3,12.008399,8.101296,5
MGYG000003715,Gut,3120,-4.5768275,4.0938106,4,8.333564,1.5249462,7
MGYG000003716,Gut,971,7.5259075,6.059662,1,-6.0427365,-10.455649,2
MGYG000003717,Gut,1642,-4.1151834,13.982258,3,13.836243,8.505236,5
MGYG000003718,Gut,1285,-0.45977807,9.916149,4,11.446776,1.2337335,7
MGYG000003719,Gut,1095,-2.8260388,15.811082,2,12.200535,1.9626254,7
MGYG000003720,Gut,736,-2.124382,10.110937,4,12.479408,2.2683928,7
MGYG000003721,Gut,1312,-0.5246559,7.1210556,4,12.040875,1.8012828,7
MGYG000003722,Gut,1440,2.8566103,6.798952,6,2.2633994,2.196921,4
MGYG000003723,Gut,1634,7.7540236,5.0939236,1,-5.1826305,-10.610928,2
MGYG000003724,Gut,1282,-3.0010579,15.703715,2,12.8533535,2.8604193,7
MGYG000003725,Gut,763,5.0660796,2.9742618,-1,-2.9540164,-14.882829,2
MGYG000003726,Gut,1286,-0.44345564,9.892741,4,11.456145,1.2364529,7
MGYG000003727,Gut,1438,-2.9628222,16.387436,2,12.144704,1.8904622,7
MGYG000003728,Gut,1546,2.4498317,9.71051,6,-7.6900077,10.932791,3
MGYG000003729,Gut,1255,-2.9092245,15.688666,2,11.623466,1.6128575,7
MGYG000003730,Gut,1008,5.0656824,2.9736836,-1,-2.8947704,-14.941927,2
MGYG000003731,Gut,1364,-0.6995673,11.101207,4,-7.4564013,7.992998,3
MGYG000003732,Gut,1612,14.684693,10.7486315,0,6.7552676,17.545866,0
MGYG000003733,Gut,6646,5.979256,5.5299687,1,-11.532121,-1.2852312,1
MGYG000003734,Gut,4856,6.00382,5.4588943,1,-11.493471,-1.2479213,1
MGYG000003735,Gut,1317,2.8689241,5.519026,5,-10.383574,0.13516398,1
MGYG000003736,Gut,3248,6.105262,5.411059,1,-11.426169,-1.1575887,1
MGYG000003737,Gut,1227,-1.9629374,6.178109,4,8.15191,-6.0251923,6
MGYG000003738,Gut,1347,-0.9587645,11.086812,4,12.3966675,2.2094312,7
MGYG000003739,Gut,1752,-4.12059,13.971298,3,13.850553,8.455168,5
MGYG000003740,Gut,1373,-2.119353,10.125735,4,12.435429,2.2411933,7
MGYG000003741,Gut,1145,-0.61935496,6.939068,4,11.986163,2.249349,7
MGYG000003742,Gut,1863,2.1774633,9.573435,6,-7.5932956,7.9819345,3
MGYG000003743,Gut,1011,-2.5268507,8.749361,4,12.075013,2.0472605,7
MGYG000003744,Gut,1492,2.7612047,7.1719637,6,-6.307898,12.405521,3
MGYG000003745,Gut,1006,3.5794508,4.903692,5,15.028455,14.21112,0
MGYG000003746,Gut,1327,3.0841584,3.1194124,-1,-6.26866,11.003111,3
MGYG000003747,Gut,1882,0.114449486,7.221615,4,2.207932,1.6689999,4
MGYG000003748,Gut,967,-0.5088413,9.95303,4,11.452892,1.330112,7
MGYG000003749,Gut,554,-1.4933293,17.84637,2,2.918688,-10.233588,-1
MGYG000003750,Gut,1089,-0.5900093,6.980358,4,11.932611,2.2894971,7
MGYG000003751,Gut,1304,-3.0442328,16.39067,2,12.164847,1.8710362,7
MGYG000003752,Gut,1635,-2.1035757,7.195323,4,10.420859,-5.79716,-1
MGYG000003753,Gut,1712,-1.3917726,11.033359,4,12.332184,2.034673,7
MGYG000003754,Gut,1266,3.0226197,3.956628,-1,-6.4106736,10.900891,3
MGYG000003755,Gut,827,8.421636,5.274211,1,-5.4541683,-10.500835,2
MGYG000003756,Gut,1172,8.437714,5.2452183,1,-5.448464,-10.476011,2
MGYG000003757,Gut,1434,-2.830799,15.823511,2,12.216894,1.9612691,7
MGYG000003758,Gut,1129,-0.49386805,9.891838,4,11.425564,1.2916424,7
MGYG000003759,Gut,1295,-2.706157,9.999441,4,12.13536,1.9330899,7
MGYG000003760,Gut,1636,-2.9524922,15.626807,2,12.886451,2.8726373,7
MGYG000003761,Gut,3962,6.752185,5.2040496,1,-11.293467,-1.0633786,1
MGYG000003762,Gut,1990,7.52739,5.947575,1,-6.9467993,-10.076419,2
MGYG000003763,Gut,1535,1.971638,9.4933605,6,-7.4811444,7.9875293,3
MGYG000003764,Gut,866,-0.1967397,11.556463,4,-6.095196,-0.42862737,1
MGYG000003765,Gut,1660,2.3015473,9.469463,6,-7.756829,7.9410424,3
MGYG000003766,Gut,917,-4.6591325,4.8502727,4,9.486443,-4.906705,6
MGYG000003767,Gut,873,5.027533,2.9912875,-1,-2.8994932,-14.940302,2
MGYG000003768,Gut,1484,-3.63861,4.435192,4,9.502615,-3.573024,6
MGYG000003769,Gut,3845,-1.537771,14.027223,3,9.029853,2.9631782,7
MGYG000003770,Gut,2482,-3.144887,2.5631535,4,11.40565,-1.7060746,6
MGYG000003771,Gut,3196,-4.8184195,4.1747756,4,8.413252,1.9545915,7
MGYG000003772,Gut,848,-1.0755187,6.8274455,4,1.6542184,2.1465628,4
MGYG000003773,Gut,2479,-2.1094198,4.4484353,4,11.06759,-3.8705323,6
MGYG000003774,Gut,1008,3.0693417,3.148534,-1,-6.2491565,11.026133,3
MGYG000003775,Gut,1203,-3.1996205,15.634942,2,12.486469,2.2743134,7
MGYG000003776,Gut,1036,2.3668694,5.9465446,5,12.036483,2.294052,7
MGYG000003777,Gut,2064,-5.326724,4.6612096,4,8.651871,1.4830804,7
MGYG000003778,Gut,1227,-1.640909,10.896183,4,12.489103,2.2573583,7
MGYG000003779,Gut,1175,-4.447656,5.374833,4,10.26634,2.1721928,7
MGYG000003780,Gut,1258,-3.1589074,15.574516,2,12.961267,2.9606016,7
MGYG000003781,Gut,627,-1.4842349,17.866432,2,2.9361694,-10.195004,-1
MGYG000003782.1,Gut,1405,-2.9593525,15.6298275,2,12.904442,2.8908694,7
MGYG000003783,Gut,2642,-4.4169765,4.677815,4,8.177606,2.0283232,7
MGYG000003784,Gut,1444,1.7305099,14.18151,-1,1.5442587,1.1411295,4
MGYG000003785,Gut,1552,-3.189755,15.549779,2,12.932236,2.9289913,7
MGYG000003786,Gut,1751,-4.747208,5.4501348,4,10.222962,2.1310234,7
MGYG000003787,Gut,1521,14.859625,12.70258,0,6.8190494,17.572645,0
MGYG000003788,Gut,1590,-1.4556911,4.5647078,4,2.3138473,2.204708,4
MGYG000003789,Gut,1658,-3.192736,15.5473385,2,12.936849,2.9351637,7
MGYG000003790,Gut,1270,2.922542,3.3357098,-1,-6.379863,10.822013,3
MGYG000003791,Gut,1811,7.01385,5.99802,1,-6.546321,-10.3013,2
MGYG000003792,Gut,1849,7.225441,5.9176717,1,-6.540175,-10.251838,2
MGYG000003793,Gut,1118,-3.2483635,4.4824204,4,11.959861,2.3307917,7
MGYG000003794,Gut,1800,2.013364,9.837429,6,-7.5476675,8.010528,3
MGYG000003795,Gut,1587,-1.3579317,7.1944757,4,2.0648828,1.7297703,4
MGYG000003796,Gut,1100,-2.9909182,16.410719,2,12.173083,1.909102,7
MGYG000003797,Gut,1534,-4.150414,13.960951,3,13.81582,8.441401,5
MGYG000003798,Gut,1634,14.845906,12.4852915,0,6.867249,17.407722,0
MGYG000003799,Gut,1597,2.750083,9.688465,6,-7.6352773,11.003768,3
MGYG000003800,Gut,1691,7.7553916,5.114103,1,-5.187826,-10.607992,2
MGYG000003801,Gut,1453,2.3694594,5.9389515,5,12.05393,2.284356,7
MGYG000003802,Gut,1301,-3.0195026,16.37121,2,12.15604,1.8628075,7
MGYG000003803,Gut,3388,5.688454,-2.3235886,-1,-12.490013,-2.191901,1
MGYG000003804,Gut,1631,-1.5580722,9.836654,4,-9.12306,9.996176,3
MGYG000003805,Gut,1855,7.2522545,5.8925414,1,-6.956164,-10.1200075,2
MGYG000003806,Gut,2242,7.5971866,5.9173985,1,-6.896326,-10.0868635,2
MGYG000003807,Gut,1021,-3.222908,4.5501313,4,11.91765,2.0778883,7
MGYG000003808,Gut,1937,5.7118206,6.4530587,5,-5.835646,-10.140504,2
MGYG000003809,Gut,964,-2.114335,10.102055,4,11.425862,1.2797036,7
MGYG000003810,Gut,1509,8.466901,5.2473207,1,-5.4541683,-10.476453,2
MGYG000003811,Gut,1949,7.215911,5.9667463,1,-6.854004,-10.209316,2
MGYG000003812,Gut,1681,2.5083306,9.637642,6,-7.575483,8.050858,3
MGYG000003813,Gut,1231,1.7437483,8.373622,6,-6.4555693,10.917813,3
MGYG000003814,Gut,1433,3.275878,9.085762,6,-7.573897,8.054338,3
MGYG000003815,Gut,1518,-1.2124767,4.082739,4,2.3666034,2.4522357,4
MGYG000003816,Gut,1986,3.8226693,8.411206,6,-8.238301,11.1351,3
MGYG000003817,Gut,916,-1.4836612,7.307485,4,-2.1930459,0.49230605,4
MGYG000003818,Gut,1251,-1.5241455,8.534726,4,8.239811,-5.5311933,6
MGYG000003819,Gut,2030,-3.128663,2.6353571,4,11.659695,-2.000064,6
MGYG000003820,Gut,2167,-4.680235,7.7542048,4,12.354069,-1.6957667,6
MGYG000003821,Gut,2425,-5.9755297,4.647241,4,8.237331,2.2056425,7
MGYG000003822,Gut,1916,-4.587273,4.845623,4,8.322584,2.1875265,7
MGYG000003823,Gut,1587,14.930131,13.313853,0,6.8784313,17.583902,0
MGYG000003824,Gut,1811,-2.9205525,2.8792965,4,12.18664,-3.137139,6
MGYG000003825,Gut,1773,-3.952338,7.747708,4,12.67433,-1.9339651,6
MGYG000003826,Gut,1521,-3.0248654,9.138467,4,9.088982,-3.2569075,6
MGYG000003827,Gut,1179,-1.5122862,7.343448,4,-2.1637661,0.4663709,4
MGYG000003828,Gut,2376,-3.8041744,5.2221913,4,7.952588,2.2024503,7
MGYG000003829,Gut,1352,-2.1519475,10.291206,4,-0.32960406,17.331362,0
MGYG000003830,Gut,1257,14.980013,13.900355,0,7.063986,17.728672,0
MGYG000003831,Gut,2347,3.9027886,8.655232,6,-8.322331,11.152022,3
MGYG000003832,Gut,870,-0.30657,16.247576,3,9.300586,-13.709973,-1
MGYG000003833,Gut,1915,-1.7666887,4.508048,4,11.027596,-3.833436,6
MGYG000003834,Gut,2445,-4.312561,5.4871182,4,8.37331,2.7729182,7
MGYG000003835,Gut,2270,3.2561078,8.556353,6,-8.217418,11.137158,3
MGYG000003836,Gut,1457,2.567402,5.525849,5,-9.893999,0.5860721,1
MGYG000003837,Gut,1553,2.9127378,3.3341517,-1,-6.399549,10.791532,3
MGYG000003838,Gut,2138,-2.8306146,5.0336614,4,10.071479,-3.7539718,6
MGYG000003839,Gut,991,-2.3212345,6.594639,4,9.353234,-4.915802,6
MGYG000003840,Gut,1062,-2.3398335,5.377225,4,9.220368,-5.126566,6
MGYG000003841,Gut,1255,-2.292392,4.995311,4,9.257489,-4.650158,6
MGYG000003842,Gut,1465,-2.7525806,9.367989,4,10.421743,-6.011913,-1
MGYG000003843,Gut,1816,-3.0393326,7.319081,4,11.231926,-3.1200514,6
MGYG000003844,Gut,2133,-3.2954752,8.712407,4,8.66376,-2.865618,6
MGYG000003845,Gut,1073,-1.4715952,7.3527727,4,-2.135362,0.43459213,4
MGYG000003846,Gut,1527,-2.0508158,7.4646273,4,-0.6458799,10.421614,3
MGYG000003847,Gut,1684,14.584325,10.140186,0,6.962046,16.830883,0
MGYG000003849,Gut,1167,-1.5013602,8.606489,4,8.195948,-5.548294,6
MGYG000003850,Gut,957,-2.4211662,5.3207293,4,12.059787,-2.933798,6
MGYG000003851,Gut,1651,14.447639,10.781807,0,6.9409924,17.193302,0
MGYG000003852,Gut,1584,3.258653,5.0147543,5,-9.685449,0.27795264,1
MGYG000003853,Gut,1250,15.049562,13.966111,0,7.041765,17.80433,0
MGYG000003854,Gut,1939,-3.0334458,5.7879424,4,10.944628,-2.8778718,6
MGYG000003855,Gut,1375,-2.7856362,5.424905,4,9.883605,-4.034053,6
MGYG000003856,Gut,1698,3.3692174,8.446044,6,-7.8120503,11.105747,3
MGYG000003857,Gut,1314,-1.9456164,10.198867,4,-0.3773958,17.38199,0
MGYG000003858,Gut,2028,-3.3654535,8.439347,4,8.669945,-2.8641968,6
MGYG000003859,Gut,1094,-1.4814723,7.274811,4,-2.1478877,0.44852477,4
MGYG000003860,Gut,1767,-2.9715319,2.7806273,4,11.947991,-2.0500348,6
MGYG000003861,Gut,1459,15.042361,13.858107,0,7.1957645,17.646484,0
MGYG000003862,Gut,1670,14.836812,12.62186,0,6.9732203,16.928158,0
MGYG000003863,Gut,2191,-3.9069035,4.3900433,4,10.267495,-3.7664766,6
MGYG000003864,Gut,1522,14.852535,12.423747,0,6.9339905,17.799217,0
MGYG000003865,Gut,1692,14.702059,10.799006,0,7.0973945,16.880978,0
MGYG000003867,Gut,2067,-2.9443393,9.323488,4,8.167474,2.2756524,7
MGYG000003868,Gut,2160,-2.97785,6.874039,4,2.415505,2.4899035,4
MGYG000003869,Gut,2115,-3.1212566,2.557956,4,11.552137,-1.7447835,6
MGYG000003870,Gut,1667,14.676564,11.3454895,0,7.0960846,17.2071,0
MGYG000003871,Gut,1397,-2.1061387,4.511099,4,10.804595,-3.9357903,6
MGYG000003872,Gut,2456,-2.9427452,4.3160496,4,10.132964,-3.7100883,6
MGYG000003873,Gut,1708,14.435795,10.129744,0,7.3394794,16.758215,0
MGYG000003874,Gut,1772,-5.0625978,5.3810234,4,15.74887,7.006545,5
MGYG000003875,Gut,2600,-1.9805951,4.22327,4,10.986127,-3.8916192,6
MGYG000003876,Gut,2294,-2.051742,4.95457,4,10.810785,-2.236886,6
MGYG000003877,Gut,1321,-3.8403068,7.8209147,4,12.6727915,-1.9184706,6
MGYG000003878,Gut,2210,2.266593,9.628179,6,-7.8696504,7.802437,3
MGYG000003879,Gut,1722,4.3111644,6.313025,5,-9.667055,0.2642887,1
MGYG000003880,Gut,1609,4.213271,8.517931,6,-6.4164133,12.503509,3
MGYG000003881,Gut,1515,2.8883355,8.880907,6,-7.7608576,10.988346,3
MGYG000003882,Gut,3442,6.1429486,-2.3758168,-1,-12.943461,-2.2251549,1
MGYG000003883,Gut,3712,5.903058,-2.2973092,-1,-12.782703,-2.352061,1
MGYG000003884,Gut,1904,-2.867026,3.24199,4,12.253047,-3.1617463,6
MGYG000003885,Gut,1688,14.689664,11.835575,0,7.023378,16.84143,0
MGYG000003886,Gut,1432,4.403945,5.4254217,5,15.076763,14.265827,0
MGYG000003887,Gut,1037,-2.932463,9.0544615,4,9.242944,-4.8722787,6
MGYG000003888,Gut,1541,5.1083,7.6697965,-1,-2.5654662,-5.9906187,2
MGYG000003889,Gut,1604,-2.8669124,9.547969,4,9.457192,-3.3023062,6
MGYG000003890,Gut,1308,-2.4236648,9.997544,4,-0.34975785,17.352787,0
MGYG000003891,Gut,2305,-1.7899925,5.091502,4,11.017857,-3.888717,6
MGYG000003892,Gut,2549,-6.0337167,4.7562857,4,8.015094,3.4899962,7
MGYG000003893,Gut,2081,3.2112772,9.723002,6,-8.061525,7.835473,3
MGYG000003894,Gut,1621,14.720057,11.096679,0,6.8529587,17.447123,0
MGYG000003895,Gut,885,-1.9455547,3.2372992,4,10.858856,-2.9319406,6
MGYG000003896,Gut,1503,14.566061,10.203866,0,7.09022,17.932104,0
MGYG000003897,Gut,897,2.9297006,3.3086655,-1,-6.372195,10.825906,3
MGYG000003898,Gut,1298,-0.44808298,9.881832,4,11.455214,1.2432386,7
MGYG000003899,Gut,2063,-1.9038091,3.1744363,4,12.479988,-4.446007,6
MGYG000003900,Gut,1496,14.967537,13.444261,0,7.2704573,17.738142,0
MGYG000003901,Gut,1799,4.4431767,6.3093467,5,-9.616382,0.23362133,1
MGYG000003902,Gut,1780,1.6904972,14.149586,-1,1.6321263,1.211357,4
MGYG000003904,Gut,1774,-0.7207662,5.877171,4,-0.3247749,10.731572,3
MGYG000003905,Gut,1299,2.7884815,7.1535606,6,-6.72075,12.919179,3
MGYG000003906,Gut,1678,14.506847,10.655475,0,7.806026,17.044256,0
MGYG000003907,Gut,1169,-2.1269205,5.4248614,4,11.039627,-1.6591976,6
MGYG000003908,Gut,2689,1.278048,7.7622657,6,-10.339023,8.7802725,3
MGYG000003909,Gut,2026,-1.8927125,5.0472703,4,11.065692,-1.6479448,6
MGYG000003910,Gut,2238,-2.8956952,3.1111887,4,11.541698,-1.6890877,6
MGYG000003911,Gut,1638,-2.8623579,5.115657,4,9.879702,-3.8250825,6
MGYG000003912,Gut,1897,2.9215136,9.774862,6,-8.208743,8.068688,3
MGYG000003913,Gut,1720,14.525283,10.274621,0,7.928237,16.770868,0
MGYG000003914,Gut,1962,4.4608154,6.327764,5,-9.593495,0.21627425,1
MGYG000003915,Gut,1449,14.991144,13.588955,0,7.635215,17.35699,0
MGYG000003916,Gut,1719,-2.0007474,5.170122,4,9.587156,-4.287845,6
MGYG000003917,Gut,1050,15.040936,13.845278,0,7.360634,17.654423,0
MGYG000003918,Gut,1507,-1.0663563,4.216628,4,3.3460808,8.057489,3
MGYG000003919,Gut,1945,-0.9991976,18.12089,2,13.728833,10.565797,5
MGYG000003920,Gut,1630,14.516869,10.750497,0,7.7124205,17.218592,0
MGYG000003921,Gut,2205,-1.8715891,3.3586822,4,12.158393,-4.2286644,6
MGYG000003922,Gut,3600,1.2434521,8.42846,6,-10.015619,9.512412,3
MGYG000003923,Gut,1670,14.523708,10.699053,0,7.5482907,17.129793,0
MGYG000003924,Gut,1792,-1.071062,4.2246227,4,3.319644,8.08474,3
MGYG000003925,Gut,2637,-3.7798188,9.868342,4,8.019486,3.7656553,7
MGYG000003926,Gut,1715,2.682418,7.05849,6,-6.693282,13.160883,3
MGYG000003927,Gut,2017,-3.2450075,8.822117,4,8.677968,-2.872069,6
MGYG000003928,Gut,1767,14.463694,9.499953,0,7.411528,16.259836,0
MGYG000003929,Gut,2668,-5.1968846,4.3115196,4,7.4501514,3.6727493,7
MGYG000003930,Gut,1112,-2.7890518,9.765287,4,-0.357535,17.361687,0
MGYG000003931,Gut,1231,-3.6460764,7.7650375,4,8.162272,-5.900459,6
MGYG000003932,Gut,1681,-2.9179459,9.50107,4,9.411501,-3.2897117,6
MGYG000003933,Gut,2756,-1.7673414,3.9102018,4,3.2965515,8.107806,3
MGYG000003934,Gut,1662,-2.2637165,6.7935753,4,8.108478,-6.1885433,6
MGYG000003935,Gut,1068,-1.7807571,17.571146,2,2.860884,-10.819521,-1
MGYG000003936,Gut,1003,-3.5873406,9.648388,4,7.348233,3.531697,7
MGYG000003937,Gut,1983,-1.9131546,3.285979,4,12.189178,-4.2569427,6
MGYG000003938,Gut,2301,-3.1856472,3.3574908,4,12.603492,-1.8543622,6
MGYG000003939,Gut,1176,-1.8761587,17.741686,2,2.6519005,-11.108864,-1
MGYG000003940,Gut,976,-0.9698926,15.81938,3,9.451776,-13.799282,-1
MGYG000003941,Gut,1712,3.1722944,7.0495872,6,-6.6418304,13.184055,3
MGYG000003942,Gut,1228,-2.103649,17.475342,2,2.6041186,-11.159206,-1
MGYG000003943,Gut,1706,-2.6442094,8.423779,4,8.9321165,-4.1920786,6
MGYG000003944,Gut,1040,-0.48452497,15.724471,3,9.362947,-13.813525,-1
MGYG000003945,Gut,1654,-1.8319275,5.3444815,4,11.256393,-3.1460397,6
MGYG000003946,Gut,836,14.120804,9.307825,0,7.9352713,17.94094,0
MGYG000003947,Gut,1273,-2.5626786,8.363289,4,9.193882,-4.898527,6
MGYG000003948,Gut,1621,3.4640524,8.395749,6,-6.6390734,13.128439,3
MGYG000003949,Gut,2284,-6.305691,5.0885777,4,7.433305,3.6865296,7
MGYG000003950,Gut,1350,-3.0218349,2.788374,4,12.082376,-2.0445468,6
MGYG000003951,Gut,716,-0.48181328,15.9838505,3,9.335232,-13.763603,-1
MGYG000003952,Gut,1676,2.8449872,7.043164,6,-6.641102,13.143922,3
MGYG000003953,Gut,1011,-2.057901,6.106728,4,8.109583,-6.1532226,6
MGYG000003954,Gut,1883,-3.3092713,10.288927,4,7.5413194,3.8098102,7
MGYG000003955,Gut,885,-2.692817,9.284184,4,9.051755,-4.9441204,6
MGYG000003956,Gut,1105,-1.0621216,14.847792,3,-1.6636436,4.573231,4
MGYG000003957,Gut,3468,1.4351705,7.920972,6,-10.347541,9.198551,3
MGYG000003958,Gut,1646,-2.0494857,7.4166675,4,-0.66410756,10.403208,3
MGYG000003959,Gut,1820,-2.526174,5.325407,4,9.588109,-4.695015,6
MGYG000003960,Gut,985,-2.2155676,8.240877,4,8.150127,-5.6135135,6
MGYG000003961,Gut,1833,-3.1918988,3.4764168,4,11.29453,-3.065345,6
MGYG000003962,Gut,1529,5.079085,7.691582,-1,-2.568772,-5.977058,2
MGYG000003963,Gut,2025,-3.4586415,8.271578,4,9.8425865,-4.488874,6
MGYG000003964,Gut,1176,-2.0079513,6.2491775,4,8.365432,-5.857964,6
MGYG000003965,Gut,1441,-2.879381,5.635133,4,-0.50935596,10.552302,3
MGYG000003966,Gut,1462,-3.0048103,4.6024942,4,9.667395,-4.950844,6
MGYG000003967,Gut,1596,-2.9690657,7.335165,4,9.635651,-4.7043753,6
MGYG000003968,Gut,1331,15.016334,13.853591,0,7.0128202,17.802202,0
MGYG000003969,Gut,1544,2.6146405,5.4834533,5,-9.88645,0.58520174,1
MGYG000003970,Gut,2672,-4.4450974,4.7228284,4,8.523941,1.9474906,7
MGYG000003971,Gut,1555,0.762697,8.541645,6,11.321062,1.0913668,7
MGYG000003972,Gut,1542,-3.0197337,7.400312,4,9.634574,-4.656472,6
MGYG000003973,Gut,1561,-3.2670257,7.814481,4,9.606119,-4.88202,6
MGYG000003974,Gut,1122,-1.8874269,17.526854,2,2.8437092,-10.850093,-1
MGYG000003975,Gut,2078,-3.1846027,2.5925245,4,11.674777,-1.7585914,6
MGYG000003976,Gut,947,15.050964,13.953089,0,6.8393874,17.634596,0
MGYG000003977,Gut,1151,-2.0839074,17.605549,2,2.6988626,-11.037563,-1
MGYG000003978,Gut,2027,-3.9184785,7.762504,4,12.649484,-1.9148605,6
MGYG000003979,Gut,1540,-2.125548,5.7304726,4,9.6556015,-4.929439,6
MGYG000003980,Gut,2306,-2.7417345,3.2558806,4,11.870142,-1.7029926,6
MGYG000003981,Gut,1016,-0.95897824,15.585316,3,9.600606,-14.050603,-1
MGYG000003982,Gut,1324,14.953255,13.798168,0,6.8595123,17.760834,0
MGYG000003983,Gut,1655,14.719951,11.522793,0,6.8887057,17.177608,0
MGYG000003984,Gut,1774,-6.488893,5.0340075,4,7.868465,1.7647673,7
MGYG000003985,Gut,1603,3.5747278,8.510248,6,-8.05415,11.085588,3
MGYG000003986,Gut,1743,3.4366598,8.482078,6,-7.700369,11.181813,3
MGYG000003987,Gut,2163,-2.3499026,4.829297,4,10.499516,-5.5632124,-1
MGYG000003989,Gut,1819,2.9007642,7.068883,6,-6.595757,13.308066,3
MGYG000003990,Gut,1775,-3.1191216,10.493543,4,9.486635,-3.2630742,6
MGYG000003991,Gut,1443,4.1366324,8.4987755,6,-6.400254,12.491303,3
MGYG000003992,Gut,2404,3.099732,9.212374,6,-9.184136,8.568747,3
MGYG000003993,Gut,1479,2.7454093,7.2469215,6,-6.620774,13.060274,3
MGYG000003994,Gut,1910,3.2993104,8.414562,6,-8.186794,10.796127,3
MGYG000003995,Gut,1238,-2.0527647,10.463718,4,-0.3431462,17.346392,0
MGYG000003996,Gut,1353,-2.222713,5.638591,4,9.498963,-4.9883013,6
MGYG000003997,Gut,1331,-3.244823,8.317901,4,9.573526,-4.9638367,6
MGYG000003998,Gut,1019,-0.94988704,15.343502,3,9.504758,-13.975689,-1
MGYG000003999,Gut,1408,2.6559572,5.506382,5,-9.866097,0.55602443,1
MGYG000004000,Gut,1034,-1.7074591,17.780262,2,2.86534,-10.804566,-1
MGYG000004001,Gut,1689,14.735833,10.173765,0,7.1217365,16.764565,0
MGYG000004002,Gut,2568,1.1564146,7.3987536,6,-10.614441,8.605611,3
MGYG000004003,Gut,4176,1.2362195,8.4734955,6,-10.119138,9.655516,3
MGYG000004004,Gut,1687,-2.412975,3.6336617,4,11.936728,-2.4049263,6
MGYG000004005,Gut,1311,-1.7720424,17.65412,2,2.555953,-11.203959,-1
MGYG000004006,Gut,2167,3.1597106,7.030052,6,-6.60592,13.252392,3
MGYG000004007,Gut,583,-1.7937386,11.0964985,4,3.1223018,-9.174239,-1
MGYG000004008,Gut,852,-0.6177442,15.666919,3,9.321501,-13.720152,-1
MGYG000004009,Gut,1434,3.1705413,9.105315,6,-8.236444,8.072622,3
MGYG000004010,Gut,1638,-2.3933454,8.036607,4,9.386142,-4.584385,6
MGYG000004011,Gut,1725,14.582323,9.914269,0,7.612058,16.628952,0
MGYG000004012,Gut,729,-0.96646655,15.800628,3,9.336697,-13.693682,-1
MGYG000004013,Gut,1468,14.941787,13.1183605,0,6.904748,17.49506,0
MGYG000004014,Gut,877,-0.60858625,16.29778,3,9.249947,-13.645104,-1
MGYG000004015,Gut,3556,-2.4249594,13.966035,3,-1.3764168,-5.4560523,2
MGYG000004016,Gut,1833,-4.8733277,5.3941298,4,11.184179,0.81608814,7
MGYG000004017,Gut,2807,-1.9033551,4.537874,4,10.7455225,-3.9258268,6
MGYG000004018,Gut,1798,14.41255,9.460253,0,7.5389266,16.144852,0
MGYG000004019,Gut,2553,1.9218044,8.479464,6,-9.788514,8.925669,3
MGYG000004020,Gut,1389,-2.233126,6.73993,4,8.1130705,-6.174425,6
MGYG000004021,Gut,1866,3.2863557,8.422236,6,-8.191197,10.8214245,3
MGYG000004022,Gut,2191,-3.1227279,6.1271124,4,9.9718,-3.832145,6
MGYG000004023,Gut,1503,14.906784,13.041951,0,6.8839693,17.746662,0
MGYG000004024,Gut,1255,-3.5249553,8.321562,4,9.455514,-5.0518813,6
MGYG000004025,Gut,876,-0.5104322,15.625909,3,9.495227,-13.943623,-1
MGYG000004026,Gut,1887,3.7146695,8.278521,6,-7.9035926,11.131852,3
MGYG000004027,Gut,1648,-2.829761,8.597468,4,10.431974,-5.877135,-1
MGYG000004028,Gut,2124,-2.397378,3.5647924,4,11.9976015,-2.4041584,6
MGYG000004029,Gut,1473,-1.0627614,14.719511,3,-1.6991898,4.608394,4
MGYG000004030,Gut,1916,-3.2998145,8.396048,4,9.751896,-4.757624,6
MGYG000004031,Gut,1646,14.415923,9.65138,0,6.8603425,17.153883,0
MGYG000004032,Gut,1310,-2.9330585,8.40545,4,9.317166,-4.5883465,6
MGYG000004033,Gut,1460,-2.4549549,8.150255,4,9.642216,-4.8200374,6
MGYG000004034,Gut,1900,-2.1494098,4.8630314,4,11.264712,-3.0721896,6
MGYG000004035,Gut,1787,-4.5299616,4.884425,4,9.700951,-4.643763,6
MGYG000004036,Gut,2167,-2.7639678,8.590382,4,8.94399,-4.122309,6
MGYG000004037,Gut,1688,3.2234027,8.43467,6,-8.18872,10.778242,3
MGYG000004038,Gut,1022,-0.37330806,16.158125,3,9.408888,-13.829911,-1
MGYG000004039,Gut,2505,-5.424933,4.4012027,4,8.193122,3.3994086,7
MGYG000004040,Gut,1351,15.053527,14.010779,0,7.0001907,17.781713,0
MGYG000004041,Gut,1768,4.847689,6.103247,5,15.279195,14.500562,0
MGYG000004042,Gut,1710,3.6597884,8.437982,6,-7.6868196,11.17558,3
MGYG000004043,Gut,1515,3.6820638,8.194444,6,-7.855955,11.165999,3
MGYG000004044,Gut,2066,-3.1155708,7.3561325,4,10.791104,-3.9252167,6
MGYG000004045,Gut,2121,-3.0583675,12.73561,3,11.415558,9.201092,5
MGYG000004046,Gut,1631,1.6095208,4.76085,5,11.187474,8.633879,5
MGYG000004047,Gut,1280,-2.0937858,17.64013,2,2.624626,-11.135372,-1
MGYG000004048,Gut,1607,14.302352,9.883493,0,6.830432,17.298979,0
MGYG000004049,Gut,1386,-2.678941,8.44925,4,9.263407,-4.8306804,6
MGYG000004050,Gut,1612,4.195678,8.619351,6,-6.3922734,12.504786,3
MGYG000004051,Gut,1048,-0.33487168,16.227625,3,9.447628,-13.854099,-1
MGYG000004052,Gut,2146,-2.0258105,4.4161797,4,11.000083,-3.9128962,6
MGYG000004053,Gut,1575,-2.037602,7.4032445,4,-0.66973794,10.398139,3
MGYG000004054,Gut,1569,14.7706375,10.589016,0,7.013785,17.845312,0
MGYG000004055,Gut,2047,-3.640634,10.290414,4,7.2610593,3.4156797,7
MGYG000004056,Gut,1707,2.6588898,7.0613546,6,-6.7029643,13.195195,3
MGYG000004057,Gut,938,-3.5218377,8.6686535,4,8.860526,-3.0770855,6
MGYG000004058,Gut,1585,14.727346,11.952648,0,6.864158,17.821205,0
MGYG000004059,Gut,2017,-3.9397488,7.777499,4,12.633043,-1.9333917,6
MGYG000004061,Gut,1235,-3.4344108,8.563532,4,11.278324,0.87882054,7
MGYG000004062,Gut,1864,-3.916488,7.7217717,4,12.654305,-1.9213641,6
MGYG000004063,Gut,1674,-0.98261064,6.593907,4,-10.14649,0.17736991,1
MGYG000004064,Gut,1975,-2.047337,7.1621346,4,8.954486,-4.1148067,6
MGYG000004066,Gut,1637,14.853631,10.851893,0,6.868969,17.342663,0
MGYG000004067,Gut,1624,-2.982713,9.669006,4,11.029187,-0.88552415,6
MGYG000004068,Gut,1881,-3.2016885,2.6471856,4,11.521073,-1.760387,6
MGYG000004069,Gut,812,14.291481,9.5499115,0,7.942795,17.946487,0
MGYG000004070,Gut,1798,-3.0790854,7.385762,4,11.263596,-3.134422,6
MGYG000004071,Gut,1811,-1.660632,5.561694,4,11.937841,-2.3178513,6
MGYG000004072,Gut,1916,-2.903877,8.462668,4,8.961663,-4.1286597,6
MGYG000004073,Gut,1376,-1.623332,17.915674,2,2.680761,-11.127161,-1
MGYG000004074,Gut,2653,-3.1873593,3.02868,4,11.459281,-1.566336,6
MGYG000004075,Gut,2274,-2.2347267,4.7521877,4,9.906943,-3.8882978,6
MGYG000004076,Gut,1366,-2.5724375,4.435069,4,9.594736,-4.3604045,6
MGYG000004077,Gut,950,-2.0422313,13.548659,3,15.758534,6.9882393,5
MGYG000004078,Gut,1320,-2.0440586,17.277035,2,2.732732,-11.010948,-1
MGYG000004079,Gut,1484,-4.8138223,4.761261,4,9.513618,-4.7505016,6
MGYG000004080,Gut,1337,3.748952,4.7690606,5,-5.5110645,-10.443876,2
MGYG000004081,Gut,1899,-1.6715308,5.364513,4,9.789703,-4.5747695,6
MGYG000004082,Gut,2304,-4.187891,4.514147,4,7.87198,3.3843946,7
MGYG000004083,Gut,1525,4.3617744,5.389813,5,15.055608,14.263205,0
MGYG000004084,Gut,864,-0.40509334,15.897388,3,9.396353,-13.820551,-1
MGYG000004085,Gut,1794,-2.5179698,6.45885,4,9.105212,-4.117135,6
MGYG000004086,Gut,900,-0.49043632,15.802941,3,9.51766,-13.950357,-1
MGYG000004087,Gut,2927,-4.53101,4.115581,4,9.508183,2.240159,7
MGYG000004088,Gut,2294,-2.2859411,3.9497817,4,10.981669,-3.878393,6
MGYG000004089,Gut,1383,-1.9484066,5.2119303,4,9.477731,-4.8356495,6
MGYG000004090,Gut,2051,2.9580572,8.732779,6,-8.011687,10.885073,3
MGYG000004091,Gut,1536,14.844047,12.498304,0,6.9317827,17.805294,0
MGYG000004092,Gut,1608,-2.711238,3.2455983,4,11.931456,-2.3765802,6
MGYG000004093,Gut,2611,-3.0129933,5.532689,4,11.589124,0.5584768,7
MGYG000004094,Gut,2750,1.2422208,8.44804,6,-9.898138,9.206087,3
MGYG000004095,Gut,1301,-1.4981241,4.6157556,4,1.7529731,2.2637022,4
MGYG000004096,Gut,1472,2.9542532,5.197862,5,-9.654492,0.2907315,1
MGYG000004097,Gut,1676,14.476913,9.859459,0,6.918976,16.948023,0
MGYG000004098,Gut,1757,-2.3288205,6.541541,4,9.64009,-4.7589884,6
MGYG000004099,Gut,1533,-2.689915,8.454689,4,10.465641,-5.9480815,-1
MGYG000004100,Gut,1164,-2.1733272,3.8837304,4,11.336826,-2.6554024,6
MGYG000004101,Gut,978,-0.9155423,15.821267,3,9.420353,-13.773543,-1
MGYG000004102,Gut,1010,-0.3157614,16.243797,3,9.282886,-13.688926,-1
MGYG000004103,Gut,1112,-2.1236246,17.538773,2,2.7740643,-10.952254,-1
MGYG000004104,Gut,1473,-2.023661,4.91939,4,11.024369,-3.2292247,6
MGYG000004105,Gut,1884,2.3975136,7.287672,6,-6.708988,13.183999,3
MGYG000004106,Gut,1541,-2.0567782,5.621803,4,9.35583,-4.5987325,6
MGYG000004107,Gut,1716,-2.291829,3.6401956,4,11.023356,-3.8799725,6
MGYG000004108,Gut,1797,-2.9947145,8.259213,4,9.265359,-4.3448386,6
MGYG000004109,Gut,1710,-2.1438816,7.252874,4,9.005596,-4.195378,6
MGYG000004110,Gut,1501,-1.553479,4.6449304,4,1.7830393,2.2621522,4
MGYG000004111,Gut,1606,-2.6690776,3.2397075,4,11.741414,-2.5705125,6
MGYG000004112,Gut,1413,5.017457,6.155757,5,15.222042,14.419875,0
MGYG000004113,Gut,1877,-3.2424467,7.896381,4,9.675383,-4.5911417,6
MGYG000004114,Gut,2531,-5.6948667,4.4850535,4,8.215044,3.3750575,7
MGYG000004115,Gut,1806,-1.259651,9.434264,4,9.652926,-3.3404381,6
MGYG000004116,Gut,3033,-2.7355607,3.9668825,4,9.976491,-3.8533385,6
MGYG000004117,Gut,919,-0.91060746,15.818262,3,9.406261,-13.743482,-1
MGYG000004118,Gut,1262,-2.9004483,6.8404174,4,9.377012,-4.875668,6
MGYG000004119,Gut,1248,-1.3230263,14.84207,3,2.6019583,-11.155058,-1
MGYG000004120,Gut,1144,-1.0042934,15.04757,3,9.669229,-14.134422,-1
MGYG000004121,Gut,1776,14.664265,11.806115,0,7.4632077,16.247782,0
MGYG000004122,Gut,1969,-2.4418504,3.075096,4,11.214022,-2.5937762,6
MGYG000004123,Gut,1707,-3.350037,6.462898,4,11.218971,0.7599587,7
MGYG000004124,Gut,1560,-3.0311,8.3733225,4,9.494168,-4.648512,6
MGYG000004125,Gut,1822,-1.7524502,5.401364,4,9.725139,-4.720045,6
MGYG000004126,Gut,2920,-1.9674833,3.4822295,4,11.693323,-4.014878,6
MGYG000004127,Gut,1825,6.4399047,6.4549828,1,-6.170725,-10.105277,2
MGYG000004128,Gut,1765,-2.7033846,7.637927,4,9.100729,-4.113896,6
MGYG000004129,Gut,2020,-3.0422025,2.5568173,4,10.26779,-3.7513587,6
MGYG000004130,Gut,1967,-3.8911996,7.7724147,4,12.636806,-1.8954098,6
MGYG000004131,Gut,1395,-2.6683147,8.4831295,4,9.313374,-4.885203,6
MGYG000004132,Gut,2076,-3.656136,9.757876,4,7.3902836,3.5627582,7
MGYG000004133,Gut,1814,-2.8084497,8.759933,4,9.060431,-4.2740684,6
MGYG000004134,Gut,1584,3.55119,4.8672247,5,15.134235,14.3122,0
MGYG000004135,Gut,1385,-1.925063,5.1028914,4,11.086612,-1.6127024,6
MGYG000004136,Gut,3247,-4.236934,4.6703196,4,8.546648,2.2697258,7
MGYG000004137,Gut,1973,-1.6230774,5.54376,4,12.546602,-2.0832057,6
MGYG000004138,Gut,1579,5.032368,6.35934,5,15.23974,14.418942,0
MGYG000004139,Gut,1842,-3.177655,3.2384675,4,12.614177,-1.8443007,6
MGYG000004140,Gut,2276,-6.6175942,4.616394,4,7.9922795,2.2631054,7
MGYG000004141,Gut,1726,14.270286,10.077472,0,7.3657665,16.331007,0
MGYG000004142,Gut,1934,-3.2034109,2.6158218,4,11.579735,-1.7811753,6
MGYG000004143,Gut,2268,-1.8828111,3.9127228,4,11.782508,-4.0346665,6
MGYG000004144,Gut,1093,-2.7921667,8.149613,4,9.076867,-3.8809025,6
MGYG000004145,Gut,1632,-2.6488595,7.777438,4,9.767037,-4.781013,6
MGYG000004146,Gut,1880,-2.5260828,4.449898,4,9.90175,-3.940552,6
MGYG000004148,Gut,1615,14.782235,12.234497,0,6.808555,17.40513,0
MGYG000004149,Gut,1002,-0.9632671,15.00847,3,9.591144,-14.043779,-1
MGYG000004150,Gut,2978,-1.7379096,3.662947,4,-11.3933735,-1.1198231,1
MGYG000004151,Gut,6027,6.647044,5.341473,1,-11.559203,-1.3152345,1
MGYG000004152,Gut,1612,14.831969,12.494701,0,6.798284,17.484106,0
MGYG000004153,Gut,2458,-1.4640796,4.5075474,4,10.587277,-3.8429062,6
MGYG000004154,Gut,1602,-2.148588,4.604984,4,11.0439005,-3.8781214,6
MGYG000004155,Gut,1135,-2.024897,17.351706,2,2.7679546,-10.885196,-1
MGYG000004156,Gut,1742,14.389751,9.961007,0,7.5725746,16.504095,0
MGYG000004157,Gut,2009,-3.0301497,5.7731023,4,9.09842,-4.0776186,6
MGYG000004158,Gut,1522,-3.979388,5.1702595,4,1.7185154,2.2308943,4
MGYG000004159,Gut,2207,-2.486439,4.517853,4,9.930718,-3.89565,6
MGYG000004160,Gut,1622,-3.018029,7.2115946,4,9.63602,-4.65409,6
MGYG000004161,Gut,1740,14.504986,9.721819,0,7.3119984,16.376524,0
MGYG000004162,Gut,883,-0.434514,15.773767,3,9.4324875,-13.863462,-1
MGYG000004163,Gut,2084,-3.127214,2.5427763,4,11.661444,-1.721871,6
MGYG000004164,Gut,1744,-2.9403887,8.207118,4,8.966851,-4.151288,6
MGYG000004165,Gut,1757,-1.7371235,5.789848,4,11.802862,-2.2077098,6
MGYG000004166,Gut,1969,3.2602801,8.497123,6,-8.081076,11.077431,3
MGYG000004167,Gut,969,-0.42529848,15.886825,3,9.440966,-13.907825,-1
MGYG000004168,Gut,3242,-2.0271943,4.4881015,4,11.012736,-3.892455,6
MGYG000004169,Gut,2021,-5.5037527,4.4345317,4,8.179842,3.409241,7
MGYG000004170,Gut,897,-0.514056,16.048965,3,9.393127,-13.802678,-1
MGYG000004171,Gut,1875,-4.7031097,5.473866,4,11.243471,0.7015089,7
MGYG000004172,Gut,2313,2.826975,7.139488,6,-6.6511416,13.286496,3
MGYG000004173,Gut,1710,-3.6026573,9.068603,4,11.134523,0.7596444,7
MGYG000004174,Gut,1893,-1.8343238,4.3110437,4,11.011805,-3.8941014,6
MGYG000004175,Gut,988,-0.26634014,16.246738,3,9.570267,-14.022432,-1
MGYG000004176,Gut,2231,-2.5211916,13.77042,3,-1.4120804,-5.4303217,2
MGYG000004177,Gut,828,-0.5133665,15.761899,3,9.294248,-13.696583,-1
MGYG000004178,Gut,1126,-2.0481088,17.3168,2,2.8338184,-10.856897,-1
MGYG000004179,Gut,1545,-1.6917433,4.989924,4,11.236269,-3.196496,6
MGYG000004180,Gut,3506,1.4523991,7.846306,6,-10.353629,9.181505,3
MGYG000004181,Gut,1681,14.639053,10.286713,0,7.772925,17.016237,0
MGYG000004182,Gut,2563,0.87615687,8.673537,6,-9.663931,8.859813,3
MGYG000004183,Gut,1857,4.8239803,6.185209,5,15.33025,14.538825,0
MGYG000004184,Gut,2015,-3.0044684,4.775555,4,10.004009,-3.7707794,6
MGYG000004185,Gut,2409,1.867081,8.557412,6,-9.818302,8.924986,3
MGYG000004186,Gut,1667,14.711237,11.581066,0,6.897301,17.042212,0
MGYG000004187,Gut,1586,4.273643,6.291472,5,-9.663105,0.2776996,1
MGYG000004188,Gut,2552,1.8999052,8.509923,6,-9.815484,8.909361,3
MGYG000004189,Gut,1646,4.787958,5.9833174,5,15.346999,14.566532,0
MGYG000004191,Gut,1138,-1.8008099,17.83876,2,2.722757,-11.017451,-1
MGYG000004192,Gut,1096,-1.9789466,17.383398,2,2.8238888,-10.898477,-1
MGYG000004193,Gut,1818,-2.7027857,8.533452,4,8.945902,-4.175346,6
MGYG000004194,Gut,1856,-2.580011,8.170766,4,9.288432,-4.5152693,6
MGYG000004195,Gut,1294,-1.8221358,17.858242,2,2.608733,-11.166062,-1
MGYG000004196,Gut,1780,-3.0301235,2.874911,4,11.915855,-2.3794258,6
MGYG000004197,Gut,1846,1.8038625,7.593041,6,-6.722025,13.188492,3
MGYG000004198,Gut,1740,-3.7891915,9.37144,4,11.16958,0.78838694,7
MGYG000004199,Gut,1198,-1.0532563,14.856323,3,-1.6433195,4.55341,4
MGYG000004200,Gut,1579,-3.729345,8.008419,4,12.669029,-1.9938531,6
MGYG000004201,Gut,2028,-2.8089108,3.1876526,4,12.184183,-3.1331766,6
MGYG000004202,Gut,325,-1.4513584,10.330148,4,3.1097062,-9.167856,-1
MGYG000004203,Gut,2430,-5.3483515,4.4910665,4,8.174079,3.4106977,7
MGYG000004204,Gut,841,-0.39011052,16.286425,3,9.273272,-13.674374,-1
MGYG000004205,Gut,1433,3.7936935,8.510719,6,-6.344819,12.434614,3
MGYG000004206,Gut,1842,-1.6497059,5.7167573,4,11.764441,-2.2023404,6
MGYG000004207,Gut,1706,-1.1497738,8.968268,4,-7.9952407,8.5347805,3
MGYG000004208,Gut,2089,3.3578537,8.179621,6,-8.278572,11.2109585,3
MGYG000004209,Gut,1730,14.295669,9.856541,0,7.3367953,16.332664,0
MGYG000004210,Gut,1956,-3.567696,9.488518,4,7.378626,3.5086303,7
MGYG000004211,Gut,810,-1.8508132,14.109656,3,9.449632,-13.877094,-1
MGYG000004212,Gut,1132,-2.1931071,17.21024,2,2.7392704,-11.030388,-1
MGYG000004213,Gut,2096,3.2606418,8.50761,6,-8.127241,11.048749,3
MGYG000004214,Gut,1617,-1.8794746,5.6788726,4,9.587722,-4.8245535,6
MGYG000004215,Gut,1131,-2.1099691,16.822933,2,2.752566,-10.976128,-1
MGYG000004216,Gut,942,-0.73209214,15.080494,3,9.328185,-13.74673,-1
MGYG000004217,Gut,1241,15.105721,13.958198,0,7.034665,17.79471,0
MGYG000004218,Gut,933,-0.98751885,15.26538,3,9.409493,-13.864555,-1
MGYG000004219,Gut,1955,3.3086424,8.480392,6,-8.061608,10.99338,3
MGYG000004220,Gut,1725,14.383022,9.61972,0,7.2902827,16.438686,0
MGYG000004221,Gut,1471,-2.2011828,6.460237,4,8.036306,-6.19021,6
MGYG000004222,Gut,1184,-2.188263,17.234745,2,2.6688242,-11.091179,-1
MGYG000004223,Gut,1937,-2.979081,8.141846,4,8.932213,-4.1349726,6
MGYG000004224,Gut,1934,-4.432488,5.0061703,4,10.3282175,-3.8831582,6
MGYG000004226,Gut,877,-0.43878105,15.812396,3,9.375884,-13.704399,-1
MGYG000004227,Gut,1267,14.928506,13.152396,0,7.0325804,17.80546,0
MGYG000004228,Gut,1080,-1.6674658,17.238518,2,9.646738,-14.112311,-1
MGYG000004229,Gut,1520,-2.6654232,8.274405,4,9.4004545,-4.765585,6
MGYG000004230,Gut,3043,-0.73467034,17.342003,2,10.143329,4.0890217,-1
MGYG000004231,Gut,1985,-2.1180136,7.219075,4,9.275286,-4.2874417,6
MGYG000004232,Gut,2371,-1.09257,17.494905,2,10.296057,3.95288,-1
MGYG000004233,Gut,2536,-4.9835944,5.252449,4,8.340109,2.3073852,7
MGYG000004234,Gut,2233,-1.0793557,14.382326,3,15.931064,6.857026,5
MGYG000004235,Gut,2005,-2.7207868,5.7680836,4,10.261368,-3.5659146,6
MGYG000004236,Gut,1856,-1.2618711,9.460432,4,9.681272,-3.3800545,6
MGYG000004237,Gut,1216,-2.041968,17.669176,2,2.6365762,-11.1370945,-1
MGYG000004238,Gut,1175,4.94664,5.818214,5,15.272447,14.48187,0
MGYG000004239,Gut,1239,14.356575,9.46073,0,7.4400935,17.58971,0
MGYG000004240,Gut,1534,14.767004,11.75878,0,6.822416,17.677082,0
MGYG000004241,Gut,1643,2.829117,8.301249,6,-6.603254,13.070564,3
MGYG000004242,Gut,945,-0.44241634,15.865741,3,9.360667,-13.768356,-1
MGYG000004243,Gut,1360,-2.6943252,8.617982,4,8.918862,-4.337885,6
MGYG000004244,Gut,1646,-3.0770671,9.127873,4,9.096219,-3.2230685,6
MGYG000004245,Gut,1773,-3.2815557,7.476438,4,11.351668,-3.0787666,6
MGYG000004246,Gut,1737,-2.797884,5.495086,4,9.693938,-4.738574,6
MGYG000004247,Gut,1332,4.9106393,6.365044,5,15.218071,14.394266,0
MGYG000004248,Gut,1780,-1.6886148,5.3058205,4,12.146252,-2.9818528,6
MGYG000004249,Gut,1080,-1.2443606,14.58193,3,9.605868,-14.102129,-1
MGYG000004250,Gut,2675,-5.5637517,4.551604,4,8.253125,3.3445475,7
MGYG000004251,Gut,1375,-0.99060595,6.6146145,4,-10.142597,0.17109857,1
MGYG000004252,Gut,1770,-2.9596815,2.8222957,4,11.891193,-1.9316725,6
MGYG000004253,Gut,1934,-1.3840948,4.048387,4,3.306762,8.099897,3
MGYG000004254,Gut,897,-0.4254661,15.817281,3,9.302894,-13.718529,-1
MGYG000004255,Gut,1803,3.6198304,8.498913,6,-7.82887,11.157,3
MGYG000004256,Gut,1917,-3.7150626,7.911591,4,10.542697,-5.7587643,-1
MGYG000004257,Gut,1427,5.4896073,6.6973615,5,10.823642,15.575446,0
MGYG000004258,Gut,1740,14.484126,9.706624,0,7.9322944,16.72851,0
MGYG000004259,Gut,1375,3.68676,4.6826873,5,11.206386,15.449861,0
MGYG000004260,Gut,1025,-1.8950514,17.57251,2,2.880648,-10.798164,-1
MGYG000004261,Gut,632,-0.97271,15.614497,3,9.351827,-13.735909,-1
MGYG000004262,Gut,2443,-2.6643877,3.685147,4,12.207832,-3.113787,6
MGYG000004263,Gut,2676,-4.3889933,4.60101,4,7.9818783,1.6285813,7
MGYG000004264,Gut,1135,4.882418,5.929442,5,15.297717,14.517963,0
MGYG000004265,Gut,2087,-3.182167,9.446373,4,10.484834,-5.5885167,-1
MGYG000004266,Gut,1666,-4.156572,13.993409,3,13.841778,8.461808,5
MGYG000004267,Gut,1518,2.9269457,3.3378315,-1,-6.383027,10.834598,3
MGYG000004268,Gut,906,6.2881136,6.572365,1,-5.6752715,-10.199402,2
MGYG000004269,Gut,2487,-6.136059,4.296482,4,8.363817,2.1599576,7
MGYG000004270,Gut,1074,2.9634292,3.6059754,-1,-6.2805834,10.978334,3
MGYG000004271,Gut,2779,-6.6486816,4.7374945,4,7.999158,3.4784045,7
MGYG000004272,Gut,1635,-2.8173602,6.1787567,4,1.9323407,2.0858874,4
MGYG000004274,Gut,1702,14.666127,11.442355,0,7.830062,17.0611,0
MGYG000004275,Gut,1837,-5.242322,5.101825,4,8.878148,-3.0109892,6
MGYG000004276,Gut,1730,-1.7061074,5.7703094,4,11.757128,-2.1821187,6
MGYG000004277,Gut,1601,1.6494749,14.106653,-1,1.5289817,1.1121675,4
MGYG000004278,Gut,1418,3.5311027,4.8725333,5,15.0965,14.194816,0
MGYG000004279,Gut,1435,-2.687571,8.443406,4,9.311293,-4.8528495,6
MGYG000004280,Gut,1481,14.952699,13.471633,0,7.289108,17.732395,0
MGYG000004281,Gut,3537,1.4134632,7.9193606,6,-10.342926,9.18124,3
MGYG000004282,Gut,1944,-3.6322381,7.932333,4,8.896774,-3.0664015,6
MGYG000004283,Gut,1512,-0.6839482,15.608216,3,-2.4945478,-6.045406,2
MGYG000004284,Gut,1604,14.791433,10.452861,0,7.3341236,17.536415,0
MGYG000004285,Gut,2123,-3.3572268,9.509599,4,11.246539,-1.0035611,6
MGYG000004286,Gut,1729,14.414317,10.505811,0,7.7911477,16.78747,0
MGYG000004287,Gut,1955,1.6390537,4.796157,5,11.228678,8.599734,5
MGYG000004288,Gut,1931,-2.089549,13.581398,3,15.767946,6.9854846,5
MGYG000004289,Gut,1545,-0.8702719,7.496466,4,1.9581219,1.6953555,4
MGYG000004290,Gut,2419,2.8227072,7.067813,6,-6.5517883,13.379343,3
MGYG000004291,Gut,1325,2.3452284,9.002898,6,-7.646414,8.330845,3
MGYG000004292,Gut,1777,-2.5442307,4.449125,4,9.756546,-4.001494,6
MGYG000004293,Gut,452,-0.64166176,8.161931,4,-1.790066,-1.1397011,4
MGYG000004294,Gut,1740,13.992363,9.776439,0,7.4001303,16.351648,0
MGYG000004295,Gut,3646,4.1203337,-1.0348727,-1,-12.504622,-3.1681743,1
MGYG000004296,Gut,2368,-6.553342,4.5151663,4,8.196451,2.2978618,7
MGYG000004297,Gut,1658,14.61276,10.606447,0,6.839823,17.297142,0
MGYG000004298,Gut,1640,-1.558725,7.272525,4,-2.4202375,0.7549948,4
MGYG000004299,Gut,856,-0.3658633,16.187767,3,9.370105,-13.773233,-1
MGYG000004300,Gut,1045,-2.1147165,8.228289,4,8.193363,-5.8673244,6
MGYG000004301,Gut,1518,14.873035,12.705451,0,6.940301,17.94303,0
MGYG000004302,Gut,1347,-1.1112463,15.251538,3,-1.7429858,4.652339,4
MGYG000004303,Gut,1153,-0.43653792,15.99494,3,9.651754,-14.1541815,-1
MGYG000004304,Gut,1097,-3.1356955,9.618581,4,8.957601,-3.145809,6
MGYG000004305,Gut,1571,14.796973,12.437698,0,6.83032,17.67617,0
MGYG000004306,Gut,1165,-1.77687,17.421045,2,2.8000119,-10.884592,-1
MGYG000004307,Gut,1478,14.28926,9.9478035,0,7.077409,17.48995,0
MGYG000004308,Gut,1784,-3.24471,6.599627,4,11.16445,0.8021098,7
MGYG000004309,Gut,2019,-2.4204185,16.64419,2,13.7151165,10.55984,5
MGYG000004310,Gut,1415,-2.2091353,8.1581745,4,7.979876,-6.208766,6
MGYG000004311,Gut,1169,-2.1194065,17.238146,2,2.7991364,-10.871159,-1
MGYG000004312,Gut,1522,-4.8078437,5.025367,4,-2.5519457,-5.99576,2
MGYG000004313,Gut,1733,3.7934554,-1.1306652,-1,-10.972589,0.5297788,1
MGYG000004314,Gut,1573,8.426869,5.27206,1,-5.476759,-10.45938,2
MGYG000004315,Gut,880,-1.450844,17.610697,2,13.1538725,10.093042,5
MGYG000004316,Gut,1643,-2.2812076,14.039608,3,13.471319,8.507573,5
MGYG000004317,Gut,2143,-3.7067297,10.058288,4,7.695951,3.926844,7
MGYG000004318,Gut,1022,14.242843,9.385784,0,7.910848,17.935413,0
MGYG000004319,Gut,1055,-1.7004347,17.822536,2,2.8346012,-10.8560705,-1
MGYG000004320,Gut,1702,14.522022,10.941704,0,7.055475,16.71097,0
MGYG000004321,Gut,1717,-3.5028076,13.536014,3,13.540578,8.245483,5
MGYG000004322,Gut,1064,-2.3590636,10.068476,4,3.1531162,-9.683683,-1
MGYG000004323,Gut,1640,-2.76794,8.436101,4,10.481193,-5.8014474,-1
MGYG000004324,Gut,1466,15.028814,13.482856,0,7.0048223,17.85508,0
MGYG000004325,Gut,1643,14.709283,11.4423275,0,6.855458,17.37014,0
MGYG000004326,Gut,1205,14.942588,13.177112,0,6.752844,17.567863,0
MGYG000004327,Gut,1473,-3.915901,7.8206196,4,12.678949,-2.025373,6
MGYG000004328,Gut,1779,14.249942,9.445002,0,7.547525,16.122564,0
MGYG000004329,Gut,1802,2.3673444,9.408983,6,-7.968248,8.605168,3
MGYG000004330,Gut,1674,14.692965,11.303489,0,7.640796,17.095455,0
MGYG000004331,Gut,1619,14.734163,11.748394,0,6.753575,17.4829,0
MGYG000004332,Gut,1709,14.423852,10.462632,0,7.256674,16.585814,0
MGYG000004333,Gut,589,-0.94253445,15.833279,3,9.337836,-13.723791,-1
MGYG000004334,Gut,1755,-2.9470057,9.417843,4,9.526286,-3.29629,6
MGYG000004335,Gut,1800,14.409271,9.830222,0,7.558046,16.17686,0
MGYG000004336,Gut,1965,-1.9200454,3.2180529,4,12.475109,-4.4407306,6
MGYG000004337,Gut,1667,-2.7258239,7.1925774,4,2.3440871,2.4927986,4
MGYG000004338,Gut,948,-1.4838643,7.2321043,4,-2.235942,0.4003619,4
MGYG000004339,Gut,1414,4.9919224,7.794914,-1,-2.5643837,-5.99154,2
MGYG000004340,Gut,1870,-1.9186028,3.1832526,4,12.466097,-4.4380813,6
MGYG000004341,Gut,1916,-2.9659762,2.9814775,4,12.050009,-3.019464,6
MGYG000004342,Gut,1066,-0.9093346,15.761897,3,9.677594,-14.144986,-1
MGYG000004343,Gut,989,-0.31573856,16.243437,3,9.53143,-13.977147,-1
MGYG000004344,Gut,1560,14.521509,10.686833,0,6.9887147,17.86481,0
MGYG000004345,Gut,1745,-3.8111765,13.445458,3,13.428394,8.106646,5
MGYG000004346,Gut,1245,15.083417,13.925617,0,6.8716087,17.70014,0
MGYG000004347,Gut,1414,-3.1001284,9.572188,4,8.921382,-3.091925,6
MGYG000004348,Gut,1222,3.123239,9.035977,6,-8.303088,8.058695,3
MGYG000004349,Gut,1753,14.406473,9.499126,0,7.393027,16.2146,0
MGYG000004350,Gut,1192,-2.1518462,16.96731,2,2.6657228,-11.05009,-1
MGYG000004351,Gut,1926,-0.8450518,7.7103376,4,1.6920962,1.257434,4
MGYG000004352,Gut,953,-0.41150275,15.958486,3,9.366842,-13.773888,-1
MGYG000004353,Gut,1342,-3.3042233,8.37605,4,9.742636,-4.842118,6
MGYG000004354,Gut,1460,2.850922,8.397157,6,-6.592353,13.073695,3
MGYG000004355,Gut,988,-0.94226676,15.809741,3,9.405064,-13.768762,-1
MGYG000004356,Gut,1682,14.51319,9.817893,0,7.079753,16.897636,0
MGYG000004357,Gut,1142,-1.7846684,17.717474,2,2.6858146,-11.062718,-1
MGYG000004358,Gut,1592,14.899692,12.862935,0,6.958362,17.501926,0
MGYG000004359,Gut,2279,-6.532798,4.953894,4,7.7281804,2.0378294,7
MGYG000004360,Gut,1095,3.7668085,9.333739,6,-1.5493832,4.460618,4
MGYG000004361,Gut,1072,-1.4914843,7.255609,4,-2.1807754,0.46873227,4
MGYG000004362,Gut,1429,-2.0986013,8.225851,4,7.9715304,-6.2278047,6
MGYG000004363,Gut,1449,14.964578,13.652617,0,6.9030347,17.730148,0
MGYG000004364,Gut,1502,15.072157,13.516397,0,7.015968,17.82655,0
MGYG000004365,Gut,1810,3.6731734,8.138974,6,-8.034594,11.160217,3
MGYG000004366,Gut,1640,14.227661,10.080368,0,6.9174957,17.204067,0
MGYG000004367,Gut,1709,14.647718,10.629845,0,7.1241236,16.714895,0
MGYG000004368,Gut,1582,14.648087,10.337148,0,7.2069135,17.624472,0
MGYG000004369,Gut,2535,-3.7468002,9.779033,4,8.03626,3.6531496,7
MGYG000004370,Gut,1207,-1.978878,10.232358,4,-0.36450255,17.368702,0
MGYG000004371,Gut,1951,3.185722,9.616164,6,-8.154809,7.983867,3
MGYG000004372,Gut,821,5.097843,7.6870656,-1,-2.6028733,-5.952379,2
MGYG000004373,Gut,1435,14.980719,13.267254,0,7.0033507,17.860811,0
MGYG000004374,Gut,1646,14.709063,11.941604,0,7.302206,17.041418,0
MGYG000004375,Gut,1815,-1.6327533,13.976251,3,15.688635,7.059851,5
MGYG000004376,Gut,2038,-2.3935535,3.6448946,4,11.986828,-2.3944623,6
MGYG000004377,Gut,1425,3.6479788,8.533957,6,-7.7243824,11.165814,3
MGYG000004378,Gut,1670,14.704237,11.54939,0,6.8534803,17.129177,0
MGYG000004379,Gut,953,-0.4145414,16.293081,3,9.303069,-13.714723,-1
MGYG000004380,Gut,2098,-6.285111,4.85394,4,7.470781,3.7165678,7
MGYG000004381,Gut,2301,-3.834855,10.1339,4,7.7049284,3.9158454,7
MGYG000004382,Gut,2355,-3.7662947,10.058619,4,7.5370464,3.7622063,7
MGYG000004383,Gut,1542,14.811632,12.404777,0,7.016531,17.863773,0
MGYG000004384,Gut,1876,-3.4324698,8.523659,4,8.851597,-3.055445,6
MGYG000004385,Gut,2160,-3.9078286,10.183304,4,7.677934,3.8952048,7
MGYG000004386,Gut,1670,14.662053,10.203857,0,6.8627267,17.085064,0
MGYG000004387,Gut,1658,14.546573,10.631138,0,6.8784003,17.094557,0
MGYG000004388,Gut,1723,-3.7928817,7.8809795,4,12.67902,-2.016225,6
MGYG000004389,Gut,871,-0.9351804,15.795723,3,9.372327,-13.737406,-1
MGYG000004390,Gut,2343,3.2071226,9.373978,6,-8.346326,7.907328,3
MGYG000004391,Gut,472,-0.7475695,15.668249,3,9.4523115,-13.87388,-1
MGYG000004392,Gut,1523,-2.6456597,9.263354,4,10.367957,-6.03397,-1
MGYG000004393,Gut,1065,-0.44160163,15.799124,3,9.35892,-13.785824,-1
MGYG000004394,Gut,708,-1.7418541,10.67452,4,3.0718505,-9.151792,-1
MGYG000004395,Gut,815,-0.29944226,16.294363,3,9.411064,-13.829742,-1
MGYG000004396,Gut,1654,14.669311,11.547236,0,6.8202786,17.36608,0
MGYG000004397,Gut,1864,0.18903099,7.454126,4,2.1976314,1.7092273,4
MGYG000004398,Gut,1480,14.922747,13.141023,0,6.8081965,17.680563,0
MGYG000004399,Gut,1586,14.857197,12.716713,0,6.815794,17.661642,0
MGYG000004400,Gut,1273,-1.5168079,7.3535924,4,-2.1716409,0.48008856,4
MGYG000004401,Gut,1005,-0.4149037,15.7864685,3,9.625688,-14.077441,-1
MGYG000004402,Gut,2158,4.2392974,8.671439,6,-6.2534695,12.389846,3
MGYG000004403,Gut,2289,-6.4953537,4.898584,4,7.764742,3.5406587,7
MGYG000004405,Gut,1152,-1.6031768,17.873589,2,2.7132604,-11.046963,-1
MGYG000004406,Gut,445,-1.0588921,15.170105,3,9.44079,-13.831667,-1
MGYG000004407,Gut,1607,14.814967,12.407691,0,6.7525024,17.35083,0
MGYG000004408,Gut,1714,14.812093,12.43925,0,7.8849144,16.90317,0
MGYG000004409,Gut,885,-0.28613964,16.251642,3,9.248709,-13.650794,-1
MGYG000004410,Gut,1236,-2.0325885,17.691172,2,-2.4709964,-6.072127,2
MGYG000004411,Gut,1232,-1.6455112,17.908535,2,2.686893,-11.054408,-1
MGYG000004412,Gut,1641,-2.5297246,3.488074,4,11.930582,-2.3515027,6
MGYG000004413,Gut,1625,-3.3071175,8.395589,4,10.52475,-5.79521,-1
MGYG000004414,Gut,2079,-6.2294526,5.099569,4,7.7859473,3.5684023,7
MGYG000004415,Gut,1706,14.749026,12.013099,0,7.180512,16.532887,0
MGYG000004416,Gut,1268,-1.6744329,10.54208,4,-0.38941485,17.39382,0
MGYG000004417,Gut,1063,-0.6222094,15.648463,3,9.553724,-14.0099745,-1
MGYG000004418,Gut,751,2.6274376,5.43247,5,-2.0846143,0.35463956,4
MGYG000004419,Gut,1465,5.1584754,6.345081,5,10.558444,15.757052,0
MGYG000004420,Gut,1450,-1.849882,10.361013,4,-0.32105443,17.323067,0
MGYG000004421,Gut,1644,14.834824,12.607844,0,6.7740116,17.437286,0
MGYG000004422,Gut,1686,14.629047,11.682754,0,7.0053353,16.865091,0
MGYG000004423,Gut,848,-0.570733,15.525081,3,-1.7887996,4.6975393,4
MGYG000004424,Gut,1575,5.0858693,6.3044233,5,10.555506,15.744732,0
MGYG000004425,Gut,1183,-1.5091234,14.466611,3,-1.6409384,4.550772,4
MGYG000004426,Gut,590,-1.7129521,10.20655,4,3.1253893,-9.199656,-1
MGYG000004427,Gut,1060,-1.5369146,17.745867,2,2.8464751,-10.832541,-1
MGYG000004428,Gut,1854,3.4199395,8.243468,6,-7.9078064,11.064928,3
MGYG000004429,Gut,1864,-2.86121,9.495835,4,11.022428,-0.8635097,6
MGYG000004430,Gut,2819,3.883894,8.68492,6,-8.343578,11.204503,3
MGYG000004431,Gut,3033,-6.044307,4.4671874,4,8.1893835,3.3799837,7
MGYG000004432,Gut,1979,3.3622034,8.435267,6,-7.95978,11.035478,3
MGYG000004433,Gut,2372,-1.1524203,4.2320986,4,3.3118622,8.091575,3
MGYG000004434,Gut,1212,-1.4632605,8.73726,4,8.135878,-5.6087885,6
MGYG000004435,Gut,1336,-2.2427986,7.648377,4,8.045038,-6.140042,6
MGYG000004436,Gut,985,-2.231,5.5806065,4,9.784322,-4.5774274,6
MGYG000004437,Gut,1005,-2.0211506,10.386193,4,3.1520393,-9.712395,-1
MGYG000004438,Gut,1834,-2.7133107,3.356152,4,11.484897,-2.6731184,6
MGYG000004439,Gut,1755,-2.8602104,8.645006,4,8.952514,-4.175187,6
MGYG000004440,Gut,1263,-0.39470834,15.79659,3,-1.657021,4.5666237,4
MGYG000004442,Gut,1313,14.976658,13.66261,0,7.050155,17.8331,0
MGYG000004443,Gut,1902,1.45316,7.778267,6,-8.176924,10.811482,3
MGYG000004444,Gut,1307,-1.5122916,7.4233665,4,-2.1744711,0.48109835,4
MGYG000004445,Gut,1506,-2.3982956,7.2847643,4,7.9336615,-6.294445,6
MGYG000004446,Gut,898,-1.8447367,17.465221,2,2.8882613,-10.777637,-1
MGYG000004447,Gut,931,-0.43147087,15.8810005,3,9.327447,-13.7512455,-1
MGYG000004449,Gut,1164,-2.152626,17.21773,2,2.658749,-10.981388,-1
MGYG000004450,Gut,1694,14.402622,9.887692,0,7.133714,16.70146,0
MGYG000004451,Gut,1191,-1.0148829,15.020428,3,-1.7964382,4.705286,4
MGYG000004452,Gut,981,-2.1042075,17.362635,2,2.9087842,-10.765643,-1
MGYG000004453,Gut,1100,-1.7281489,17.859257,2,2.7934408,-10.925907,-1
MGYG000004454,Gut,2096,4.245946,6.3357444,5,-9.581327,0.20274414,1
MGYG000004455,Gut,1113,-0.9853772,15.559879,3,9.715469,-14.175147,-1
MGYG000004456,Gut,2543,3.2393842,10.136099,6,-8.5655775,7.726789,3
MGYG000004457,Gut,1968,3.5732117,8.487001,6,-8.2308655,11.163106,3
MGYG000004458,Gut,1235,-1.8484523,17.688477,2,2.620055,-11.138037,-1
MGYG000004459,Gut,972,-1.7898121,10.823477,4,-0.35509077,17.358969,0
MGYG000004460,Gut,1493,-0.80504364,15.282308,3,-1.8165002,4.7249637,4
MGYG000004461,Gut,3143,-0.7717267,5.8999157,4,-0.30821657,10.74771,3
MGYG000004462,Gut,1672,3.3523283,8.920877,6,-8.297871,8.167551,3
MGYG000004463,Gut,2197,-2.40802,3.5672777,4,11.987036,-2.3797226,6
MGYG000004464,Gut,1885,3.0485618,8.80683,6,-8.116131,10.7677555,3
MGYG000004465,Gut,1762,4.3377132,8.710982,6,-6.508486,12.535066,3
MGYG000004466,Gut,1767,14.596262,11.242019,0,7.2807627,16.361887,0
MGYG000004467,Gut,1712,14.58503,10.9157295,0,7.119553,16.69934,0
MGYG000004468,Gut,1773,2.017876,8.983462,6,-6.6616635,13.20407,3
MGYG000004469,Gut,1748,2.2195551,7.682836,6,-6.7058854,13.126159,3
MGYG000004470,Gut,1463,-2.6834073,8.358559,4,9.23567,-4.6885333,6
MGYG000004471,Gut,1734,-3.1703978,9.682668,4,8.902512,-3.0599222,6
MGYG000004472,Gut,1800,-2.4356556,6.9338326,4,9.722902,-4.8490806,6
MGYG000004473,Gut,1389,-1.7844698,10.579211,4,-0.30031008,17.30332,0
MGYG000004474,Gut,2040,2.3305616,9.507499,6,-8.003867,10.896519,3
MGYG000004475,Gut,1509,-2.4270294,3.5953386,4,11.890395,-2.3615901,6
MGYG000004476,Gut,1309,-2.3070312,8.089668,4,8.14964,-5.984372,6
MGYG000004477,Gut,936,-1.9575701,17.543188,2,2.8965163,-10.759209,-1
MGYG000004478,Gut,1673,-1.5708182,7.2183094,4,-2.3767738,0.7087587,4
MGYG000004479,Gut,2934,0.89884305,8.647898,6,-9.607757,8.907116,3
MGYG000004480,Gut,1709,14.031514,9.91829,0,7.333804,16.887527,0
MGYG000004481,Gut,1703,-3.575025,9.6979475,4,11.184783,0.8090379,7
MGYG000004482,Gut,1630,-1.7297109,5.807153,4,11.829895,-2.1816094,6
MGYG000004483,Gut,2118,3.291334,8.524077,6,-8.13134,11.10939,3
MGYG000004484,Gut,1488,-1.677318,7.090949,4,-2.3741195,0.70704293,4
MGYG000004485,Gut,1485,-1.7131689,7.0922155,4,-2.3759584,0.70885515,4
MGYG000004486,Gut,1746,-3.7880874,7.9774914,4,12.633255,-1.9899755,6
MGYG000004487,Gut,1848,-2.431773,3.622921,4,11.953286,-2.3819296,6
MGYG000004488,Gut,1362,-0.41077203,15.808403,3,-1.6895185,4.5992823,4
MGYG000004489,Gut,1906,-1.7227161,5.842546,4,11.808346,-2.2104583,6
MGYG000004490,Gut,2449,3.21598,8.643785,6,-8.391895,11.100977,3
MGYG000004491,Gut,2184,3.208562,9.358287,6,-8.402206,7.9259186,3
MGYG000004492,Gut,1082,-2.497524,7.0714107,4,-0.15384032,17.091051,0
MGYG000004493,Gut,2197,-2.3922687,9.8583555,4,5.2687545,2.9047518,-1
MGYG000004494,Gut,1120,-1.7790742,17.853752,2,2.6846473,-11.046852,-1
MGYG000004495,Gut,2135,3.842755,9.219019,6,-8.260081,7.77672,3
MGYG000004496,Gut,972,-2.2050092,10.00898,4,3.1523614,-9.693235,-1
MGYG000004497,Gut,1419,15.014595,13.931996,0,7.082605,17.808025,0
MGYG000004498,Gut,1225,-0.92425054,14.829773,3,-1.6726482,4.582683,4
MGYG000004499,Gut,2853,-0.69543505,5.8535075,4,-0.36258033,10.694227,3
MGYG000004501,Gut,1674,-2.0649943,7.101722,4,-0.6688527,10.398541,3
MGYG000004502,Gut,1018,-0.9384776,15.450036,3,9.6070795,-14.064848,-1
MGYG000004503,Gut,1534,-2.434939,6.5673223,4,9.716064,-4.940562,6
MGYG000004504,Gut,1016,15.065684,13.673917,0,7.00209,17.921322,0
MGYG000004505,Gut,1443,15.016558,13.629216,0,6.857274,17.891775,0
MGYG000004506,Gut,1562,14.818784,12.433477,0,6.9534206,17.859179,0
MGYG000004507,Gut,957,-0.40937963,15.937497,3,9.316991,-13.744775,-1
MGYG000004508,Gut,724,-1.068892,15.453237,3,9.326067,-13.712088,-1
MGYG000004509,Gut,1045,-0.9786582,15.118219,3,9.632868,-14.093288,-1
MGYG000004510,Gut,2274,3.2284648,9.664855,6,-8.388858,7.735596,3
MGYG000004512,Gut,698,-1.6827989,10.695953,4,3.102581,-9.185212,-1
MGYG000004513,Gut,2962,-0.7089476,5.870937,4,-0.3422163,10.714215,3
MGYG000004514,Gut,1538,14.8555565,12.619572,0,7.0495505,17.935349,0
MGYG000004515,Gut,1134,-1.7175057,17.84575,2,2.7012813,-11.022167,-1
MGYG000004516,Gut,1057,-1.1369587,17.346619,2,13.162464,10.09502,5
MGYG000004517,Gut,1735,-1.3237355,15.455634,3,8.897079,-3.057692,6
MGYG000004518,Gut,1233,-1.8184191,10.896264,4,-0.30816334,17.309925,0
MGYG000004519,Gut,1760,-1.5316784,14.003774,3,8.006462,2.0939415,7
MGYG000004520,Gut,1828,-2.7766623,9.306457,4,9.532059,-3.3053474,6
MGYG000004521,Gut,1652,-1.5785863,7.2394094,4,-2.3731155,0.7055794,4
MGYG000004522,Gut,1675,14.463557,10.624824,0,7.209899,17.05878,0
MGYG000004523,Gut,1364,5.559333,6.7315097,5,10.777048,15.595409,0
MGYG000004525,Gut,2254,-2.3731287,3.5944145,4,12.012835,-2.3509562,6
MGYG000004526,Gut,1717,-1.4690099,5.4317927,4,12.707147,-2.0260541,6
MGYG000004527,Gut,914,-0.45237193,16.056334,3,9.598759,-14.045787,-1
MGYG000004528,Gut,971,-1.9212464,9.097591,4,8.149101,-5.590162,6
MGYG000004529,Gut,1263,-1.6272475,10.457982,4,-0.36469033,17.36874,0
MGYG000004530,Gut,1011,-0.294639,16.25319,3,9.5510845,-13.997856,-1
MGYG000004531,Gut,1125,-2.8086336,8.151374,4,9.221349,-4.709669,6
MGYG000004532,Gut,1523,4.8031707,6.5079494,5,-0.77387583,10.295972,3
MGYG000004533,Gut,1311,-1.4762595,7.329972,4,-2.1728184,0.5133474,4
MGYG000004534,Gut,1092,-2.1473942,17.004936,2,2.825285,-10.863414,-1
MGYG000004535,Gut,1254,-2.2152896,8.075839,4,8.047408,-6.0209846,6
MGYG000004536,Gut,1786,3.3592546,7.099848,6,-6.6122246,13.2333,3
MGYG000004537,Gut,1069,-1.4890547,7.243533,4,-2.1712542,0.45357057,4
MGYG000004538,Gut,1311,-1.1465921,14.605393,3,-1.775999,4.684893,4
MGYG000004539,Gut,936,-1.9078627,17.523333,2,2.8407586,-10.854948,-1
MGYG000004540,Gut,1358,-1.907649,17.49624,2,2.6783836,-11.06635,-1
MGYG000004541,Gut,3333,-2.1665196,14.118591,3,-1.3544822,-5.4606385,2
MGYG000004542,Gut,1736,14.702386,10.097882,0,7.3056192,16.433182,0
MGYG000004543,Gut,1128,-2.6288455,8.180129,4,9.174654,-4.811529,6
MGYG000004544,Gut,1950,3.5967574,7.06755,6,-6.6045003,13.2540455,3
MGYG000004545,Gut,1050,-0.86936516,14.925836,3,-1.6049061,4.5159636,4
MGYG000004546,Gut,813,-0.9058026,15.405949,3,9.325742,-13.765676,-1
MGYG000004547,Gut,2033,-1.8378342,10.69477,4,10.944807,-0.79240817,6
MGYG000004548,Gut,2107,-6.41024,4.930756,4,7.8798823,3.526747,7
MGYG000004549,Gut,1555,14.922572,13.312808,0,6.803457,17.874798,0
MGYG000004550,Gut,1671,14.618859,11.156968,0,6.937264,17.017738,0
MGYG000004551,Gut,1621,-3.0971084,7.4086385,4,11.283707,-3.0661004,6
MGYG000004552,Gut,2308,-4.0159383,5.1047354,4,7.9358883,2.2189648,7
MGYG000004553,Gut,1697,14.583289,10.402766,0,6.973689,16.720201,0
MGYG000004554,Gut,1281,4.942425,6.1777277,5,15.250317,14.402528,0
MGYG000004555,Gut,1528,-2.9715765,9.039071,4,9.488487,-3.3268774,6
MGYG000004556,Gut,2350,-2.7775664,4.8893676,4,11.635817,0.5344078,7
MGYG000004557,Gut,2211,-4.682653,7.7539024,4,12.488702,-1.6971956,6
MGYG000004558,Gut,3222,-4.8832045,5.275627,4,8.026308,1.6396742,7
MGYG000004559,Gut,1721,4.3241186,8.738734,6,-6.510722,12.514924,3
MGYG000004560,Gut,2068,-2.6366513,8.311045,4,9.403689,-4.4230733,6
MGYG000004561,Gut,2108,3.2380357,9.601838,6,-8.267628,7.924601,3
MGYG000004562,Gut,1646,-1.1569519,15.176189,3,13.457303,8.698328,5
MGYG000004563,Gut,1499,-1.0297742,15.778112,3,-2.4883804,-6.035488,2
MGYG000004564,Gut,2078,-3.8794363,7.7631803,4,2.394974,2.1258216,4
MGYG000004565,Gut,1460,-2.903986,15.695013,2,11.640988,1.60635,7
MGYG000004566,Gut,1117,6.755552,6.176317,1,-5.59033,-10.340589,2
MGYG000004567,Gut,1564,5.51835,6.663967,5,10.733533,15.614487,0
MGYG000004568,Gut,551,-0.59424835,8.206535,4,-1.8120471,-1.116291,4
MGYG000004569,Gut,1671,2.3020203,9.257789,6,-7.253148,11.053836,3
MGYG000004570,Gut,1933,-2.3896298,9.867554,4,5.266078,2.9022722,-1
MGYG000004571,Gut,1689,2.565347,9.53953,6,-8.006746,8.576985,3
MGYG000004572,Gut,1837,-4.1256104,4.4617295,4,7.8532596,1.6847141,7
MGYG000004573,Gut,1845,2.8717422,9.342615,6,-6.864394,11.228901,3
MGYG000004574,Gut,883,5.0541773,7.737887,-1,-2.591629,-5.965707,2
MGYG000004575,Gut,1981,-4.69283,7.7570324,4,12.499105,-1.6765054,6
MGYG000004576,Gut,1105,-1.9417917,6.2284694,4,8.284388,-5.4960113,6
MGYG000004577,Gut,1096,5.502066,6.6836257,5,10.719853,15.627998,0
MGYG000004578,Gut,1192,-2.5050464,7.8173547,4,8.088212,-5.938863,6
MGYG000004581,Gut,2314,-5.887594,4.6420197,4,8.013904,2.2156537,7
MGYG000004582,Gut,2311,-4.7696743,5.4479156,4,9.727302,2.208346,7
MGYG000004583,Gut,1702,14.8136635,12.353451,0,7.2410398,16.814404,0
MGYG000004584,Gut,1639,4.948522,6.187367,5,10.484465,15.737329,0
MGYG000004585,Gut,1818,-0.9173817,9.914617,4,-2.470091,-6.0579987,2
MGYG000004586,Gut,2051,-5.5728755,5.159107,4,8.837264,-3.010871,6
MGYG000004587,Gut,2127,-3.3802245,8.294614,4,9.059313,-3.263949,6
MGYG000004588,Gut,2463,3.232009,9.677855,6,-8.4180155,7.718045,3
MGYG000004589,Gut,1930,-4.7522135,5.50361,4,8.472792,2.4210894,7
MGYG000004590,Gut,1634,14.710058,11.705158,0,6.83513,17.419703,0
MGYG000004591,Gut,1638,-1.4496894,13.930753,3,15.552925,7.093351,5
MGYG000004592,Gut,1425,4.944754,5.7695613,5,15.234858,14.429946,0
MGYG000004593,Gut,2218,-6.54238,4.665723,4,7.8643227,3.5368042,7
MGYG000004594,Gut,1125,-1.9432331,17.388966,2,2.7887797,-10.931873,-1
MGYG000004595,Gut,923,3.512828,4.9210567,5,15.086494,14.216811,0
MGYG000004596,Gut,1638,3.0968719,8.029585,6,-8.021279,8.601496,3
MGYG000004597,Gut,1679,14.672851,11.783855,0,7.2533545,17.052284,0
MGYG000004598,Gut,1594,-3.0788746,9.739028,4,8.89286,-3.08059,6
MGYG000004599,Gut,2633,1.040904,8.887263,6,-9.673178,8.873979,3
MGYG000004600,Gut,1548,-1.0045468,15.134584,3,-1.7653544,4.6743617,4
MGYG000004601,Gut,1011,-0.21858425,16.32382,3,9.607607,-14.059727,-1
MGYG000004602,Gut,1613,14.429184,10.51542,0,6.7841415,17.46678,0
MGYG000004603,Gut,1700,-4.143138,13.9633665,3,13.841522,8.47856,5
MGYG000004604,Gut,1635,-3.9073138,4.746019,4,9.698618,2.2117033,7
MGYG000004605,Gut,1942,3.4033148,8.413123,6,-7.9794006,11.094809,3
MGYG000004606,Gut,802,-1.8066955,11.308594,4,-1.5050137,4.418038,4
MGYG000004607,Gut,1764,14.548516,9.760248,0,7.405768,16.222862,0
MGYG000004608,Gut,1679,14.603446,9.703578,0,7.1190834,16.94496,0
MGYG000004609,Gut,1987,-4.817005,4.9948816,4,7.886203,1.7111663,7
MGYG000004610,Gut,1970,-1.8620063,13.660735,3,15.759669,6.9976835,5
MGYG000004611,Gut,1664,-3.9826841,4.0365653,4,2.3987525,2.1808298,4
MGYG000004612,Gut,2151,-3.145342,9.280959,4,8.6707945,-2.8674095,6
MGYG000004613,Gut,1454,-2.0699084,10.0534115,4,-0.38310814,17.385561,0
MGYG000004614,Gut,1181,3.5270922,4.8831453,5,15.001048,14.309293,0
MGYG000004615,Gut,1113,-2.01077,6.475001,4,8.262462,-5.503264,6
MGYG000004616,Gut,1908,-3.1231506,2.4807005,4,10.296999,-3.7776356,6
MGYG000004617,Gut,1863,5.502521,6.6780033,5,10.672123,15.661495,0
MGYG000004618,Gut,2469,-2.1490655,4.928722,4,10.824013,-2.1707947,6
MGYG000004619,Gut,1702,14.392883,9.909125,0,6.9803643,16.65716,0
MGYG000004620,Gut,655,-0.9783979,15.237228,3,9.418926,-13.873286,-1
MGYG000004621,Gut,2049,3.2120976,9.521235,6,-8.181437,7.7942605,3
MGYG000004622,Gut,1796,3.2649598,9.372461,6,-8.191733,8.09176,3
MGYG000004623,Gut,2702,-5.9367146,4.2347903,4,8.31651,2.0801783,7
MGYG000004624,Gut,1396,-3.6383936,7.8730273,4,9.6271515,-4.972711,6
MGYG000004625,Gut,1747,14.405488,9.828937,0,7.7179265,16.510757,0
MGYG000004626,Gut,1507,2.6047688,5.3932195,5,-9.912586,0.5949803,1
MGYG000004627,Gut,2054,2.0740604,9.567597,6,-7.6261754,7.881632,3
MGYG000004628,Gut,2587,-3.1036065,2.549087,4,11.384303,-1.6850319,6
MGYG000004629,Gut,1771,2.0292897,9.588954,6,-7.5601306,7.9436736,3
MGYG000004630,Gut,2614,-4.1569057,4.5336633,4,8.187718,2.0928755,7
MGYG000004631,Gut,1435,-4.774743,4.384923,4,11.3607435,1.1648785,7
MGYG000004632,Gut,2074,2.8376274,9.688277,6,-8.253734,7.9944324,3
MGYG000004633,Gut,2563,-1.1141479,14.810273,3,15.960042,6.8298526,5
MGYG000004634,Gut,1671,-3.1818547,10.037814,4,10.9883585,-0.87018883,6
MGYG000004635,Gut,1291,5.007257,6.120472,5,15.202532,14.368377,0
MGYG000004636,Gut,1719,3.6720157,8.35714,6,-7.925047,11.100755,3
MGYG000004637,Gut,1239,2.6931493,5.798486,5,-9.826068,0.4832738,1
MGYG000004638,Gut,1262,3.50742,4.903956,5,-7.6468844,8.37984,3
MGYG000004639,Gut,1384,-1.4980069,7.387261,4,-2.1988497,0.50617766,4
MGYG000004640,Gut,1876,3.1117458,9.014316,6,-8.291469,8.080417,3
MGYG000004642,Gut,1802,-3.2617629,8.922737,4,11.202861,-0.9634566,6
MGYG000004643,Gut,1610,-2.697193,9.017139,4,10.390597,-6.028557,-1
MGYG000004644,Gut,1896,-2.2271802,3.5371025,4,10.92867,-2.8840404,6
MGYG000004645,Gut,1695,-2.9056792,6.6528635,4,9.443815,-4.521737,6
MGYG000004646,Gut,1254,-2.9947565,4.8676505,4,9.729037,-4.1836815,6
MGYG000004647,Gut,1746,3.2388077,5.026513,5,-9.636806,0.2470769,1
MGYG000004648,Gut,912,-1.5886139,9.507009,4,-2.1844037,0.48725024,4
MGYG000004649,Gut,2040,-1.076294,4.221106,4,3.335104,8.069536,3
MGYG000004650,Gut,2229,1.2615433,8.842172,6,-10.546045,8.645936,3
MGYG000004651,Gut,1867,14.11181,9.278559,0,7.7094684,16.119045,0
MGYG000004652,Gut,1613,1.764603,5.260938,5,11.331789,8.6752,5
MGYG000004653,Gut,999,5.263219,6.3994694,5,10.582505,15.747611,0
MGYG000004654,Gut,1576,4.934949,5.7838707,5,15.283637,14.5006695,0
MGYG000004655,Gut,2162,3.3482125,8.511763,6,-8.231647,11.07903,3
MGYG000004656,Gut,1304,15.012868,14.092147,0,7.0783114,17.585331,0
MGYG000004657,Gut,997,-2.101858,17.390486,2,2.8854063,-10.77876,-1
MGYG000004658,Gut,2747,2.7863584,7.0608463,6,-6.5733595,13.341025,3
MGYG000004659,Gut,1798,-1.0631629,4.221511,4,3.32859,8.074782,3
MGYG000004660,Gut,1600,-6.703656,4.812353,4,9.377965,2.3197787,7
MGYG000004661,Gut,1191,1.7648623,14.212367,-1,1.5649221,1.149572,4
MGYG000004662,Gut,1558,14.980778,13.751468,0,6.9867034,17.880077,0
MGYG000004663,Gut,2004,-2.3108702,4.8026347,4,11.272549,-1.8927327,6
MGYG000004664,Gut,1859,5.4560404,6.490485,5,10.520669,15.7356415,0
MGYG000004665,Gut,1725,1.610091,4.7583957,5,11.214806,8.620158,5
MGYG000004666,Gut,1829,13.902915,9.307318,0,8.199828,16.234484,0
MGYG000004667,Gut,5325,-1.4043617,16.97858,2,10.052277,4.0616665,-1
MGYG000004668,Gut,1127,1.598856,4.7730093,5,11.241869,8.621413,5
MGYG000004669,Gut,616,-0.54951066,15.696095,3,9.47682,-13.90886,-1
MGYG000004670,Gut,1576,-1.255208,4.2001686,4,3.3078418,8.094045,3
MGYG000004671,Gut,1577,-2.482353,4.662505,4,9.996853,-4.470177,6
MGYG000004672,Gut,1699,-3.7949553,7.8970785,4,12.686483,-1.9975383,6
MGYG000004673,Gut,1695,1.6927913,14.1425085,-1,1.5860612,1.1836334,4
MGYG000004674,Gut,626,-1.5028231,7.3974476,4,-2.2235298,0.5323884,4
MGYG000004675,Gut,1377,-2.6824508,12.857332,3,-1.383513,4.2890296,4
MGYG000004676,Gut,1368,0.9089719,8.644217,6,-9.565006,8.802866,3
MGYG000004677,Gut,2291,-4.2040052,4.456194,4,9.697214,2.1876042,7
MGYG000004678,Gut,1645,-1.6642721,11.473068,4,12.562088,2.4670656,7
MGYG000004679,Gut,795,-1.9975305,3.2363017,4,12.494617,-4.4582376,6
MGYG000004680,Gut,3173,-4.7061057,4.091618,4,9.261613,2.4028761,7
MGYG000004681,Gut,1664,14.663137,11.792392,0,7.0353036,17.1723,0
MGYG000004682,Gut,1029,15.0570545,13.577489,0,7.339012,17.705938,0
MGYG000004683,Gut,1896,-3.2106795,2.7184362,4,11.749327,-2.0713437,6
MGYG000004684,Gut,807,15.003994,13.988799,0,6.928186,17.937176,0
MGYG000004685,Gut,991,-1.9131427,17.503942,2,2.8785546,-10.797949,-1
MGYG000004686,Gut,2329,-2.701862,3.3307495,4,11.887535,-1.6527562,6
MGYG000004687,Gut,1871,3.792052,-1.1234589,-1,-10.983277,0.46700442,1
MGYG000004688,Gut,1990,3.4142878,8.527404,6,-8.124803,11.086507,3
MGYG000004689,Gut,2117,-6.397768,4.8343053,4,7.854586,1.7524657,7
MGYG000004690,Gut,1514,-2.8177843,9.323237,4,10.430785,-5.948604,-1
MGYG000004691,Gut,2159,-4.888544,5.4425373,4,9.648739,2.2495756,7
MGYG000004692,Gut,1962,13.931461,9.304367,0,8.201665,16.179783,0
MGYG000004693,Gut,1559,-6.609167,4.6113777,4,8.105716,2.2167602,7
MGYG000004694,Gut,1958,4.49054,6.30814,5,-9.604752,0.19845332,1
MGYG000004695,Gut,1485,15.000191,13.712944,0,6.9056334,17.917517,0
MGYG000004696,Gut,1803,14.26641,9.670697,0,7.5662365,16.154213,0
MGYG000004697,Gut,2183,-6.3085766,5.0526547,4,7.4695663,3.6793642,7
MGYG000004698,Gut,2456,3.1651633,9.098109,6,-8.532593,8.012063,3
MGYG000004699,Gut,3277,-1.1707143,17.25379,2,10.091161,4.044262,-1
MGYG000004700,Gut,1648,-2.0729275,3.2045417,4,12.192044,-4.255543,6
MGYG000004701,Gut,1907,-1.2363095,4.194923,4,3.305919,8.071723,3
MGYG000004702,Gut,1419,-1.704032,5.4776034,4,12.081715,-2.9318852,6
MGYG000004703,Gut,1793,3.27895,9.018361,6,-8.055242,8.101169,3
MGYG000004704,Gut,1374,4.879077,6.3467636,5,-9.716431,0.31321162,1
MGYG000004705,Gut,1770,3.5305245,8.4949665,6,-7.693697,11.2251425,3
MGYG000004706,Gut,2030,5.482042,6.73315,5,10.78707,15.57122,0
MGYG000004707,Gut,1549,-3.1348448,8.665839,4,9.0980625,-3.8387086,6
MGYG000004708,Gut,1280,2.9316063,8.770122,6,-8.176789,8.1355295,3
MGYG000004709,Gut,1635,-1.7015488,5.4016037,4,9.731722,-4.7546935,6
MGYG000004710,Gut,809,15.024096,14.070663,0,7.1780834,17.779465,0
MGYG000004711,Gut,2749,1.3165241,7.774574,6,-10.3629265,8.775898,3
MGYG000004712,Gut,1635,-6.2234416,4.2861824,4,8.315848,2.3265789,7
MGYG000004713,Gut,781,1.1335399,8.900494,6,11.374247,1.1620009,7
MGYG000004714,Gut,2339,-1.5940517,16.670204,2,10.225385,4.0262203,-1
MGYG000004715,Gut,1868,-4.7754316,5.468508,4,11.22587,0.9469126,7
MGYG000004716,Gut,1516,3.6859124,4.77643,5,10.761936,15.619159,0
MGYG000004717,Gut,1812,-1.2295871,14.530454,3,2.2377841,1.4701717,4
MGYG000004718,Gut,1667,-1.4632071,10.311086,4,11.222218,-0.9457271,6
MGYG000004719,Gut,1996,-5.8643312,4.921863,4,7.925322,3.2861733,7
MGYG000004720,Gut,1746,3.5253448,8.355515,6,-7.8045278,11.070484,3
MGYG000004721,Gut,1734,3.0885506,9.742046,6,-8.195974,8.064684,3
MGYG000004722,Gut,1327,-2.210061,6.951895,4,9.410625,-5.0395,6
MGYG000004723,Gut,1963,-2.9988112,2.5840414,4,10.265534,-3.7430162,6
MGYG000004724,Gut,1512,3.6106303,4.7139916,5,15.099994,14.276868,0
MGYG000004725,Gut,1713,-3.1772156,2.6097715,4,11.71473,-1.904209,6
MGYG000004726,Gut,3410,-3.2211583,2.8164809,4,11.337218,-1.6772119,6
MGYG000004727,Gut,1772,-2.5371087,4.145637,4,10.22873,-3.844449,6
MGYG000004728,Gut,1305,4.691251,5.8361664,5,15.016951,14.204808,0
MGYG000004729,Gut,1768,-4.7639537,5.4742236,4,11.214194,0.99639124,7
MGYG000004730,Gut,2344,-2.393861,13.927717,3,-1.352873,-5.473322,2
MGYG000004731,Gut,1310,5.9239984,5.610566,1,-2.1030607,-15.1898575,2
MGYG000004732,Gut,2336,-1.9858732,3.2343965,4,12.101863,-4.2000184,6
MGYG000004733,Gut,3134,-6.415847,4.394083,4,8.347601,1.9616085,7
MGYG000004734,Gut,1623,-2.009718,6.382749,4,8.091394,-6.1864953,6
MGYG000004735,Gut,2765,-5.0319815,5.410293,4,8.325679,2.1396573,7
MGYG000004736,Gut,1837,-3.089627,2.4931293,4,11.702006,-1.8219194,6
MGYG000004737,Gut,1929,5.6078057,6.742692,5,10.816835,15.5525465,0
MGYG000004738,Gut,1842,4.1128783,6.286823,5,-9.607356,0.22118258,1
MGYG000004739,Gut,2147,6.2955384,6.5696774,1,-5.877837,-10.136656,2
MGYG000004740,Gut,2071,-6.548078,4.64039,4,8.00614,2.0643394,7
MGYG000004741,Gut,755,-1.1788013,15.178853,3,9.669413,-14.063643,-1
MGYG000004742,Gut,1432,-2.3866456,16.641916,2,13.705975,10.548615,5
MGYG000004743,Gut,598,-1.1270121,14.775858,3,9.346462,-13.739165,-1
MGYG000004744,Gut,1796,-1.1656528,14.64577,3,2.2260394,1.4851227,4
MGYG000004745,Gut,1044,-1.8753536,5.0701685,4,12.070848,-2.9753594,6
MGYG000004746,Gut,1767,14.371674,9.6244335,0,7.3847713,16.18227,0
MGYG000004747,Gut,2517,-5.8023834,4.311649,4,8.318363,2.0679588,7
MGYG000004748,Gut,3530,1.3025781,8.529135,6,-9.892238,9.350437,3
MGYG000004749,Gut,1017,-1.002699,6.646278,4,-10.122053,0.19342004,1
MGYG000004750,Gut,1394,-1.0702822,4.228496,4,3.3662934,8.0390215,3
MGYG000004751,Gut,1510,2.6745372,5.3977623,5,-9.90661,0.588013,1
MGYG000004752,Gut,1618,-4.5018115,5.3337874,4,7.902943,3.505365,7
MGYG000004753,Gut,947,-0.9501357,15.670467,3,9.369531,-13.760118,-1
MGYG000004754,Gut,3616,-1.4108241,9.782019,4,-9.535742,9.763659,3
MGYG000004755,Gut,1642,5.5487046,6.6929684,5,10.811145,15.558231,0
MGYG000004756,Gut,1791,2.7330601,7.1154394,6,-6.5911427,13.180209,3
MGYG000004757,Gut,1756,3.0092363,8.543546,6,-8.011761,8.571534,3
MGYG000004758,Gut,1969,3.0643764,9.412968,6,-8.254557,7.895392,3
MGYG000004759,Gut,1797,0.93359333,8.599606,6,-8.263551,8.610229,3
MGYG000004760,Gut,1389,-1.8967988,5.054456,4,9.468775,-4.913331,6
MGYG000004761,Gut,1766,14.846287,12.69592,0,7.4067235,16.38302,0
MGYG000004762,Gut,2539,-4.1381993,4.866059,4,8.371546,2.2919683,7
MGYG000004763,Gut,2595,2.0625126,8.489651,6,-9.694513,8.861836,3
MGYG000004764,Gut,2061,-4.725291,5.520239,4,8.412676,2.4175758,7
MGYG000004765,Gut,1802,14.248626,9.491675,0,7.552886,16.12616,0
MGYG000004766,Gut,1701,14.960699,13.813877,0,7.120655,16.669342,0
MGYG000004767,Gut,1171,1.5028751,5.2015595,5,11.550073,9.218065,5
MGYG000004768,Gut,845,2.57461,7.230198,6,-6.582828,13.131375,3
MGYG000004769,Gut,2123,-3.0149057,6.898077,4,2.4072578,2.5306249,4
MGYG000004770,Gut,1795,-3.7768478,13.67423,3,13.47651,8.166544,5
MGYG000004771,Gut,611,-1.9142696,17.4955,2,2.870886,-10.806972,-1
MGYG000004772,Gut,1371,15.02821,14.081728,0,7.287711,17.790857,0
MGYG000004773,Gut,1994,5.312725,6.546091,5,-10.605619,0.7443105,1
MGYG000004774,Gut,2436,-4.970158,4.228371,4,9.493871,2.2736778,7
MGYG000004775,Gut,2392,-3.0614724,4.7322536,4,10.26393,-3.7424135,6
MGYG000004776,Gut,872,-0.94494903,14.941246,3,9.42949,-13.869623,-1
MGYG000004777,Gut,1774,14.01492,9.32466,0,7.5462794,16.189754,0
MGYG000004778,Gut,905,-3.0719073,5.3788815,4,8.576002,-5.501526,6
MGYG000004779,Gut,2113,-2.5321195,4.4500575,4,9.870011,-3.9365263,6
MGYG000004780,Gut,1958,-1.3526928,6.9795213,4,-10.7064085,0.046950076,1
MGYG000004781,Gut,2949,-1.5118413,14.058115,3,8.719494,2.4234958,7
MGYG000004782,Gut,1061,1.7468576,14.196822,-1,1.6266377,1.2254629,4
MGYG000004783,Gut,1843,-3.0902395,8.621477,4,9.377666,-4.343366,6
MGYG000004784,Gut,1682,-2.983877,2.986847,4,11.76488,-2.0722442,6
MGYG000004785,Gut,2181,-6.2465005,4.230764,4,8.338494,2.213789,7
MGYG000004786,Gut,2201,-2.0864258,4.433157,4,11.02827,-3.8792858,6
MGYG000004787,Gut,1833,-2.1028965,4.6367216,4,11.224296,-2.6114318,6
MGYG000004788,Gut,2218,-3.0635762,12.818112,3,11.674703,8.491441,5
MGYG000004789,Gut,1832,-3.8248432,13.445677,3,13.477233,8.129329,5
MGYG000004790,Gut,1346,3.9581983,8.28462,6,-6.4020033,12.500613,3
MGYG000004791,Gut,2510,-1.9940814,3.7525554,4,11.749729,-4.000415,6
MGYG000004792,Gut,1757,1.59325,4.769087,5,11.214112,8.623472,5
MGYG000004793,Gut,1104,1.4720467,7.6966558,6,-6.76882,12.912543,3
MGYG000004794,Gut,843,-2.0220098,17.352892,2,2.9234998,-10.745307,-1
MGYG000004795,Gut,911,-0.43996933,16.073975,3,9.594772,-14.051096,-1
MGYG000004796,Gut,1633,-2.995006,5.84861,4,2.1746101,1.691618,4
MGYG000004797,Gut,4107,1.1885159,8.729232,6,-10.087993,9.612528,3
MGYG000004798,Gut,2434,-2.8621602,13.621944,3,12.073012,8.068581,5
MGYG000004799,Gut,2528,-6.4995728,4.9310765,4,7.8747354,1.7327187,7
MGYG000004800,Gut,1164,-1.8903489,17.729828,2,2.689868,-11.065349,-1
MGYG000004801,Gut,2141,0.074270315,7.2612042,4,2.238653,1.6752107,4
MGYG000004802,Gut,1791,-2.610211,5.723753,4,10.139859,-3.9129727,6
MGYG000004803,Gut,1180,-2.689495,3.373951,4,12.400035,-2.0357223,6
MGYG000004804,Gut,1292,-4.529333,4.099735,4,1.7334793,2.2583916,4
MGYG000004805,Gut,2156,-3.1269917,3.2811213,4,2.4058983,2.1807888,4
MGYG000004806,Gut,1780,13.932127,9.515778,0,7.5076985,16.24837,0
MGYG000004807,Gut,2552,-3.0380518,2.5971372,4,10.277891,-3.7439604,6
MGYG000004808,Gut,1462,5.4906487,6.7261333,5,10.824512,15.549171,0
MGYG000004809,Gut,1981,-3.2017944,6.536146,4,11.172034,0.7811625,7
MGYG000004810,Gut,1394,-3.5839577,7.9042077,4,9.520538,-5.00827,6
MGYG000004811,Gut,1228,-3.0691266,2.7624376,4,11.668886,-2.049859,6
MGYG000004812,Gut,1661,-3.8496153,4.6296124,4,1.8091935,2.2922988,4
MGYG000004813,Gut,2588,4.1158104,-1.059855,-1,-12.513149,-3.1684666,1
MGYG000004814,Gut,1070,14.984684,14.086609,0,6.9576387,17.9189,0
MGYG000004815,Gut,2025,-1.535312,5.369651,4,10.235888,-3.8205023,6
MGYG000004816,Gut,1733,-2.9095914,7.0781765,4,2.383924,2.4408424,4
MGYG000004817,Gut,1937,5.111311,6.4100437,5,15.41923,14.652261,0
MGYG000004818,Gut,1505,-1.5260612,5.3259788,4,12.05161,-2.869653,6
MGYG000004819,Gut,1764,1.6333421,4.802612,5,11.23583,8.616928,5
MGYG000004820,Gut,1673,3.7475162,8.48091,6,-7.9239497,11.045204,3
MGYG000004821,Gut,1157,1.6160601,4.783816,5,11.273017,8.667934,5
MGYG000004822,Gut,2615,1.053337,8.102316,6,-10.558931,8.592804,3
MGYG000004823,Gut,2717,1.33036,8.295061,6,-9.821914,9.043528,3
MGYG000004824,Gut,2132,1.027577,8.821452,6,-8.963058,8.509456,3
MGYG000004825,Gut,1770,3.107832,5.116993,5,-9.672614,0.28744555,1
MGYG000004826,Gut,1456,-2.5744855,8.437151,4,8.944485,-4.2637525,6
MGYG000004827,Gut,1544,14.756146,12.16598,0,6.898164,17.859795,0
MGYG000004828,Gut,2356,-1.0075881,18.104065,2,13.704364,10.549348,5
MGYG000004829,Gut,2211,4.1173506,6.2652574,5,-9.573506,0.19965935,1
MGYG000004830,Gut,1956,3.6500587,8.368411,6,-8.223651,11.166679,3
MGYG000004831,Gut,1316,-1.7184988,5.82734,4,11.774102,-2.2014472,6
MGYG000004832,Gut,1992,-3.1673257,2.5214412,4,11.520451,-1.780148,6
MGYG000004833,Gut,1926,-4.6728516,7.776778,4,12.509091,-1.717379,6
MGYG000004834,Gut,2216,-1.084011,14.440494,3,15.958186,6.829483,5
MGYG000004835,Gut,1983,5.0321474,6.1482043,5,15.431761,14.670337,0
MGYG000004836,Gut,2111,-3.1326911,3.2433877,4,2.4111426,2.1988983,4
MGYG000004837,Gut,1705,3.7944503,-1.0990776,-1,-11.022424,0.5288075,1
MGYG000004838,Gut,1546,2.7741053,7.6797223,6,11.26237,-3.5714252,6
MGYG000004839,Gut,2505,-5.6389675,4.427041,4,8.377054,2.3077376,7
MGYG000004840,Gut,1399,1.5657771,4.758102,5,11.209311,8.61883,5
MGYG000004841,Gut,1373,-1.8489523,10.986821,4,-0.3388073,17.341984,0
MGYG000004842,Gut,2012,-6.529447,5.0114703,4,7.778396,1.8345163,7
MGYG000004843,Gut,1863,14.309532,9.40501,0,8.292861,16.272408,0
MGYG000004844,Gut,1505,14.915249,13.104172,0,6.9209275,17.87141,0
MGYG000004845,Gut,2278,-3.325692,8.872994,4,9.057839,-3.7061598,6
MGYG000004846,Gut,1730,14.466484,9.681758,0,7.288835,16.416695,0
MGYG000004847,Gut,2162,-3.558594,9.657748,4,11.252392,-1.0108448,6
MGYG000004848,Gut,1498,3.178425,9.115705,6,-8.332295,8.130298,3
MGYG000004849,Gut,2750,-2.9683232,3.9204977,4,10.151265,-3.894872,6
MGYG000004850,Gut,1763,-2.7439327,3.243442,4,10.178369,-3.836414,6
MGYG000004851,Gut,2474,5.0609117,6.380579,5,3.2968397,8.11776,3
MGYG000004852,Gut,2063,-0.9635422,17.24297,2,10.112085,4.118286,-1
MGYG000004853,Gut,1357,3.472038,8.49846,6,-7.6800857,11.170323,3
MGYG000004854,Gut,2220,-3.4361115,8.444247,4,8.8397,-3.0839708,6
MGYG000004855,Gut,2446,-4.8685036,4.724806,4,9.652385,2.209882,7
MGYG000004856,Gut,2631,4.749524,6.0069065,5,15.495682,14.735794,0
MGYG000004857,Gut,1193,-2.0006254,4.908342,4,11.242574,-2.6433897,6
MGYG000004858,Gut,739,1.7306567,14.181154,-1,1.4887589,1.0795319,4
MGYG000004859,Gut,1349,5.0888324,6.3115077,5,10.585126,15.738077,0
MGYG000004860,Gut,2261,1.6045519,4.771742,5,11.557262,8.450201,5
MGYG000004861,Gut,1844,1.9076906,5.107644,5,11.2294035,8.598096,5
MGYG000004862,Gut,801,-0.98782694,15.497899,3,9.331753,-13.727457,-1
MGYG000004863,Gut,1625,-3.522365,9.723082,4,11.199027,0.82668245,7
MGYG000004864,Gut,2213,-1.7764423,3.913225,4,3.3066268,8.0918455,3
MGYG000004865,Gut,2387,2.8212833,7.60157,6,11.28579,-3.595548,6
MGYG000004866,Gut,2102,-1.8262085,3.6022625,4,12.146349,-4.22561,6
MGYG000004867,Gut,1686,-3.3443153,8.498207,4,10.015323,-4.377073,6
MGYG000004868,Gut,1436,15.049826,13.842289,0,6.8968315,17.796587,0
MGYG000004869,Gut,4312,-4.6545057,4.1669016,4,8.813051,1.4612513,7
MGYG000004870,Gut,1294,-2.8486354,9.585749,4,11.192947,-0.96177214,6
MGYG000004871,Gut,1724,3.675123,8.328944,6,-7.723297,11.182268,3
MGYG000004872,Gut,3358,-1.0694926,14.443348,3,15.98791,6.81149,5
MGYG000004873,Gut,1192,-2.817779,5.3656797,4,9.569071,-3.401037,6
MGYG000004874,Gut,1409,-2.5282204,3.609202,4,10.768201,-3.919516,6
MGYG000004875,Gut,1767,14.361601,9.662908,0,8.100689,16.457468,0
MGYG000004876,Gut,3425,1.237629,8.687482,6,-10.101283,9.644775,3
MGYG000004877,Gut,1776,5.6278515,6.7471867,5,10.823798,15.553535,0
MGYG000004878,Gut,3240,1.163619,7.4119782,6,-10.6074705,8.606439,3
MGYG000004879,Gut,3217,-6.598205,4.6727085,4,7.8688226,3.8840628,7
MGYG000004880,Gut,2095,3.3328102,8.989908,6,-8.359516,7.998311,3
MGYG000004881,Gut,1563,-2.9521797,8.527442,4,8.90397,-4.1236744,6
MGYG000004882,Gut,637,-1.5071355,10.316918,4,3.1262825,-9.18725,-1
MGYG000004883,Gut,1581,7.7308598,6.1441054,1,-6.2397,-10.729233,2
MGYG000004884,Gut,2133,-4.6984353,5.393193,4,8.389483,2.442659,7
MGYG000004885,Gut,1438,2.8792078,8.201439,6,-7.887133,8.662467,3
MGYG000004886,Gut,1026,7.7006164,6.1471796,1,-6.235929,-10.753789,2
MGYG000004887,Gut,1531,-1.9393752,5.353979,4,10.250178,-3.838275,6
MGYG000004888,Gut,951,1.7536618,14.199785,-1,1.5587721,1.1318234,4
MGYG000004889,Gut,2039,-2.3731713,4.5364027,4,9.961759,-3.865432,6
MGYG000004890,Gut,592,-0.91998935,15.805111,3,9.312633,-13.679688,-1
MGYG000004891,Gut,3094,-1.4744115,13.94787,3,8.7467575,3.1177433,7
MGYG000004892,Gut,1192,-1.9584838,5.2396693,4,9.283136,-4.6157465,6
MGYG000004893,Gut,2102,-0.95557743,18.159685,2,13.721441,10.541906,5
MGYG000004894,Gut,1351,1.7684976,14.212925,-1,1.5440928,1.1301702,4
MGYG000004895,Gut,1221,4.8055816,6.187879,5,15.241619,14.440881,0
MGYG000004896,Gut,3252,5.006016,6.1104527,5,15.506703,14.747546,0
MGYG000004897,Gut,2367,-2.8274539,3.16209,4,11.864383,-1.6794077,6
MGYG000004898,Gut,1425,1.8599038,5.0406184,5,11.333878,8.6795845,5
MGYG000004899,Gut,3932,1.3389976,8.616597,6,-10.0610895,9.521424,3
MGYG000004900,Gut,1721,5.0249286,6.1421247,5,15.292132,14.49644,0
MGYG000004901,Gut,1893,-1.7723238,3.9195156,4,3.2907934,8.1112175,3
MGYG000004902,Gut,2029,-3.8602464,7.785555,4,2.368317,2.0691514,4
MGYG000004903,Gut,2237,-6.034193,4.6054254,4,8.142244,2.1284719,7
MGYG000004904,Gut,1673,-1.6481946,17.831133,2,2.581678,-11.183992,-1
MGYG000004905,Gut,862,-1.4852027,7.4288454,4,-2.1659238,0.45563748,4
MGYG000001302.1,Gut,2104,2.6960335,7.131651,6,-6.572719,13.257981,3
MGYG000002387,Gut,1941,-2.896806,12.812074,3,11.430111,9.227347,5
SGB001,Vaginal,1148,-2.7039983,12.807939,3,11.584361,9.260168,5
SGB002,Vaginal,1174,3.9767034,4.248495,5,11.471917,15.34538,0
SGB003,Vaginal,1511,-1.2411894,7.395351,4,1.8636984,1.6686615,4
SGB004,Vaginal,1143,5.0765324,2.9615805,-1,-2.870845,-14.958734,2
SGB005,Vaginal,1101,5.079036,2.9706922,-1,-2.874517,-14.959439,2
SGB006,Vaginal,2031,-3.124318,12.696138,3,11.412647,9.250726,5
SGB007,Vaginal,1610,-0.71995056,11.08777,4,-7.456289,8.028133,3
SGB008,Vaginal,1193,4.046948,4.167866,5,14.8656,14.426841,0
SGB009,Vaginal,1170,-1.516921,7.7149143,4,11.806973,2.4575648,7
SGB010,Vaginal,1243,-2.1880472,16.669369,2,11.460512,2.5172405,7
SGB011,Vaginal,1108,-1.0935304,17.330019,2,13.155181,10.094265,5
SGB012,Vaginal,1216,-1.4332995,13.261999,3,1.6728768,2.1631384,4
SGB013,Vaginal,1847,2.2862575,9.512065,6,-7.579092,7.973295,3
SGB014,Vaginal,1819,1.9832934,9.850353,6,-7.5379143,7.963867,3
SGB015,Vaginal,1046,3.8625848,4.4339814,5,11.514429,15.300252,0
SGB016,Vaginal,1046,5.11392,2.930838,-1,-2.913831,-14.930578,2
SGB017,Vaginal,1228,-1.9200795,17.758657,2,12.32511,2.3474047,7
SGB018,Vaginal,1467,-2.8262467,12.706373,3,11.508251,9.320463,5
SGB019,Vaginal,1162,-2.691529,12.820549,3,11.578565,9.266481,5
SGB020,Vaginal,1140,5.053803,2.9872484,-1,-2.876631,-14.960425,2
SGB021,Vaginal,1106,-1.2403867,17.780565,2,13.1493225,10.087057,5
SGB022,Vaginal,1707,2.59131,9.578184,6,-7.539087,7.9953933,3
SGB023,Vaginal,1313,-1.4670256,13.37069,3,1.8497505,1.7964097,4
SGB024,Vaginal,1316,-3.250813,14.033649,3,13.325563,8.541869,5
SGB025,Vaginal,1687,1.935065,9.961641,6,-7.542244,7.957137,3
SGB026,Vaginal,1100,5.010843,3.005115,-1,-2.8696618,-14.963502,2
SGB027,Vaginal,1074,4.0444417,4.171595,5,11.533142,15.313759,0
SGB028,Vaginal,1065,5.064534,3.001393,-1,-2.875519,-14.954735,2
SGB029,Vaginal,1151,-2.289029,9.993903,4,1.670523,2.1114464,4
SGB030,Vaginal,1837,7.7222614,5.1612234,1,-5.226155,-10.585965,2
SGB031,Vaginal,1741,-2.887694,12.804121,3,11.436732,9.23834,5
SGB032,Vaginal,1077,5.038709,3.0125396,-1,-2.8801537,-14.950573,2
SGB033,Vaginal,1953,-3.497342,13.286469,3,13.440853,8.200283,5
SGB034,Vaginal,1375,-1.0419872,7.7859187,4,11.889348,2.381296,7
SGB035,Vaginal,1405,-1.3743814,15.533296,3,-7.3972473,8.066875,3
SGB036,Vaginal,1378,-3.0970984,12.742956,3,11.407202,9.278501,5
SGB037,Vaginal,1554,-2.9342752,16.41087,2,12.153435,1.9158142,7
SGB038,Vaginal,438,-2.2830403,12.024674,3,-1.8528488,-1.0711815,4
SGB039,Vaginal,1952,-3.0992897,12.710194,3,11.415892,9.243004,5
SGB040,Vaginal,1389,-2.8387506,12.747013,3,11.487895,9.309363,5
SGB041,Vaginal,1188,5.09121,2.9612215,-1,-2.853,-14.979151,2
SGB042,Vaginal,1181,5.088188,2.9686854,-1,-2.8679318,-14.967223,2
SGB043,Vaginal,1018,-0.7614099,14.844182,3,-1.4110473,4.315778,4
SGB044,Vaginal,1140,5.0304503,3.0075176,-1,-2.8418217,-14.981773,2
SGB045,Vaginal,1059,-1.8887388,17.650713,2,13.35138,8.743265,5
SGB046,Vaginal,1142,4.1057463,4.0998044,5,14.830853,14.438027,0
SGB047,Vaginal,1296,-0.4769745,9.886275,4,-6.332774,12.356933,3
SGB048,Vaginal,2422,1.9730082,9.764644,6,-7.7487493,7.7855916,3
SGB049,Vaginal,1684,-2.9868467,15.620347,2,12.903526,2.8869832,7
SGB050,Vaginal,1494,-2.905819,15.703494,2,11.648314,1.6465129,7
SGB051,Vaginal,1668,-3.3348556,16.216566,2,12.235543,1.8297966,7
SGB052,Vaginal,1828,2.9377987,3.3770242,-1,-6.3802886,10.841135,3
SGB053,Vaginal,1786,6.143731,5.367483,1,-2.1064425,-15.197131,2
SGB054,Vaginal,1562,1.9148744,9.915287,6,-7.5107865,8.050275,3
SGB055,Vaginal,1725,7.7541003,5.1217303,1,-5.20651,-10.595133,2
SGB056,Vaginal,1174,5.0777082,2.9626465,-1,-2.862441,-14.964305,2
SGB057,Vaginal,1948,-3.5178843,13.562699,3,13.551933,8.226708,5
SGB058,Vaginal,1028,4.9873405,3.0225756,-1,-2.8928263,-14.93944,2
SGB059,Vaginal,1974,-1.4289508,7.020841,4,-10.723532,0.09390262,1
SGB060,Vaginal,2582,-2.880526,13.544714,3,12.029945,8.075919,5
SGB061,Vaginal,2063,2.203035,9.564892,6,-7.675177,7.884227,3
SGB062,Vaginal,1874,-4.4842253,5.37468,4,10.255229,2.1291018,7
SGB063,Vaginal,757,3.3390799,4.6114416,5,-2.0236053,0.2749648,4
SGB064,Vaginal,1804,-2.869862,12.818012,3,11.455953,9.224712,5
SGB065,Vaginal,1038,5.083649,2.9709125,-1,-2.9109871,-14.927996,2
SGB066,Vaginal,1188,-2.2947338,5.4842677,4,-5.4865017,-10.47085,2
SGB067,Vaginal,1714,2.4579096,9.627986,6,-7.689307,10.910126,3
SGB068,Vaginal,1107,5.0829644,2.9541636,-1,-2.8572462,-14.961114,2
SGB069,Vaginal,1065,5.0921836,2.957189,-1,-2.9010682,-14.953441,2
SGB070,Vaginal,1318,-1.4393886,13.266255,3,1.7056099,2.1397588,4
SGB071,Vaginal,1880,2.487722,9.618063,6,-7.6452293,7.9954534,3
SGB072,Vaginal,1594,-2.8390243,12.744111,3,11.524024,9.33427,5
SGB073,Vaginal,1068,3.9800816,4.242323,5,11.517897,15.325403,0
SGB074,Vaginal,1345,3.0206132,3.9109902,-1,-6.443642,10.909423,3
SGB075,Vaginal,2219,2.337405,10.135825,6,-7.733456,7.797309,3
SGB076,Vaginal,5002,5.5693383,-1.6421573,-1,-13.040757,-2.7219882,1
SGB077,Vaginal,1574,1.6002194,4.745012,5,11.149126,8.62145,5
SGB078,Vaginal,431,-2.314838,12.053111,3,-1.8448881,-1.0729631,4
SGB079,Vaginal,1518,2.9128673,3.3553977,-1,-6.436814,10.843041,3
SGB080,Vaginal,1217,-3.020287,12.658617,3,11.842882,2.4568834,7
SGB081,Vaginal,1640,-1.6832396,11.447713,4,12.552505,2.4791622,7
SGB082,Vaginal,842,-2.2277946,16.657223,2,11.48695,2.5342896,7
SGB083,Vaginal,1061,5.087392,2.955097,-1,-2.9050536,-14.9330435,2
SGB084,Vaginal,1105,5.0248094,2.9950614,-1,-2.8972971,-14.928002,2
SGB085,Vaginal,1034,3.998717,4.2235394,5,11.537582,15.310318,0
SGB086,Vaginal,1170,4.064441,4.148019,5,11.490244,15.332159,0
SGB087,Vaginal,1682,-3.335812,16.220827,2,12.237335,1.8378763,7
SGB088,Vaginal,1022,-0.8045845,14.886294,3,-1.3736615,4.2783375,4
SGB089,Vaginal,1879,-2.8710978,12.805399,3,11.447438,9.27286,5
SGB090,Vaginal,1469,1.5793922,14.076128,-1,1.6779499,1.3747026,4
SGB091,Vaginal,1705,1.6059914,4.752696,5,11.198195,8.622646,5
SGB092,Vaginal,1081,5.082005,2.9545364,-1,-2.9016232,-14.932234,2
SGB093,Vaginal,1105,-2.8854527,12.724886,3,11.495101,9.300543,5
SGB094,Vaginal,2287,-2.0124643,14.571491,3,-1.1493068,-4.7713017,2
SGB095,Vaginal,1095,-1.4781094,7.662263,4,11.830449,2.4523494,7
SGB096,Vaginal,1561,-3.339452,16.216087,2,12.197809,1.8142588,7
SGB097,Vaginal,1450,-0.583464,7.203664,4,11.996528,1.7471637,7
SGB098,Vaginal,2103,7.2578206,5.955621,1,-6.873893,-10.165021,2
SGB099,Vaginal,1886,6.1535587,5.387554,1,-2.1208258,-15.178789,2
SGB100,Vaginal,2234,2.2616947,9.463711,6,-7.8938875,7.7645907,3
SGB101,Vaginal,1364,-2.923521,15.693287,2,11.602457,1.5918906,7
SGB102,Vaginal,935,-1.0232573,7.837007,4,11.840906,2.3744075,7
SGB103,Vaginal,886,-1.8308622,11.307646,4,-5.4211783,-10.545554,2
SGB104,Vaginal,2275,-2.0206819,14.581854,3,-1.1685534,-4.7896123,2
SGB105,Vaginal,1707,1.9891602,9.832658,6,-7.4925785,7.995276,3
SGB106,Vaginal,936,-1.2076467,7.352334,4,1.8039126,1.7858909,4
SGB107,Vaginal,1199,-1.0201023,14.8126335,3,15.455713,7.104003,5
SGB108,Vaginal,2217,-2.885046,13.548614,3,12.072747,8.11647,5
SGB109,Vaginal,1492,0.89943826,5.2008457,5,11.891456,1.413803,7
SGB110,Vaginal,911,-0.7796151,14.883735,3,-1.3734804,4.2750187,4
SGB111,Vaginal,1862,-4.0459456,13.82366,3,13.800215,8.419011,5
SGB112,Vaginal,1639,1.6697814,4.824992,5,11.216368,8.60692,5
SGB113,Vaginal,1312,-3.901348,5.3288345,4,1.7107338,2.1876736,4
SGB114,Vaginal,1766,-3.1798873,15.564262,2,12.909489,2.9081645,7
SGB115,Vaginal,2288,2.2266693,9.526662,6,-7.7334075,7.780553,3
SGB116,Vaginal,2075,7.124935,6.0410547,1,-7.0086975,-10.069754,2
SGB117,Vaginal,4968,6.144706,-2.4650288,-1,-12.988591,-2.1694512,1
SGB118,Vaginal,4432,5.5536532,-1.6199838,-1,-13.031184,-2.7354457,1
SGB119,Vaginal,898,5.0103984,2.9826932,-1,-2.9009764,-14.92135,2
SGB120,Vaginal,1384,-2.9641082,16.430798,2,12.190571,1.966856,7
SGB121,Vaginal,1742,1.9805709,9.872335,6,-7.526189,8.012064,3
SGB122,Vaginal,956,-1.21192,7.359643,4,1.823089,1.7183299,4
SGB123,Vaginal,2037,7.3499727,5.9810624,1,-6.9489145,-10.097388,2
SGB124,Vaginal,1832,1.5679995,4.717922,5,11.195016,8.629346,5
SGB125,Vaginal,819,-1.2070099,17.720959,2,13.142739,10.080175,5
SGB126,Vaginal,850,-1.9272128,17.541832,2,13.323641,8.765793,5
SGB127,Vaginal,1525,-0.7156781,11.092409,4,-7.455354,8.028713,3
SGB128,Vaginal,1726,-2.1276505,10.153893,4,12.482089,2.286054,7
SGB129,Vaginal,1390,-2.8899877,12.801281,3,11.442963,9.257877,5
SGB130,Vaginal,1403,7.1065807,5.984563,1,-5.5478263,-10.399446,2
SGB131,Vaginal,1696,6.0665574,5.4447484,1,-2.0970073,-15.2007,2
SGB132,Vaginal,1430,3.7165232,4.769259,5,-2.1536574,-15.181307,2
SGB133,Vaginal,2006,7.264722,5.9006195,1,-6.940014,-10.142278,2
SGB134,Vaginal,955,-1.1750542,17.280924,2,13.137379,10.078592,5
SGB135,Vaginal,885,-2.7655845,12.794649,3,11.645162,9.262847,5
SGB136,Vaginal,1664,8.447197,5.2541347,1,-5.472832,-10.464572,2
SGB137,Vaginal,1300,2.5833876,9.59807,6,-7.463181,8.013153,3
SGB138,Vaginal,2515,-2.0066726,14.572736,3,-1.1682256,-4.800179,2
SGB139,Vaginal,1527,-3.4174807,13.964039,3,13.407489,8.496934,5
SGB140,Vaginal,1523,-3.3422956,16.217703,2,12.2041855,1.8344482,7
SGB141,Vaginal,433,-2.284629,12.029286,3,-1.8551165,-1.0676997,4
SGB142,Vaginal,1390,-0.96758956,11.076531,4,12.432579,2.2661617,7
SGB143,Vaginal,2163,7.83189,5.705687,1,-6.9479294,-10.079196,2
SGB144,Vaginal,1802,1.9928163,9.849337,6,-7.546565,7.9834423,3
SGB145,Vaginal,2269,7.3609457,5.8584075,1,-6.9497085,-10.06514,2
SGB146,Vaginal,982,5.073912,2.9657533,-1,-2.911226,-14.930283,2
SGB147,Vaginal,2144,-1.5261855,11.834087,4,-10.811175,-0.12531394,1
SGB148,Vaginal,1991,6.1096625,5.3609447,1,-2.1025407,-15.197817,2
SGB149,Vaginal,761,-1.1178201,17.326454,2,13.152003,10.094639,5
SGB150,Vaginal,1637,2.1909697,9.564185,6,-7.6025805,7.9986997,3
SGB151,Vaginal,2079,7.1533175,6.064256,1,-6.979646,-10.097954,2
SGB152,Vaginal,1898,7.1533084,5.865207,1,-5.8078723,-10.288854,2
SGB153,Vaginal,1676,-2.9054897,9.828217,4,11.209089,2.490638,7
SGB154,Vaginal,3424,4.061636,-1.0769515,-1,-12.514046,-3.1727095,1
SGB155,Vaginal,1831,-6.4394054,5.0139112,4,10.48402,1.7395916,7
SGB156,Vaginal,1579,-3.6990314,13.383578,3,13.455401,8.291698,5
SGB157,Vaginal,1822,-3.1010878,12.692121,3,11.41387,9.252948,5
SGB158,Vaginal,1763,-2.9085898,12.837562,3,11.437353,9.250316,5
SGB159,Vaginal,1159,-0.59012014,6.960016,4,12.009786,2.3047302,7
SGB160,Vaginal,1513,7.511595,6.036851,1,-6.0733185,-10.4158125,2
SGB161,Vaginal,1129,-0.7936963,14.884192,3,-1.4017217,4.307051,4
SGB162,Vaginal,1598,2.9638994,3.6138346,-1,-6.28538,10.971034,3
SGB163,Vaginal,1447,3.0771284,3.1260989,-1,-6.2386117,11.034724,3
SGB164,Vaginal,1707,7.753801,5.0956554,1,-5.190827,-10.605248,2
SGB165,Vaginal,1730,7.050161,6.000268,1,-6.533019,-10.349209,2
SGB166,Vaginal,1542,1.6119258,14.104828,-1,1.6675522,1.337433,4
SGB167,Vaginal,994,-1.5216454,7.687575,4,11.8308735,2.4575822,7
SGB168,Vaginal,1039,3.9778378,4.2169166,5,11.5584345,15.302988,0
SGB169,Vaginal,980,-0.7133079,11.08061,4,-7.3862815,8.016441,3
SGB170,Vaginal,966,-2.2452166,9.977151,4,1.6913224,2.168633,4
SGB171,Vaginal,433,-2.2896006,12.032984,3,-1.8450707,-1.0900068,4
SGB172,Vaginal,2738,1.9550496,5.0834126,5,11.829775,8.246349,5
SGB173,Vaginal,1740,7.072389,5.9358788,1,-6.46504,-10.356526,2
SGB174,Vaginal,2048,7.336094,6.001199,1,-6.9338336,-10.132747,2
SGB175,Vaginal,1289,1.9482301,9.794924,6,-7.4643245,7.9892263,3
SGB176,Vaginal,1869,7.379657,6.083232,1,-6.847222,-10.181213,2
SGB177,Vaginal,1549,-0.33084816,11.721181,4,-6.131029,-0.46524644,1
SGB178,Vaginal,1555,-2.9131188,16.504404,2,12.822402,2.8216927,7
SGB179,Vaginal,1430,-0.60349303,7.229986,4,12.024734,1.776139,7
SGB180,Vaginal,1527,-3.351879,16.225174,2,12.185653,1.8097723,7
SGB181,Vaginal,1633,8.435482,5.2688456,1,-5.4498806,-10.481871,2
SGB182,Vaginal,630,5.076333,2.9627964,-1,-2.9139042,-14.928683,2
SGB183,Vaginal,425,-2.2850406,12.033453,3,-1.8529665,-1.0717844,4
SGB184,Vaginal,1346,2.8814495,5.5593324,5,-10.457716,0.109323695,1
SGB185,Vaginal,2916,-2.3609645,13.927455,3,12.025896,8.030472,5
SGB186,Vaginal,1346,-1.3491828,10.739402,4,-6.1284504,-0.4576348,1
SGB187,Vaginal,1617,-1.7535123,16.850872,2,10.272575,2.1675062,7
SGB188,Vaginal,1417,3.6617072,4.7329183,5,10.986641,15.519185,0
SGB189,Vaginal,2309,-2.0202012,14.593244,3,-1.1873329,-4.803454,2
SGB190,Vaginal,1781,1.7030983,14.159932,-1,1.6381559,1.2278382,4
SGB191,Vaginal,903,-2.7670677,12.788767,3,11.631034,9.279621,5
SGB192,Vaginal,845,-1.9512618,17.712288,2,12.311991,2.3752575,7
SGB193,Vaginal,999,-2.8735693,15.702025,2,11.665744,1.633875,7
SGB194,Vaginal,1033,5.096288,2.94586,-1,-2.933354,-14.903557,2
SGB195,Vaginal,1089,4.984246,3.0302901,-1,-2.886319,-14.94597,2
SGB196,Vaginal,1424,-0.5110078,7.126547,4,12.002684,1.7542557,7
SGB197,Vaginal,2385,3.7745938,8.993159,6,-7.7577786,7.7601132,3
SGB198,Vaginal,1304,-0.18496446,11.654011,4,-6.1035137,-0.43567288,1
SGB199,Vaginal,1982,1.5745075,4.762433,5,11.242684,8.593247,5
SGB200,Vaginal,981,-2.8572485,12.79526,3,11.432191,9.260882,5
SGB201,Vaginal,4464,5.835951,-1.9551792,-1,-12.9978285,-2.7077544,1
SGB202,Vaginal,2384,7.3080573,6.1373363,1,-6.9138775,-10.056378,2
SGB203,Vaginal,3306,1.1728423,8.717281,6,-9.913552,9.252808,3
SGB204,Vaginal,2126,-0.9492111,18.170918,2,13.719656,10.601013,5
SGB205,Vaginal,1611,-1.4632485,14.19705,3,13.676485,10.538102,5
SGB206,Vaginal,1527,4.8399568,5.878715,5,15.192559,14.49278,0
SGB207,Vaginal,1162,3.8200629,4.4910803,5,11.473224,15.34316,0
SGB208,Vaginal,1646,1.6900036,4.8479834,5,11.218393,8.629602,5
SGB209,Vaginal,2270,2.2888608,9.455837,6,-7.8661575,7.7714505,3
SGB210,Vaginal,1671,-4.7622066,5.4384317,4,10.2758665,2.12857,7
SGB211,Vaginal,1451,2.8898928,6.804013,6,2.262893,2.2328558,4
SGB212,Vaginal,2239,7.327245,6.1382375,1,-7.0046186,-10.03655,2
SGB213,Vaginal,1658,4.2960863,5.9159684,5,-7.772442,8.453724,3
SGB214,Vaginal,926,-3.2089295,14.026072,3,13.263231,8.585793,5
SGB215,Vaginal,844,-1.4246675,13.2465315,3,1.6457533,2.1513793,4
SGB216,Vaginal,912,1.9611704,9.964389,6,-7.4092355,8.006688,3
SGB217,Vaginal,1093,-3.1145384,12.7249775,3,11.424803,9.268718,5
SGB218,Vaginal,808,-2.2621887,5.4841037,4,-5.415335,-10.525579,2
SGB219,Vaginal,900,-2.745057,12.8038435,3,11.628115,9.292054,5
SGB220,Vaginal,1009,-2.9250586,12.706195,3,11.521152,9.347928,5
SGB221,Vaginal,1501,2.9320216,3.3381226,-1,-6.369489,10.8977,3
SGB222,Vaginal,625,-1.2437226,17.784155,2,13.154541,10.096044,5
SGB223,Vaginal,1436,-2.8235612,15.834325,2,12.205475,1.9498901,7
SGB224,Vaginal,673,-1.4570975,13.357998,3,1.7699262,1.8623765,4
SGB225,Vaginal,1857,-3.8154116,13.44003,3,13.499928,8.1083145,5
SGB226,Vaginal,2333,7.5757546,5.9307733,1,-6.9449215,-10.054348,2
SGB227,Vaginal,1591,-2.9726942,15.619266,2,12.889719,2.8866994,7
SGB228,Vaginal,3659,3.5413263,-1.0320561,-1,-11.240248,-0.9125465,1
SGB229,Vaginal,1033,-2.0038927,6.365016,4,12.021898,2.2057354,7
SGB230,Vaginal,1894,7.3712697,6.012082,1,-6.912671,-10.153181,2
SGB231,Vaginal,1744,2.6585069,7.122888,6,-6.5765347,13.200972,3
SGB232,Vaginal,1714,1.1137091,5.185111,5,11.409777,9.251832,5
SGB233,Vaginal,421,-2.284259,12.028216,3,-1.845771,-1.0721838,4
SGB234,Vaginal,1506,2.9606361,3.6075578,-1,-6.274698,10.980522,3
SGB235,Vaginal,1389,-1.6943314,11.267359,4,12.484124,2.428443,7
SGB236,Vaginal,1044,-1.6253331,11.052256,4,12.452849,2.2893653,7
SGB237,Vaginal,2901,-2.804968,13.664632,3,12.080443,8.040632,5
SGB238,Vaginal,1602,7.983044,5.5812078,1,-5.539944,-10.404558,2
SGB239,Vaginal,2011,3.8084674,-1.1139872,-1,-10.984028,0.47863346,1
SGB240,Vaginal,1675,8.010268,5.592041,1,-5.578173,-10.372785,2
SGB241,Vaginal,2501,7.391582,5.951007,1,-6.8585424,-10.012279,2
SGB242,Vaginal,1109,6.078261,5.3771806,1,-2.1555364,-15.147708,2
SGB243,Vaginal,1104,4.0652337,4.145238,5,14.83917,14.438295,0
SGB244,Vaginal,615,-1.1685079,17.304306,2,13.149251,10.091263,5
SGB245,Vaginal,1788,-3.489943,13.535098,3,13.574419,8.277556,5
SGB246,Vaginal,1030,4.002545,4.2236996,5,11.557498,15.303126,0
SGB247,Vaginal,968,-1.4756305,13.3635845,3,1.7858461,1.8293726,4
SGB248,Vaginal,1498,-2.820944,15.826658,2,12.261965,1.9797816,7
SGB249,Vaginal,1315,2.927206,3.3623977,-1,-6.328198,10.790147,3
SGB250,Vaginal,1728,1.6938679,14.156946,-1,1.5881306,1.1878011,4
SGB251,Vaginal,1820,-3.0147855,15.641163,2,12.903663,2.8997996,7
SGB252,Vaginal,1404,-3.2857618,16.17016,2,12.202356,1.8238136,7
SGB253,Vaginal,1787,7.2456164,6.161517,1,-6.8051906,-10.234002,2
SGB254,Vaginal,1787,7.149238,6.0608215,1,-6.992463,-10.085414,2
SGB255,Vaginal,1330,7.748633,5.1271358,1,-5.228502,-10.587187,2
SGB256,Vaginal,1617,6.1667833,5.3517227,1,-2.0722373,-15.225799,2
SGB257,Vaginal,958,-0.8019471,14.832836,3,-1.363879,4.269114,4
SGB258,Vaginal,831,-1.4374124,15.468783,3,-7.3518353,8.078977,3
SGB259,Vaginal,1656,2.2225232,9.562628,6,-7.521195,7.996534,3
SGB260,Vaginal,1476,-3.2482007,15.472416,2,12.108276,1.8580925,7
SGB261,Vaginal,1405,2.4141,9.221423,6,11.172221,15.455554,0
SGB262,Vaginal,951,-2.9317648,13.253695,3,13.3259945,8.553606,5
SGB263,Vaginal,3452,6.126383,-2.480674,-1,-13.045946,-2.1192994,1
SGB264,Vaginal,3099,1.7823604,4.949681,5,11.6859045,8.351336,5
SGB265,Vaginal,2083,-3.5294588,13.380877,3,13.437327,8.165908,5
SGB266,Vaginal,1529,2.9321346,3.3678205,-1,-6.3621426,10.829549,3
SGB267,Vaginal,1326,1.7145605,8.371983,6,-6.4275556,10.868145,3
SGB268,Vaginal,917,1.5958602,14.089733,-1,1.639552,1.3531086,4
SGB269,Vaginal,1310,3.0153382,3.9291136,-1,-6.472029,10.91136,3
SGB270,Vaginal,1183,-1.1820825,15.254059,3,12.060967,2.4525707,7
SGB271,Vaginal,1139,-3.219428,15.485916,2,11.996321,2.3088157,7
SGB272,Vaginal,1800,2.0108278,9.487365,6,-7.525937,7.953427,3
SGB273,Vaginal,1992,1.6078693,4.772169,5,11.231678,8.556172,5
SGB274,Vaginal,1972,7.6789455,5.7057476,1,-5.69878,-10.274682,2
SGB275,Vaginal,2207,-3.0424988,12.765565,3,11.396338,9.24673,5
SGB276,Vaginal,1695,7.729779,5.197539,1,-5.227917,-10.584322,2
SGB277,Vaginal,2498,3.2297606,10.108223,6,-8.566786,7.7111406,3
SGB278,Vaginal,600,-1.6403973,11.433824,4,-2.0309136,0.24365874,4
SGB279,Vaginal,1589,3.3052626,9.095428,6,-7.5225735,8.030546,3
SGB280,Vaginal,1602,5.6099215,6.738539,5,10.891611,15.531269,0
SGB281,Vaginal,1331,-3.7387075,9.51107,4,10.89971,1.8277625,7
SGB282,Vaginal,3820,1.1521423,8.407449,6,-10.072982,9.499585,3
SGB283,Vaginal,5707,6.1579943,-2.4206855,-1,-13.053569,-2.1235623,1
SGB284,Vaginal,856,-1.4250356,13.237743,3,1.6378566,2.1565413,4
SGB285,Vaginal,849,3.8591712,4.44331,5,11.528877,15.32859,0
SGB286,Vaginal,951,3.850744,4.478273,5,11.521686,15.325449,0
SGB287,Vaginal,721,5.0769057,2.9705505,-1,-2.9186783,-14.921077,2
SGB288,Vaginal,704,3.972071,4.255031,5,11.56043,15.305386,0
SGB289,Vaginal,625,5.102197,2.9438248,-1,-2.9403472,-14.90788,2
SGB290,Vaginal,681,5.112425,2.9289286,-1,-2.9147055,-14.931116,2
SGB291,Vaginal,2187,2.372359,10.173189,6,-7.7195916,7.81726,3
SGB292,Vaginal,1204,-0.71710116,11.084736,4,-7.3888593,8.029153,3
SGB293,Vaginal,581,5.0576544,2.9920251,-1,-2.9394958,-14.908835,2
SGB294,Vaginal,635,4.003129,4.221546,5,11.589105,15.294091,0
SGB295,Vaginal,726,-0.46322906,9.900214,4,-6.304996,12.318762,3
SGB296,Vaginal,1299,-0.45196733,9.8971405,4,11.439549,1.2526244,7
SGB297,Vaginal,1612,7.0535464,6.023874,1,-6.428741,-10.376233,2
SGB298,Vaginal,1304,-0.9001637,11.087431,4,12.404977,2.2339523,7
SGB299,Vaginal,1083,-3.373005,16.214888,2,12.2123,1.8124384,7
SGB300,Vaginal,1819,-1.2372324,14.881285,3,11.363239,8.731709,5
SGB301,Vaginal,1308,-3.3619652,16.232767,2,12.236677,1.7500179,7
SGB302,Vaginal,3880,6.1418667,-2.3723202,-1,-12.962208,-2.226948,1
SGB303,Vaginal,3314,5.193759,-1.4506881,-1,-12.527603,-3.1558592,1
SGB304,Vaginal,2582,-3.0621717,12.75305,3,11.372882,9.231826,5
SGB305,Vaginal,2082,7.3561,6.0412745,1,-6.8844876,-10.143983,2
SGB306,Vaginal,970,5.0819025,2.9637525,-1,-2.942353,-14.902289,2
SGB307,Vaginal,1925,-2.9097204,16.452269,2,12.867747,2.8674486,7
SGB308,Vaginal,1798,-1.4311506,13.89912,3,15.564905,7.095205,5
SGB309,Vaginal,1408,-3.650607,13.5166235,3,11.872297,1.3959574,7
SGB310,Vaginal,1866,5.065528,6.30673,5,-6.046241,-10.241582,2
SGB311,Vaginal,1948,7.343063,6.0602636,1,-6.84369,-10.184898,2
SGB312,Vaginal,1227,-3.2248824,15.64886,2,12.154901,1.9324754,7
SGB313,Vaginal,1036,1.945095,9.907944,6,-7.4546137,7.9373984,3
SGB314,Vaginal,2166,6.248747,6.653993,1,-5.78693,-10.197874,2
SGB315,Vaginal,1215,-1.4788765,17.585415,2,13.163712,10.102789,5
SGB316,Vaginal,1586,-1.3891386,11.017804,4,12.2148695,1.954275,7
SGB317,Vaginal,1564,7.754164,5.133477,1,-5.228639,-10.584873,2
SGB318,Vaginal,1415,7.547146,6.020108,1,-6.0308266,-10.422223,2
SGB319,Vaginal,2042,-1.3111838,7.2134576,4,2.1918683,1.7118036,4
SGB320,Vaginal,2862,1.9760901,5.1006994,5,11.815639,8.263149,5
SGB321,Vaginal,1604,4.1182075,8.734831,6,-6.278238,12.372722,3
SGB322,Vaginal,1846,-2.0030255,14.5827265,3,-1.157417,-4.772491,2
SGB323,Vaginal,1526,7.8745923,5.687529,1,-6.491848,10.8815975,3
SGB324,Vaginal,1447,5.557171,6.7344093,5,10.948738,15.524811,0
SGB325,Vaginal,2195,7.2035055,6.151722,1,-6.921722,-10.057661,2
SGB326,Vaginal,1905,7.2127004,6.2422476,1,-6.1756806,-10.286586,2
SGB327,Vaginal,1373,2.976049,3.534933,-1,-6.2742534,11.0411005,3
SGB328,Vaginal,1490,8.453067,5.2545047,1,-5.474478,-10.469513,2
SGB329,Vaginal,2219,5.841829,-1.9508255,-1,-13.007777,-2.6753998,1
SGB330,Vaginal,1351,-2.921452,12.768926,3,11.423989,9.277908,5
SGB331,Vaginal,1631,6.0918036,5.300514,1,-2.1018841,-15.199741,2
SGB332,Vaginal,1711,-2.889581,15.784962,2,12.885482,2.8810315,7
SGB333,Vaginal,2441,1.4540391,8.556411,6,-9.859118,9.182558,3
SGB334,Vaginal,1224,8.423637,5.2748756,1,-5.450179,-10.5088625,2
SGB335,Vaginal,715,4.1112175,4.101109,5,14.81503,14.4311075,0
SGB336,Vaginal,1404,1.5521713,14.081844,-1,1.6554823,1.4001633,4
SGB337,Vaginal,729,-3.020417,16.39538,2,12.16806,1.8935847,7
SGB338,Vaginal,1184,-3.4640408,13.214193,3,13.448491,8.188359,5
SGB339,Vaginal,710,4.048936,4.1634054,5,11.612585,15.263976,0
SGB340,Vaginal,1698,3.2723243,5.003731,5,-9.638716,0.24703936,1
SGB341,Vaginal,672,4.102033,4.1094112,5,11.578336,15.296341,0
SGB342,Vaginal,996,-1.2014637,17.652613,2,13.154313,10.092932,5
SGB343,Vaginal,1943,1.6116691,4.781241,5,11.228466,8.5757675,5
SGB344,Vaginal,512,3.9829412,4.2175508,5,11.603598,15.278194,0
SGB345,Vaginal,823,-2.2230322,16.641735,2,11.463256,2.5633278,7
SGB346,Vaginal,1142,-1.8882562,17.623156,2,13.323298,8.725814,5
SGB347,Vaginal,719,5.089996,2.9560776,-1,-2.9376028,-14.905596,2
SGB348,Vaginal,731,-0.4536022,9.869761,4,-6.2997355,12.294937,3
SGB349,Vaginal,1483,-3.0828357,12.743259,3,11.442243,9.249591,5
SGB350,Vaginal,1810,-4.0451627,13.820809,3,13.7933,8.43023,5
SGB351,Vaginal,1121,-2.8410094,8.299761,4,10.437202,-5.886576,-1
SGB352,Vaginal,2322,-6.539368,4.67869,4,7.7516437,3.5953581,7
SGB353,Vaginal,1914,2.8556612,9.599785,6,-8.063803,7.9283648,3
SGB354,Vaginal,1963,7.1114745,5.9286065,1,-5.6983557,-10.221757,2
SGB355,Vaginal,1497,-3.0409865,15.62558,2,12.89881,2.8952353,7
SGB356,Vaginal,4096,5.6783557,-2.5196471,-1,-12.824988,-2.3894837,1
SGB357,Vaginal,4630,1.1490955,8.458537,6,-10.128873,9.693356,3
SGB358,Vaginal,1653,-3.1948893,15.55748,2,12.956257,2.9546106,7
SGB359,Vaginal,1771,1.9211386,9.766935,6,-7.5337925,7.934301,3
SGB360,Vaginal,1249,-3.9779775,5.171499,4,1.7177329,2.237535,4
SGB361,Vaginal,1513,2.9177268,3.3285832,-1,-6.408081,10.825348,3
SGB362,Vaginal,1781,3.7782552,-1.0967414,-1,-10.9669485,0.5089223,1
SGB363,Vaginal,1492,-2.9181323,15.679817,2,11.6298,1.6083989,7
SGB364,Vaginal,691,0.9008217,5.2003922,5,11.884359,1.3929164,7
SGB365,Vaginal,418,-1.8207607,11.210377,4,-2.0149488,0.15377524,4
SGB366,Vaginal,1449,2.3583338,5.948304,5,12.095323,2.3340085,7
SGB367,Vaginal,1554,2.2039032,9.557862,6,-7.5360103,7.9750104,3
SGB368,Vaginal,1352,-2.6375082,16.707722,2,12.3275585,2.3157482,7
SGB369,Vaginal,1256,-3.2018166,15.535165,2,12.949411,2.949483,7
SGB370,Vaginal,821,-2.8256235,15.812173,2,12.198716,1.9519857,7
SGB371,Vaginal,2108,6.4767103,6.5306225,1,-6.077074,-10.093963,2
SGB372,Vaginal,1008,-3.8786128,5.348518,4,1.712329,2.2106664,4
SGB373,Vaginal,1157,-1.6886066,11.428966,4,12.535914,2.4779499,7
SGB374,Vaginal,1357,-3.2021215,15.626831,2,12.423756,2.2800455,7
SGB375,Vaginal,1661,7.324306,5.821679,1,-5.5839157,-10.345131,2
SGB376,Vaginal,1704,7.7614746,5.10154,1,-5.1808176,-10.611022,2
SGB377,Vaginal,1706,7.7586327,5.1036906,1,-5.1865835,-10.608769,2
SGB378,Vaginal,1321,3.0858235,3.1180356,-1,-6.221932,11.050849,3
SGB379,Vaginal,1743,7.1978683,6.055513,1,-6.9405775,-10.125983,2
SGB380,Vaginal,2110,7.863778,5.6684017,1,-6.9521003,-10.100572,2
SGB381,Vaginal,612,4.0029902,4.2298317,5,11.567474,15.333755,0
SGB382,Vaginal,1242,3.4000022,4.9852,5,-7.6806173,8.385032,3
SGB383,Vaginal,707,5.1142793,2.9242797,-1,-2.8747795,-14.960265,2
SGB384,Vaginal,1959,2.337583,9.530093,6,-7.8518367,7.940801,3
SGB385,Vaginal,1045,-2.5007546,8.756145,4,12.07378,1.9883497,7
SGB386,Vaginal,2103,7.1834154,6.151996,1,-6.9861817,-10.092987,2
SGB387,Vaginal,1686,-3.4000192,13.540099,3,13.4013815,8.500591,5
SGB388,Vaginal,1501,2.2314103,9.575696,6,-7.4397373,7.969277,3
SGB389,Vaginal,1445,1.5901464,4.737496,5,11.191222,8.618742,5
SGB390,Vaginal,1250,-4.4206376,5.3492327,4,10.40353,2.1126773,7
SGB391,Vaginal,805,5.0692463,2.9707088,-1,-2.9187913,-14.924707,2
SGB392,Vaginal,1901,7.592034,5.9016976,1,-6.9721313,-10.063225,2
SGB393,Vaginal,1676,-3.7038174,13.407906,3,13.401154,8.220467,5
SGB394,Vaginal,2396,7.27545,6.113917,1,-6.9490705,-10.060049,2
SGB395,Vaginal,2416,-2.0108514,14.456425,3,-1.1783458,-4.801165,2
SGB396,Vaginal,2502,-2.8380914,13.649648,3,12.05995,8.064423,5
SGB397,Vaginal,5759,6.6274967,5.3169274,1,-11.556911,-1.3142943,1
SGB398,Vaginal,1370,-0.64422876,6.929951,4,12.089332,2.2209337,7
SGB399,Vaginal,4372,5.9024553,-2.0092003,-1,-13.0021515,-2.7081642,1
SGB400,Vaginal,4892,6.1614604,-2.4710402,-1,-12.993788,-2.1619678,1
SGB401,Vaginal,4954,-1.5069648,9.803833,4,-9.538425,9.78117,3
SGB402,Vaginal,1077,6.0247474,5.3258224,1,-2.8230224,-15.007076,2
SGB403,Vaginal,1090,-3.56606,9.003619,4,11.412192,1.273404,7
SGB404,Vaginal,1642,2.0417285,9.512507,6,-7.521811,7.938988,3
SGB405,Vaginal,1648,3.0604248,9.208987,6,-7.762868,8.079191,3
SGB406,Vaginal,856,-4.014998,13.80282,3,-1.8397614,-1.0816835,4
SGB407,Vaginal,1479,-0.5199231,9.937116,4,11.450761,1.2496358,7
SGB408,Vaginal,1441,2.9590206,3.648814,-1,-6.4621305,10.89279,3
SGB409,Vaginal,2770,1.0848329,8.54449,6,-9.686322,8.873454,3
SGB410,Vaginal,1619,2.920395,3.3363364,-1,-6.378291,10.84248,3
SGB411,Vaginal,1480,-0.53320175,7.1116614,4,12.038544,1.7569638,7
SGB412,Vaginal,1393,-1.9825845,14.208326,3,13.48215,8.540092,5
SGB413,Vaginal,1564,-3.1638196,15.568781,2,12.936873,2.9353387,7
SGB414,Vaginal,2128,0.083858706,7.224062,4,2.2262301,1.7032015,4
SGB415,Vaginal,1577,8.445848,5.253896,1,-5.451162,-10.477588,2
SGB416,Vaginal,1573,4.8458257,6.091813,5,15.269727,14.518091,0
SGB417,Vaginal,2312,-3.8894863,10.1684065,4,7.739496,3.908229,7
SGB418,Vaginal,2748,0.8764026,8.662153,6,-9.654301,8.883266,3
SGB419,Vaginal,2152,6.747888,6.348542,1,-6.0426,-10.079945,2
SGB420,Vaginal,1376,-0.88839114,7.513946,4,1.877639,1.6849059,4
SGB421,Vaginal,1769,1.9852654,9.81483,6,-7.8255053,7.965279,3
SGB422,Vaginal,1176,3.6650684,4.718967,5,11.274433,15.419167,0
SGB423,Vaginal,1715,8.018346,5.5858293,1,-5.5465126,-10.395807,2
SGB424,Vaginal,1130,-0.844576,14.879582,3,-1.4046019,4.311202,4
SGB425,Vaginal,1773,7.4088216,5.7040787,1,-5.730723,-10.301934,2
SGB426,Vaginal,1515,-1.465485,4.5803065,4,2.2962303,2.2073312,4
SGB427,Vaginal,1567,7.1525135,6.0044928,1,-6.3807125,-10.375296,2
SGB428,Vaginal,1653,8.454136,5.250359,1,-5.46181,-10.47248,2
SGB429,Vaginal,1797,7.4975214,5.791129,1,-5.659942,-10.304853,2
SGB430,Vaginal,1671,-3.2027376,15.532597,2,12.91667,2.9137304,7
SGB431,Vaginal,743,-0.9521195,6.981276,4,1.6371874,2.1477306,4
SGB432,Vaginal,1278,2.2003891,9.579285,6,-7.5348315,7.97644,3
SGB433,Vaginal,1474,-2.8333614,15.842764,2,12.256579,1.9587672,7
SGB434,Vaginal,1013,0.89864945,5.2026415,5,11.908995,1.4740452,7
SGB435,Vaginal,1790,6.3236876,6.3932896,1,-5.6465564,-10.313466,2
SGB436,Vaginal,2328,7.03084,6.1674485,1,-6.0600176,-10.111867,2
SGB437,Vaginal,1701,7.028543,5.9941406,1,-6.5487247,-10.320925,2
SGB438,Vaginal,1325,-3.311499,15.31968,2,11.89632,2.3530245,7
SGB439,Vaginal,1612,-1.2710387,7.3192887,4,2.0061345,1.7122672,4
SGB440,Vaginal,965,-3.047785,6.1382537,4,15.530882,7.095631,5
SGB441,Vaginal,1340,-4.154561,13.968066,3,13.824161,8.453568,5
SGB442,Vaginal,1748,-3.5119002,13.372876,3,13.409092,8.132058,5
SGB443,Vaginal,945,4.0818005,4.126252,5,14.798248,14.462702,0
SGB444,Vaginal,1511,6.0507746,5.3884387,1,-2.1246457,-15.174131,2
SGB445,Vaginal,4350,-4.691628,4.1810803,4,8.872206,1.5321118,7
SGB446,Vaginal,859,-2.09353,10.095002,4,12.468481,2.243927,7
SGB447,Vaginal,1070,6.0911098,5.313033,1,-2.2434664,-15.145491,2
SGB448,Vaginal,834,-3.003993,16.4032,2,12.191099,1.8998065,7
SGB449,Vaginal,998,-0.9159543,11.085797,4,11.809948,2.3564959,7
SGB450,Vaginal,1250,-3.2687883,9.336798,4,11.876597,2.32126,7
SGB451,Vaginal,1802,-4.0469117,13.822487,3,13.795406,8.424956,5
SGB452,Vaginal,1114,1.9239365,9.882697,6,-7.3932924,8.043426,3
SGB453,Vaginal,3434,6.1221385,-2.3284996,-1,-12.579115,-2.2377393,1
SGB454,Vaginal,1785,-4.0547395,13.829977,3,13.811495,8.451153,5
SGB455,Vaginal,842,-2.8938353,12.729107,3,11.556278,9.353588,5
SGB456,Vaginal,1592,-4.098671,13.890719,3,13.799736,8.451719,5
SGB457,Vaginal,1209,6.137036,5.368726,1,-2.0914583,-15.202132,2
SGB458,Vaginal,730,5.0755405,2.9689178,-1,-2.9319441,-14.917793,2
SGB459,Vaginal,1923,-4.1255255,13.918107,3,13.832529,8.3984375,5
SGB460,Vaginal,3576,6.098226,-2.4010293,-1,-13.03827,-2.1398616,1
SGB461,Vaginal,1564,-3.5536551,14.121446,3,13.639989,8.318357,5
SGB462,Vaginal,1625,6.106241,5.317444,1,-2.1008437,-15.200689,2
SGB463,Vaginal,591,-0.7157997,11.075147,4,-7.38112,8.000425,3
SGB464,Vaginal,4093,5.6707053,-2.481515,-1,-12.837481,-2.3395374,1
SGB465,Vaginal,3872,6.146496,-2.4697592,-1,-13.009159,-2.1519616,1
SGB466,Vaginal,1162,-3.0295472,12.743724,3,11.409177,9.227962,5
SGB467,Vaginal,2560,5.6620636,-2.5111794,-1,-12.836698,-2.3430362,1
SGB468,Vaginal,2305,7.6482997,5.7894607,1,-6.933956,-10.085645,2
SGB469,Vaginal,4140,-0.9959718,9.60168,4,-9.666687,9.699549,3
SGB470,Vaginal,2150,7.082156,6.0984583,1,-6.9171705,-10.102319,2
SGB471,Vaginal,2397,7.863183,5.7021003,1,-6.9426217,-10.029162,2
SGB472,Vaginal,1431,7.4888115,5.8112884,1,-5.5226574,-10.396726,2
SGB473,Vaginal,4514,-0.97984266,9.581326,4,-9.670773,9.713139,3
SGB474,Vaginal,2217,7.0806923,6.157271,1,-6.894467,-10.12646,2
SGB475,Vaginal,1728,-1.6852888,11.441219,4,12.567079,2.4880483,7
SGB476,Vaginal,5898,6.639884,6.020025,1,-6.566875,-10.013556,2
SGB477,Vaginal,4152,5.7409844,5.858826,1,-11.537639,-1.2887262,1
SGB478,Vaginal,2492,7.5730968,5.9357705,1,-6.866535,-9.992575,2
SGB479,Vaginal,1788,-3.0872974,13.055787,3,13.454715,8.294211,5
SGB480,Vaginal,2066,-0.90796995,18.203949,2,13.680408,10.642836,5
SGB481,Vaginal,1621,-3.3981752,13.310348,3,13.423794,8.474112,5
SGB482,Vaginal,2142,2.3948903,8.91695,6,-7.978568,7.8682885,3
SGB483,Vaginal,2203,-2.476261,8.743909,4,5.285655,2.885876,-1
SGB484,Vaginal,1867,-3.5373814,13.553033,3,13.464843,8.363004,5
SGB485,Vaginal,3422,-1.4278324,15.424422,3,-9.469551,9.7968855,3
SGB486,Vaginal,5564,6.1413655,-2.380558,-1,-13.046665,-2.1376736,1
SGB487,Vaginal,5494,6.128808,-2.3779256,-1,-13.045437,-2.1484208,1
SGB488,Vaginal,2128,3.859749,-1.0747157,-1,-10.985206,0.46453097,1
SGB489,Vaginal,2917,1.8244083,4.988975,5,11.652656,8.388166,5
SGB490,Vaginal,2111,-3.4782734,13.302528,3,13.498029,8.23244,5
SGB491,Vaginal,1942,-0.848136,7.7249866,4,1.6795716,1.2443316,4
SGB492,Vaginal,2775,3.4396093,-0.99501216,-1,-11.193269,-0.85350657,1
SGB493,Vaginal,1598,8.0329485,5.57738,1,-5.467108,-10.473352,2
SGB494,Vaginal,1634,-0.3281821,11.720254,4,-6.1185846,-0.45293877,1
SGB495,Vaginal,4219,3.4867327,-1.0190607,-1,-11.218703,-0.88823384,1
SGB496,Vaginal,1246,3.6546535,4.7654877,5,11.21939,15.445967,0
SGB497,Vaginal,3157,-0.8815794,17.365969,2,10.308705,3.9386072,-1
SGB498,Vaginal,1795,-3.5187094,13.561219,3,13.568433,8.281167,5
SGB499,Vaginal,2987,3.4413428,-1.0016026,-1,-11.183991,-0.8399313,1
SGB500,Vaginal,3044,-1.5124657,7.16566,4,-1.3998537,-5.440352,2
SGB501,Vaginal,4515,5.7379484,-1.8493278,-1,-13.030695,-2.7062273,1
SGB502,Vaginal,3022,-0.7720806,17.326002,2,10.193912,4.0677543,-1
SGB503,Vaginal,1868,-3.848646,13.440076,3,13.49972,8.1360445,5
SGB504,Vaginal,2009,7.146452,6.0263333,1,-6.8621697,-10.19822,2
SGB505,Vaginal,2686,-3.550445,9.840905,4,10.0334425,2.2436624,7
SGB506,Vaginal,1655,-1.190208,15.137773,3,13.45176,8.711528,5
SGB507,Vaginal,1997,-2.6580067,16.59545,2,13.612812,10.454331,5
SGB508,Vaginal,1784,5.5959835,6.737886,5,10.878429,15.529667,0
SGB509,Vaginal,1752,1.6983511,14.150982,-1,1.6351228,1.2283993,4
SGB510,Vaginal,1949,5.067941,6.294923,5,-6.0563927,-10.222501,2
SGB511,Vaginal,942,3.7251692,4.9065537,5,5.2492566,2.8902812,-1
SGB512,Vaginal,2274,-1.9696839,4.072193,4,-11.211019,-0.87878376,1
SGB513,Vaginal,1883,-3.7819536,13.480741,3,13.472272,8.236213,5
SGB514,Vaginal,2079,-1.7467552,14.224395,3,-1.1666903,-4.7971396,2
SGB515,Vaginal,2001,7.129864,6.0771546,1,-5.750745,-10.244861,2
SGB516,Vaginal,2152,2.3849852,10.16837,6,-7.7109,7.829767,3
SGB517,Vaginal,4500,5.8253775,-1.9130484,-1,-13.053952,-2.7279315,1
SGB518,Vaginal,4946,5.968215,5.3490453,1,-11.586762,-1.3272715,1
SGB519,Vaginal,1860,-4.053191,13.819979,3,13.800722,8.366303,5
SGB520,Vaginal,4856,-3.3008177,13.403987,3,-9.662937,9.708033,3
SGB521,Vaginal,5235,6.945275,5.3693385,1,-11.551449,-1.312984,1
SGB522,Vaginal,2264,7.8734264,5.676435,1,-6.9378505,-10.095119,2
SGB523,Vaginal,2191,-1.8535435,10.780247,4,-8.924339,10.032985,3
SGB524,Vaginal,1752,5.3582325,6.477131,5,10.535996,15.737383,0
SGB525,Vaginal,2850,1.3118412,8.146629,6,-10.16412,9.083731,3
SGB526,Vaginal,1882,-2.8767292,16.132215,2,12.870434,2.864343,7
SGB527,Vaginal,1149,-2.6476893,16.010695,2,12.009613,2.4812949,7
SGB528,Vaginal,3890,1.1764935,7.401566,6,-10.597881,8.6485815,3
SGB529,Vaginal,2218,6.167851,6.5470686,1,-6.4595814,-10.147166,2
SGB530,Vaginal,1293,-3.2592735,15.446893,2,12.011151,2.3152246,7
SGB531,Vaginal,1967,3.6205199,7.0442123,6,-6.594423,13.233759,3
SGB532,Vaginal,2369,7.040366,6.1516104,1,-6.089334,-10.10695,2
SGB533,Vaginal,2734,1.7503457,4.907718,5,11.598499,8.393067,5
SGB534,Vaginal,4185,5.666691,-2.3333185,-1,-12.469821,-2.1662693,1
SGB535,Vaginal,2043,-3.7482665,13.458855,3,13.452131,8.231892,5
SGB536,Vaginal,2317,6.7720466,6.335991,1,-6.066312,-10.089842,2
SGB537,Vaginal,1665,7.086862,5.939566,1,-5.5719695,-10.365048,2
SGB538,Vaginal,1559,-3.1828456,13.118351,3,13.410879,8.436313,5
SGB539,Vaginal,3960,6.8651013,5.954394,1,-6.6951275,-10.027677,2
SGB540,Vaginal,2469,-2.046173,14.435276,3,-1.1585515,-4.7788124,2
SGB541,Vaginal,1714,-3.0302622,15.944946,2,12.600239,2.503317,7
SGB542,Vaginal,1658,-2.860537,16.523088,2,12.793409,2.7924056,7
SGB543,Vaginal,1380,1.8200629,8.319031,6,-6.370356,10.899933,3
SGB544,Vaginal,1621,-1.9068495,3.127872,4,12.483712,-4.448196,6
SGB545,Vaginal,1586,-2.9115875,15.6962595,2,11.638896,1.616138,7
SGB546,Vaginal,710,4.013346,4.2390537,5,11.587385,15.284692,0
SGB547,Vaginal,1155,-1.4575554,5.4389715,4,12.660323,-2.0273192,6
SGB548,Vaginal,1526,-2.3378613,3.1474845,4,10.39796,-5.9686885,-1
SGB549,Vaginal,2393,1.0389625,8.5013,6,-9.694835,8.862224,3
SGB550,Vaginal,1906,-1.331394,3.876737,4,-0.8086353,10.262479,3
SGB551,Vaginal,874,-0.910143,15.837409,3,9.448719,-13.641945,-1
SGB552,Vaginal,1367,-2.4476051,3.603036,4,11.930134,-2.3840296,6
SGB553,Vaginal,730,-2.94013,9.814563,4,11.437353,2.5001457,7
SGB554,Vaginal,1636,-3.7607222,9.791778,4,7.7535195,3.6070213,7
SGB555,Vaginal,1282,-1.1837369,15.157518,3,13.456234,8.698691,5
SGB556,Vaginal,1729,-6.179957,5.084336,4,7.2954397,3.7253544,7
SGB557,Vaginal,1517,7.827025,5.7037454,1,-6.965993,-10.086499,2
SGB558,Vaginal,899,-2.9985867,16.384878,2,12.176564,1.8608721,7
SGB559,Vaginal,683,4.002349,4.2328267,5,11.57559,15.299344,0
SGB560,Vaginal,1247,-3.2040784,15.540973,2,12.946244,2.944003,7
SGB561,Vaginal,1135,1.9884439,9.764882,6,-7.489171,7.954403,3
SGB562,Vaginal,1129,7.7630577,5.1042185,1,-5.165871,-10.620463,2
SGB563,Vaginal,1649,-0.17276822,11.542757,4,-6.0778413,-0.4140966,1
SGB564,Vaginal,1981,2.3407454,10.161018,6,-7.7114005,7.840301,3
SGB565,Vaginal,629,-1.4806972,17.840084,2,2.9172435,-10.221943,-1
SGB566,Vaginal,1149,-4.0653973,4.8234167,4,-2.7997801,-15.011573,2
SGB567,Vaginal,677,-0.45435762,9.87331,4,-6.29438,12.29177,3
SGB568,Vaginal,722,4.0757165,4.13802,5,14.782863,14.453121,0
SGB569,Vaginal,617,5.0350065,3.0176053,-1,-2.9168484,-14.925755,2
SGB570,Vaginal,1646,-3.9870882,9.856046,4,7.2518253,3.6856215,7
SGB571,Vaginal,1927,-1.0176111,17.274261,2,10.341256,3.9019275,-1
SGB572,Vaginal,1640,14.822372,12.442501,0,6.887738,17.207169,0
SGB573,Vaginal,1955,-4.4038963,4.6548543,4,8.010364,1.5918257,7
SGB574,Vaginal,808,4.0185857,4.2302194,5,11.550925,15.313399,0
SGB575,Vaginal,1969,-4.0458884,13.818099,3,13.838513,8.421773,5
SGB576,Vaginal,762,-3.0456607,12.681762,3,11.809687,2.471494,7
SGB577,Vaginal,1143,-2.989913,15.617332,2,12.933393,2.9309683,7
SGB578,Vaginal,1229,1.9578897,9.881454,6,-7.4205422,8.022817,3
SGB579,Vaginal,563,-1.587019,17.906153,2,2.9301445,-10.151527,-1
SGB580,Vaginal,1205,-2.883737,9.852678,4,11.389055,2.5093026,7
SGB581,Vaginal,745,3.9977283,4.233265,5,11.57407,15.298147,0
SGB582,Vaginal,765,5.106711,2.9334576,-1,-2.927006,-14.916543,2
SGB583,Vaginal,304,-2.2783394,12.023415,3,-1.8455898,-1.0799835,4
SGB584,Vaginal,906,-1.7669257,16.879715,2,10.405772,2.1620302,7
SGB585,Vaginal,392,-2.3827252,12.084878,3,-1.8577927,-1.0616282,4
SGB586,Vaginal,1017,3.9335659,4.3120313,5,11.49701,15.339129,0
SGB587,Vaginal,1312,2.9117334,3.3792975,-1,-6.388684,10.834766,3
SGB588,Vaginal,513,-1.6070912,17.933765,2,2.9291937,-10.1956215,-1
SGB589,Vaginal,1674,4.1619134,8.762564,6,-6.2915983,12.3822565,3
SGB590,Vaginal,987,-3.4890451,13.271515,3,13.46213,8.17139,5
SGB591,Vaginal,995,-3.3572936,16.212458,2,12.230561,1.8163404,7
SGB592,Vaginal,1292,-0.5996195,10.004769,4,11.449561,1.2046443,7
SGB593,Vaginal,848,-3.3851151,16.226221,2,12.244004,1.7855119,7
SGB594,Vaginal,276,-2.2724884,12.01778,3,-1.8490982,-1.073539,4
SGB595,Vaginal,862,5.045251,2.9828358,-1,-2.907096,-14.931471,2
SGB596,Vaginal,749,4.006245,4.220265,5,11.584371,15.2846775,0
SGB597,Vaginal,543,4.02753,4.198704,5,11.5832,15.294765,0
SGB598,Vaginal,842,-1.4238061,13.246711,3,1.6500887,2.1597989,4
SGB599,Vaginal,1157,1.9268347,9.874293,6,-7.3721156,8.037698,3
SGB600,Vaginal,1271,2.927296,3.3427253,-1,-6.3848524,10.834768,3
SGB601,Vaginal,847,5.008509,3.005364,-1,-2.910557,-14.932621,2
SGB602,Vaginal,1135,1.9285327,9.898278,6,-7.354687,8.050046,3
SGB603,Vaginal,1407,2.965174,3.6295867,-1,-6.279699,10.985892,3
SGB604,Vaginal,744,-1.4258194,13.243706,3,1.6449356,2.1775672,4
SGB605,Vaginal,724,4.063189,4.1509733,5,11.543558,15.3102,0
SGB606,Vaginal,1998,2.2525666,9.632534,6,-7.881117,7.8460603,3
SGB607,Vaginal,1370,-2.5617998,7.7178307,4,5.265977,2.897496,-1
SGB608,Vaginal,815,2.9253688,3.3656886,-1,-6.392711,10.824675,3
SGB609,Vaginal,1466,-4.18265,14.009485,3,13.880278,8.457277,5
SGB610,Vaginal,1130,-2.8920028,12.788608,3,11.441327,9.2750025,5
SGB611,Vaginal,1010,1.9409531,9.90036,6,-7.355018,8.026556,3
SGB612,Vaginal,1180,7.7495365,5.1293783,1,-5.1540594,-10.626454,2
SGB613,Vaginal,583,-1.4246211,13.241904,3,1.6817278,2.1887085,4
SGB614,Vaginal,887,3.9985328,4.224246,5,11.5380335,15.31932,0
SGB615,Vaginal,1253,7.2752433,5.8779883,1,-6.9840546,-10.180202,2
SGB616,Vaginal,1917,7.241024,5.9196525,1,-6.5672956,-10.282139,2
SGB617,Vaginal,1277,-4.1689715,13.986745,3,13.85584,8.506074,5
SGB618,Vaginal,2850,5.523972,-1.6070665,-1,-13.063558,-2.7701921,1
SGB619,Vaginal,415,-2.287564,12.03206,3,-1.8468732,-1.0774487,4
SGB620,Vaginal,1151,1.9259458,9.896524,6,-7.4038444,8.02247,3
SGB621,Vaginal,1794,-4.1298966,13.952466,3,13.792042,8.442058,5
SGB622,Vaginal,1906,-3.9990711,13.797496,3,13.804818,8.391931,5
SGB623,Vaginal,673,-2.903186,12.738548,3,11.544129,9.331825,5
SGB624,Vaginal,920,1.674326,4.822344,5,11.181663,8.622363,5
SGB625,Vaginal,1740,2.9932559,8.966264,6,-7.7455864,8.014857,3
SGB626,Vaginal,2304,2.5873501,5.9224677,5,-9.531227,0.17264098,1
SGB627,Vaginal,2336,-6.7584715,4.8440742,4,7.749227,2.0871723,7
SGB628,Vaginal,2294,-5.851263,5.031269,4,7.473615,3.6004925,7
SGB629,Vaginal,1932,-4.6929455,5.3815045,4,9.7854,2.1913238,7
SGB630,Vaginal,2041,-1.8875496,5.405961,4,11.101069,-1.5871987,6
SGB631,Vaginal,2369,-3.8791692,10.126074,4,7.709429,3.94374,7
SGB632,Vaginal,3551,1.6254205,8.081687,6,-10.313626,9.160428,3
SGB633,Vaginal,1698,-1.6999571,5.8300257,4,11.794538,-2.1869216,6
SGB634,Vaginal,1839,-5.0199285,4.834605,4,11.248418,-0.9842702,6
SGB635,Vaginal,2245,-2.8026838,9.015384,4,8.993553,-3.6982622,6
SGB636,Vaginal,2975,-1.1062279,4.237758,4,3.247551,8.154718,3
SGB637,Vaginal,1964,-1.9090031,3.3013628,4,12.18594,-4.2584047,6
SGB638,Vaginal,2400,-5.270097,4.49534,4,9.6402235,2.2427533,7
SGB639,Vaginal,2315,-6.24999,4.265092,4,8.284473,2.2136211,7
SGB640,Vaginal,2644,-5.601288,4.5678625,4,8.250199,3.36045,7
SGB641,Vaginal,1776,-6.609274,4.6241045,4,7.895013,1.8671486,7
SGB642,Vaginal,2296,-6.119246,4.2663646,4,8.31447,2.1564095,7
SGB643,Vaginal,1688,-2.774974,9.308638,4,9.495011,-3.2895896,6
SGB644,Vaginal,3141,1.1685296,8.374727,6,-9.988336,9.4953375,3
SGB645,Vaginal,2210,-3.4432817,10.457765,4,7.749724,3.8921642,7
SGB646,Vaginal,1763,-1.9160061,3.2115924,4,12.4608965,-4.431785,6
SGB647,Vaginal,1878,-3.2228684,9.536351,4,8.792359,-2.9703362,6
SGB648,Vaginal,2368,-1.099052,14.62944,3,15.951047,6.8417826,5
SGB649,Vaginal,3137,1.2940925,7.771863,6,-10.561982,8.629267,3
SGB650,Vaginal,2173,-6.29787,4.663632,4,7.587126,3.8027117,7
SGB651,Vaginal,1391,-6.1921644,4.8023586,4,7.7502265,3.9600978,7
SGB652,Vaginal,2317,-5.2632117,4.177382,4,9.630413,2.2309422,7
SGB653,Vaginal,2197,-4.752572,5.466234,4,9.719188,2.2015421,7
SGB654,Vaginal,1497,-5.979096,4.403127,4,8.116638,2.3107052,7
SGB655,Vaginal,2207,-1.7699081,5.092338,4,10.987488,-3.8921537,6
SGB656,Vaginal,2621,-4.894363,5.3258395,4,8.024785,3.4921467,7
SGB657,Vaginal,2818,-6.089274,4.4392576,4,8.217464,3.3588336,7
SGB658,Vaginal,1491,-1.4974982,5.314877,4,12.052282,-2.9693062,6
SGB659,Vaginal,1387,1.9654849,9.865178,6,-7.4845257,8.010635,3
SGB660,Vaginal,456,-3.0446014,16.33178,2,12.1552925,1.8722035,7
SGB661,Vaginal,2471,5.958374,5.6141706,1,-2.0995386,-15.194603,2
SGB662,Vaginal,2029,6.3107567,6.566831,1,-5.6810837,-10.180027,2
SGB663,Vaginal,2051,-1.3612856,6.9874945,4,-10.720965,0.041014463,1
SGB664,Vaginal,1672,1.7320863,14.179096,-1,1.5983529,1.1874722,4
SGB665,Vaginal,1227,6.145979,5.354581,1,-2.1285546,-15.180985,2
SGB666,Vaginal,1716,-1.8158159,5.9996486,4,2.152102,1.3852541,4
SGB667,Vaginal,1689,6.341063,6.5774717,1,-5.6564984,-10.239383,2
SGB668,Vaginal,1048,7.7822523,5.725324,1,-5.5586615,-10.398559,2
SGB669,Vaginal,1827,-2.3927307,16.628508,2,13.636427,10.4853115,5
SGB670,Vaginal,344,-0.46122992,16.171066,3,9.3739395,-13.776978,-1
SGB671,Vaginal,1674,2.1356685,9.738805,6,-7.580022,7.9645653,3
SGB672,Vaginal,1463,-0.42263815,9.939108,4,11.4346895,1.2573922,7
SGB673,Vaginal,462,-1.8491682,10.573175,4,-1.8233672,-1.1060809,4
SGB674,Vaginal,1095,2.0211098,9.914921,6,-7.4672465,8.06606,3
SGB675,Vaginal,495,-0.6336477,8.162307,4,-1.8217342,-1.11033,4
SGB676,Vaginal,1332,-2.2439365,14.058436,3,13.534751,8.522952,5
SGB677,Vaginal,1110,-0.39230746,9.943095,4,11.404369,1.2517083,7
SGB678,Vaginal,1638,2.3214524,10.143401,6,-7.5121202,7.944267,3
SGB679,Vaginal,1838,-1.3761919,7.0197186,4,-10.726818,0.07722079,1
SGB680,Vaginal,1421,7.727652,6.1411867,1,-6.241018,-10.747211,2
SGB681,Vaginal,927,-4.071043,13.862855,3,10.283748,2.146308,7
SGB682,Vaginal,2221,7.4091334,5.8390703,1,-6.8633766,-9.987066,2
SGB683,Vaginal,1830,2.9740117,3.8489907,-1,-8.50372,10.161446,3
SGB684,Vaginal,1843,5.8536587,6.504777,1,-5.653476,-10.285501,2
SGB685,Vaginal,2256,7.74133,5.1362433,1,-6.957271,-10.049298,2
SGB686,Vaginal,1961,-1.3733526,6.993698,4,-10.708822,0.051387176,1
SGB687,Vaginal,565,-2.5250127,12.304059,3,-1.8096772,-1.1198767,4
SGB688,Vaginal,1605,-2.8937023,15.645651,2,-8.442826,10.192455,3
SGB689,Vaginal,1291,-1.7906334,5.9768176,4,2.1129577,1.4299153,4
SGB690,Vaginal,1698,-0.23232535,11.4589615,4,-6.1685524,-0.5062779,1
SGB691,Vaginal,2651,6.338466,6.617197,1,-5.869194,-10.139608,2
SGB692,Vaginal,2584,-3.568096,9.89109,4,10.053628,2.2316895,7
SGB693,Vaginal,2577,2.969283,3.8732553,-1,-8.577999,10.122033,3
SGB694,Vaginal,1908,-1.2640234,6.8668327,4,-10.686554,0.0789178,1
SGB695,Vaginal,1751,-0.21211359,11.569753,4,-6.138766,-0.47586802,1
SGB696,Vaginal,1974,3.8107398,-1.1009836,-1,-10.996707,0.4785324,1
SGB697,Vaginal,304,-2.7945447,16.605333,2,-1.8155758,-1.1061609,4
SGB698,Vaginal,1917,-0.5001366,10.99254,4,-8.515436,10.157132,3
SGB699,Vaginal,1537,-2.6530318,16.595688,2,13.60292,10.456075,5
SGB700,Vaginal,1700,3.8237877,-1.0942194,-1,-10.985024,0.5188402,1
SGB701,Vaginal,4272,6.0205507,5.3757033,1,-11.481755,-1.2274746,1
SGB702,Vaginal,3589,6.102913,6.5750537,1,-6.3348684,-10.0778475,2
SGB703,Vaginal,1084,6.1410556,5.384118,1,-2.2494051,-15.142146,2
SGB704,Vaginal,1822,-4.1403995,13.939261,3,13.814489,8.438922,5
SGB705,Vaginal,1205,7.742747,5.117172,1,-5.174113,-10.61573,2
SGB706,Vaginal,2017,7.164709,6.0518675,1,-6.997786,-10.13113,2
SGB707,Vaginal,1200,-1.2528527,7.2905626,4,1.9008828,1.6900938,4
SGB708,Vaginal,1944,2.0279467,9.884476,6,-7.834535,7.864513,3
SGB709,Vaginal,1549,1.9396527,9.898353,6,-7.504155,8.006118,3
SGB710,Vaginal,1994,-0.20997366,11.490516,4,-6.1787944,-0.51848125,1
SGB711,Vaginal,3937,1.0943165,8.415361,6,-10.104124,9.569301,3
SGB712,Vaginal,1620,-0.19568686,6.835567,4,12.394569,2.1916463,7
SGB713,Vaginal,843,-1.7194268,11.461381,4,8.255341,-5.484168,6
SGB714,Vaginal,1695,-2.4373016,8.834082,4,5.25455,2.9081776,-1
SGB715,Vaginal,1076,3.0977945,9.379175,6,-8.097155,7.949591,3
SGB716,Vaginal,2130,-2.3830101,8.199417,4,5.2847404,2.9136755,-1
SGB717,Vaginal,1493,3.0742605,3.130199,-1,-6.219859,11.064714,3
SGB718,Vaginal,1602,-2.851691,16.560171,2,12.86432,2.8665435,7
SGB719,Vaginal,1291,-1.6988,11.479219,4,12.556,2.4611268,7
SGB720,Vaginal,1729,-4.0798793,13.850876,3,13.844596,8.463396,5
SGB721,Vaginal,896,-0.20685011,11.616111,4,-6.0775447,-0.41298753,1
SGB722,Vaginal,790,-2.8179102,15.825639,2,12.19402,1.9351354,7
SGB723,Vaginal,1199,2.5173578,9.59785,6,-7.4738398,8.028788,3
SGB724,Vaginal,2032,7.2625422,5.9550333,1,-6.851829,-10.195693,2
SGB725,Vaginal,1163,7.0065293,5.990855,1,-6.5349374,-10.332213,2
SGB726,Vaginal,1342,-2.9865441,6.4290257,4,10.711634,1.8885309,7
SGB727,Vaginal,1471,-2.837518,16.55242,2,12.79559,2.8089519,7
SGB728,Vaginal,1317,2.912068,3.3768623,-1,-6.4357724,10.777959,3
SGB729,Vaginal,650,-1.5538206,17.933922,2,2.9431887,-10.17228,-1
SGB730,Vaginal,1493,-3.2416434,16.224262,2,12.156029,1.8050026,7
SGB731,Vaginal,1531,-2.031606,14.455227,3,-1.1548947,-4.7665195,2
SGB732,Vaginal,840,3.659071,4.7329335,5,11.194401,15.443267,0
SGB733,Vaginal,1386,8.453522,5.2546387,1,-5.4556875,-10.483085,2
SGB734,Vaginal,2194,6.475419,6.4770913,1,-6.522003,-10.281204,2
SGB735,Vaginal,783,-3.340314,15.302924,2,11.870136,2.3792927,7
SGB736,Vaginal,1063,-3.2217972,4.5420504,4,11.951008,2.0502355,7
SGB737,Vaginal,1595,6.9317713,5.859417,1,-5.625253,-10.31604,2
SGB738,Vaginal,1819,-4.1083894,13.902236,3,13.815202,8.431927,5
SGB739,Vaginal,1361,-4.1535964,13.958358,3,13.797474,8.438381,5
SGB740,Vaginal,2014,7.8601956,5.683772,1,-6.9218855,-10.123575,2
SGB741,Vaginal,1144,1.9235387,9.926353,6,-7.390359,8.034205,3
SGB742,Vaginal,1300,1.9552298,9.894084,6,-7.4405026,8.006769,3
SGB743,Vaginal,1445,-4.1388373,13.951194,3,13.84729,8.458126,5
SGB744,Vaginal,1676,7.5952735,5.927654,1,-6.977244,-10.0992365,2
SGB745,Vaginal,1075,7.137238,6.000858,1,-6.971615,-10.108403,2
SGB746,Vaginal,1169,1.9535335,9.894163,6,-7.3754287,8.048431,3
SGB747,Vaginal,701,4.003695,4.2333384,5,11.55383,15.276997,0
SGB748,Vaginal,1185,-2.717288,12.850915,3,11.89017,2.4410217,7
SGB749,Vaginal,1236,8.417659,5.2741566,1,-5.454935,-10.498563,2
SGB750,Vaginal,1397,-3.5448399,13.624909,3,13.420783,8.474907,5
SGB751,Vaginal,1392,3.6647148,4.7273254,5,11.043634,15.5066185,0
SGB752,Vaginal,2080,7.242781,5.926605,1,-6.507752,-10.268109,2
SGB753,Vaginal,2147,6.516963,6.1616693,1,-6.8951497,-10.170833,2
SGB754,Vaginal,2431,6.4920897,6.548611,1,-6.147432,-10.176083,2
SGB755,Vaginal,1383,7.101995,6.028127,1,-6.9851284,-10.135771,2
SGB756,Vaginal,678,4.004548,4.2235146,5,11.596763,15.287985,0
SGB757,Vaginal,2221,3.297553,10.194358,6,-8.5865345,7.6897607,3
SGB758,Vaginal,1879,3.1993773,9.978234,6,-8.376166,7.86173,3
SGB759,Vaginal,697,3.8275232,4.469902,5,11.521292,15.321405,0
SGB760,Vaginal,1322,2.91728,3.3705015,-1,-6.400854,10.801982,3
SGB761,Vaginal,1462,2.9067786,5.2665815,5,-9.705597,0.30027428,1
SGB762,Vaginal,1305,-0.95840317,11.071919,4,12.413338,2.228423,7
SGB763,Vaginal,1395,-2.126396,9.676922,4,-6.145479,-0.47490555,1
SGB764,Vaginal,1116,-3.4375625,7.8875885,4,11.445241,1.2901002,7
SGB765,Vaginal,781,-0.4706058,9.892121,4,11.480465,1.302995,7
SGB766,Vaginal,1185,-2.918417,12.778374,3,11.430473,9.275621,5
SGB767,Vaginal,1001,2.2289593,9.55276,6,-7.4076557,8.007786,3
SGB768,Vaginal,638,4.0095005,4.2100563,5,11.6021805,15.298836,0
SGB769,Vaginal,1466,0.95616144,5.203186,5,11.877718,2.2102017,7
SGB770,Vaginal,1557,7.394288,5.8135824,1,-5.479063,-10.462636,2
SGB771,Vaginal,1309,4.373166,5.5874248,5,-5.5165277,-10.443555,2
SGB772,Vaginal,2249,7.027956,6.1560745,1,-6.071135,-10.133618,2
SGB773,Vaginal,2423,6.062259,6.537461,1,-6.3719153,-10.160326,2
SGB774,Vaginal,1935,7.137571,6.0107718,1,-6.8544817,-10.183862,2
SGB775,Vaginal,423,-3.2316515,15.523264,2,3.1191702,-9.156106,-1
SGB776,Vaginal,407,-2.3638282,12.091918,3,-1.8274065,-1.0969676,4
SGB777,Vaginal,1814,7.204153,5.9529467,1,-6.3952827,-10.327966,2
SGB778,Vaginal,893,-2.7127957,12.903493,3,11.871366,2.4255905,7
SGB779,Vaginal,585,-1.5184518,17.833963,2,2.9251635,-10.199382,-1
SGB780,Vaginal,771,4.077609,4.1375628,5,11.527926,15.328695,0
SGB781,Vaginal,954,2.916718,3.3810835,-1,-6.378079,10.822694,3
SGB782,Vaginal,671,5.0592074,2.9886148,-1,-2.92251,-14.920063,2
SGB783,Vaginal,674,5.062314,2.9766288,-1,-2.9363475,-14.904406,2
SGB784,Vaginal,1243,1.6264195,4.7531023,5,11.186733,8.617778,5
SGB785,Vaginal,1598,7.7601027,5.0996118,1,-5.1816387,-10.612282,2
SGB786,Vaginal,2409,7.6111937,5.915285,1,-6.961668,-10.023279,2
