Genome_ID,Microbiome,Gene_count,DNA_UMAP_1,DNA_UMAP_2,DNA_cluster,Functional_UMAP_1,Functional_UMAP_2,Functional_cluster
MGYG000000001,Gut,2984,-4.7703,12.260363,2,10.383301,-3.0986407,8
MGYG000000002,Gut,3746,-5.277201,1.5917023,5,9.34865,-5.822135,7
MGYG000000003,Gut,2512,4.048839,3.2116072,4,1.3825052,13.130052,3
MGYG000000004,Gut,3478,-1.9072539,3.0390177,5,5.2150564,-4.022453,8
MGYG000000005,Gut,3541,-4.7047944,12.136329,2,10.352515,-3.097228,8
MGYG000000006,Gut,2525,-0.64077467,12.338862,3,11.011655,5.707425,4
MGYG000000007,Gut,1816,1.0347539,10.127669,3,13.776555,5.413143,4
MGYG000000008,Gut,1738,1.0102239,10.175786,3,13.805271,5.432834,4
MGYG000000009,Gut,2011,0.7347271,10.71315,3,13.610016,5.234735,4
MGYG000000010,Gut,2661,-0.64431435,12.340998,3,11.01971,5.717492,4
MGYG000000011,Gut,2647,-0.63611174,12.333407,3,11.036306,5.7121387,4
MGYG000000012,Gut,3831,-2.4652917,4.04963,5,10.270097,5.8449407,4
MGYG000000013,Gut,4653,1.9518014,4.765625,4,-3.0622458,15.668621,2
MGYG000000014,Gut,3951,-4.6425905,12.099449,2,10.527887,-3.3345132,8
MGYG000000015,Gut,4415,2.4632454,-6.124599,-1,-10.976051,11.417392,6
MGYG000000016,Gut,2300,-5.0605445,2.311749,5,5.9801855,-3.2681117,8
MGYG000000017,Gut,1780,13.389048,3.0057206,0,11.035702,14.454189,1
MGYG000000018,Gut,2673,-4.3074164,7.5132313,5,11.615079,-5.8039775,7
MGYG000000019,Gut,4440,2.5117776,-6.1562057,-1,-10.957884,11.410599,6
MGYG000000020,Gut,1877,1.1972932,9.725001,3,13.534547,5.1330833,4
MGYG000000021,Gut,1795,1.2108554,9.72544,3,13.636285,5.264917,4
MGYG000000022,Gut,2720,-1.1080793,1.134071,5,5.4946065,-5.2117896,8
MGYG000000023,Gut,1908,0.8763778,11.353787,3,13.454613,4.05864,4
MGYG000000024,Gut,3321,-4.7189703,12.252542,2,10.3525,-3.1074896,8
MGYG000000025,Gut,2574,-0.6309816,12.318147,3,11.037509,5.712797,4
MGYG000000026,Gut,2332,-1.5376033,11.396821,3,16.259636,1.9383365,4
MGYG000000027,Gut,2051,4.280744,4.9217277,4,-6.3562284,-1.4885194,5
MGYG000000028,Gut,2254,-6.199359,2.1484873,5,9.91199,-6.313832,7
MGYG000000029,Gut,3380,1.9740363,4.8335295,4,-2.9188728,15.815885,2
MGYG000000030,Gut,2508,-4.18277,7.8533955,5,11.53391,-5.611856,7
MGYG000000031,Gut,3199,-5.536953,1.5159291,5,9.483895,-5.872432,7
MGYG000000032,Gut,5853,-3.7728662,1.8753175,5,8.624772,-5.55453,7
MGYG000000033,Gut,2424,-3.127962,6.8442984,5,1.4229107,-5.3647103,8
MGYG000000034,Gut,2443,-2.7818987,2.5464802,5,2.6565764,-4.8048778,8
MGYG000000035,Gut,3142,-4.3164535,1.843949,5,9.349738,-6.062943,7
MGYG000000036,Gut,1993,-3.4489944,7.337184,5,1.6827203,-4.7295356,8
MGYG000000037,Gut,2216,-0.6550719,12.085941,3,10.556449,-3.261423,8
MGYG000000038,Gut,2883,-6.0331464,1.9716831,5,9.432694,-6.353118,7
MGYG000000039,Gut,2471,-1.3321239,1.2905164,5,5.4981165,-5.2203803,8
MGYG000000040,Gut,2146,-4.084309,6.472948,5,7.5785403,-3.2452927,8
MGYG000000041,Gut,3255,-5.065051,1.7957349,5,10.943928,-5.2091856,7
MGYG000000042,Gut,2826,1.9365281,4.651174,4,-2.4711282,16.254553,2
MGYG000000043,Gut,3336,2.1841686,4.460211,4,-2.5315897,16.160606,2
MGYG000000044,Gut,3320,1.5563757,5.0383186,4,-3.1834226,16.199305,2
MGYG000000045,Gut,2566,-1.773098,12.132748,3,16.345589,1.8552383,4
MGYG000000046,Gut,2226,1.2562792,3.7663357,4,-6.449169,-1.5847138,5
MGYG000000047,Gut,3093,-4.8351827,12.100235,2,10.53265,-3.2356932,8
MGYG000000048,Gut,2098,-4.880185,12.182927,2,10.540607,-3.2416313,8
MGYG000000049,Gut,3108,-4.794068,12.282228,2,10.451709,-3.1633337,8
MGYG000000050,Gut,3424,-5.1808367,1.5829419,5,9.409081,-5.9010935,7
MGYG000000051,Gut,3187,-3.804451,1.8701069,5,9.484329,-5.9863186,7
MGYG000000052,Gut,3201,-4.6798553,1.7687109,5,9.859034,-6.33026,7
MGYG000000053,Gut,1668,6.3643665,3.0509884,1,1.216294,13.395798,3
MGYG000000054,Gut,4112,2.0826,4.8029284,4,-3.0497391,15.670164,2
MGYG000000055,Gut,2417,4.0333505,5.620784,4,-0.94724125,14.418748,3
MGYG000000056,Gut,2518,4.0288677,5.7511034,4,-1.0023283,14.394245,3
MGYG000000057,Gut,3544,2.428139,4.6878557,4,-2.7926738,15.952551,2
MGYG000000058,Gut,2972,-4.606982,1.523688,5,9.502723,-6.2646937,7
MGYG000000059,Gut,2583,-2.2159986,0.25569183,5,5.3656282,-3.4789345,8
MGYG000000060,Gut,2905,-4.211846,7.7564206,5,11.603548,-5.350858,7
MGYG000000061,Gut,1767,13.4081135,3.109295,0,11.567166,14.418074,1
MGYG000000062,Gut,2678,-3.7621825,12.468808,2,10.365827,-3.0994287,8
MGYG000000063,Gut,3713,-4.0087433,2.0686584,5,7.8408937,-3.6551678,8
MGYG000000064,Gut,2893,-4.9206014,12.187028,2,10.552394,-3.2766116,8
MGYG000000065,Gut,2720,-6.1560082,2.080396,5,9.870811,-6.370293,7
MGYG000000066,Gut,4824,-3.673062,1.888026,5,8.718798,-5.8558807,7
MGYG000000067,Gut,3282,-5.044844,1.7708474,5,9.378768,-6.317226,7
MGYG000000068,Gut,2741,-1.6114942,2.8319633,5,5.5558467,-3.6925778,8
MGYG000000069,Gut,2550,-2.7479181,1.9900931,5,2.5917315,-4.828001,8
MGYG000000070,Gut,3556,-2.163512,0.29484257,5,5.4052696,-3.5771372,8
MGYG000000071,Gut,3344,-2.1475985,0.29810995,5,5.3675613,-3.5812402,8
MGYG000000072,Gut,2306,-3.4643333,7.3517175,5,0.8693797,-4.7505865,8
MGYG000000073,Gut,2253,-1.9317014,1.9350771,5,3.0203574,-4.8962135,8
MGYG000000074,Gut,2467,4.061322,3.2387996,4,1.3203081,13.205229,3
MGYG000000075,Gut,2869,-4.8287916,12.280463,2,10.361932,-3.0890212,8
MGYG000000076,Gut,3728,-5.959197,1.9516001,5,11.119842,-5.333453,7
MGYG000000077,Gut,2582,-5.7687135,2.1182797,5,9.80205,-6.2501316,7
MGYG000000078,Gut,2608,-4.24696,7.771807,5,11.579177,-5.3576155,7
MGYG000000079,Gut,2657,0.07013022,11.145464,3,10.533194,5.8144503,4
MGYG000000080,Gut,3124,-4.7754135,1.8101962,5,9.794661,-6.3419824,7
MGYG000000081,Gut,2162,6.3333473,1.5257491,1,-5.815541,3.0493433,5
MGYG000000082,Gut,3133,1.7182906,9.800972,3,-9.454335,10.008438,6
MGYG000000083,Gut,5358,-0.093307085,11.253689,3,10.209425,5.8247585,4
MGYG000000084,Gut,2445,-1.2215265,1.6239821,5,5.202488,-5.02776,8
MGYG000000085,Gut,1704,13.816962,3.204507,0,10.915429,15.080195,1
MGYG000000086,Gut,2995,-2.255009,0.26672047,5,5.3749847,-3.5256064,8
MGYG000000087,Gut,3010,-3.7850063,1.623671,5,9.01866,-4.9304953,7
MGYG000000088,Gut,1892,1.0842031,10.659724,3,13.496813,4.1445246,4
MGYG000000089,Gut,2518,-3.7979095,7.0602674,5,0.74276143,-4.8254704,8
MGYG000000090,Gut,2938,-2.0939631,0.33961877,5,5.390009,-3.565558,8
MGYG000000091,Gut,5932,5.759336,2.1028917,1,-9.589364,10.233986,6
MGYG000000092,Gut,3191,-4.4524646,2.5814283,5,9.465267,-5.8458543,7
MGYG000000093,Gut,5633,2.7258766,-6.0131006,-1,-11.130526,11.314417,6
MGYG000000094,Gut,1833,13.364962,3.0116608,0,11.506258,14.1452875,1
MGYG000000095,Gut,4603,-3.7976801,1.8227476,5,8.718408,-5.841391,7
MGYG000000096,Gut,2182,1.1857023,9.889421,3,13.55046,5.1639147,4
MGYG000000097,Gut,1741,0.6928839,10.770378,3,13.650215,5.225283,4
MGYG000000098,Gut,3748,1.9377815,4.8718643,4,-3.0062966,15.719697,2
MGYG000000099,Gut,3565,-2.2126918,0.20872411,5,5.3485603,-3.5309746,8
MGYG000000100,Gut,2373,-0.46929643,11.630343,3,-6.310876,-1.4822073,5
MGYG000000101,Gut,2197,6.733399,2.1683776,1,-5.8987355,3.0045621,5
MGYG000000102,Gut,3422,-4.7036324,12.159075,2,10.379134,-3.1159148,8
MGYG000000103,Gut,3362,-3.5174334,1.7911505,5,7.8651834,-3.7226107,8
MGYG000000104,Gut,3185,-4.981838,12.184129,2,10.556058,-3.2801805,8
MGYG000000105,Gut,3132,2.1600215,4.954,4,-2.6875343,16.021103,2
MGYG000000106,Gut,2906,0.3395094,11.11191,3,12.867619,5.216862,4
MGYG000000107,Gut,5273,2.741531,-6.0114427,-1,-11.122987,11.314105,6
MGYG000000108,Gut,4302,2.528848,-5.5010953,-1,-11.071813,11.616919,6
MGYG000000109,Gut,1847,0.9166461,11.343099,3,13.409576,4.02264,4
MGYG000000110,Gut,4262,2.5701182,-5.622536,-1,-11.007096,11.523387,6
MGYG000000111,Gut,2119,6.6182346,2.0356963,1,-6.0997844,2.8957183,5
MGYG000000112,Gut,2514,6.725902,2.1827173,1,-6.1642447,2.8379562,5
MGYG000000113,Gut,1881,1.197153,10.865398,3,13.503444,4.1076427,4
MGYG000000114,Gut,1822,0.9069416,11.361795,3,13.4275255,4.0445333,4
MGYG000000115,Gut,3135,-4.6043534,11.841257,2,10.453554,-3.1849084,8
MGYG000000116,Gut,2858,0.08704999,11.003186,3,10.488649,5.8247986,4
MGYG000000117,Gut,2620,1.6586598,5.167162,4,-1.2767777,14.901923,3
MGYG000000118,Gut,2696,-3.7787995,1.7963297,5,9.353883,-6.073539,7
MGYG000000119,Gut,3181,-5.221571,1.4877833,5,9.464915,-5.9311495,7
MGYG000000120,Gut,1913,-3.7821906,10.618818,2,8.517736,-2.2708194,8
MGYG000000121,Gut,3735,-2.8926427,2.194247,5,8.79916,-5.895144,7
MGYG000000122,Gut,2334,-0.66373116,12.32318,3,11.056502,5.708695,4
MGYG000000123,Gut,4939,-4.2988405,1.5603355,5,8.736314,-5.847179,7
MGYG000000124,Gut,4654,2.511804,-5.5141025,-1,-11.138928,11.637144,6
MGYG000000125,Gut,3004,-4.124488,11.402883,2,10.403961,-3.122619,8
MGYG000000126,Gut,3729,-2.9945467,2.244765,5,7.8202777,-3.6268992,8
MGYG000000127,Gut,5327,-3.3279095,2.1563783,5,8.683266,-5.8066425,7
MGYG000000128,Gut,2293,3.9953303,3.235591,4,1.335224,13.204281,3
MGYG000000129,Gut,2333,-2.7306948,2.060017,5,2.2954834,-4.7648125,8
MGYG000000130,Gut,1720,0.7336634,6.350492,4,8.524909,-2.2885568,8
MGYG000000131,Gut,2977,-1.9378021,2.7447898,5,5.179552,-4.0087852,8
MGYG000000132,Gut,2621,-0.46689558,11.323046,3,16.335917,1.8651012,4
MGYG000000133,Gut,2948,-5.248943,1.507962,5,9.575924,-5.8965135,7
MGYG000000134,Gut,2932,-1.7332506,12.074353,3,16.370949,1.8326727,4
MGYG000000135,Gut,4631,-4.1998873,1.3699839,5,8.661653,-5.7897606,7
MGYG000000136,Gut,3421,-5.913088,2.2105548,5,11.247055,-5.369929,7
MGYG000000137,Gut,3432,-4.5912476,2.562536,5,9.427715,-5.810695,7
MGYG000000138,Gut,3792,1.607031,4.9914713,4,-3.22431,16.16764,2
MGYG000000139,Gut,2256,-4.063287,8.151784,5,11.486728,-6.0218396,7
MGYG000000140,Gut,2939,-6.043841,1.8575251,5,9.584655,-6.0181932,7
MGYG000000141,Gut,3181,-5.5348544,1.5816462,5,9.414065,-5.942802,7
MGYG000000142,Gut,3055,-5.4124527,1.5570725,5,9.535983,-5.8744874,7
MGYG000000143,Gut,2475,-0.6686177,12.010335,3,10.545209,-3.2604585,8
MGYG000000144,Gut,2489,1.5978137,5.267505,4,-1.0067748,14.689646,3
MGYG000000145,Gut,4051,-4.2760587,1.2976974,5,8.752452,-5.2235603,7
MGYG000000146,Gut,3147,-6.0687046,2.0356631,5,9.406591,-6.2639346,7
MGYG000000147,Gut,4130,-2.4662056,4.0442023,5,10.252335,5.8286886,4
MGYG000000148,Gut,2558,-6.099343,2.2063317,5,9.524933,-6.482156,7
MGYG000000149,Gut,3375,-4.9131336,12.181561,2,10.55236,-3.273998,8
MGYG000000150,Gut,6531,-3.8636317,1.8232328,5,8.6481285,-5.6183767,7
MGYG000000151,Gut,3141,-4.8121576,12.034651,2,10.540327,-3.2601662,8
MGYG000000152,Gut,5451,-4.2171297,1.2758672,5,8.686101,-5.387821,7
MGYG000000153,Gut,2708,-4.5514727,2.5934312,5,11.17258,-5.358761,7
MGYG000000154,Gut,2694,-5.4906273,1.8126026,5,11.262041,-5.448708,7
MGYG000000155,Gut,1957,1.2246214,9.675986,3,13.496501,5.137072,4
MGYG000000156,Gut,1849,13.414026,3.0677958,0,11.689689,14.064647,1
MGYG000000157,Gut,3137,-4.771921,12.256543,2,10.389663,-3.123317,8
MGYG000000158,Gut,1867,13.33765,3.07021,0,11.722778,13.979441,1
MGYG000000159,Gut,2955,-4.9885817,2.067675,5,9.418096,-6.3189535,7
MGYG000000160,Gut,1681,6.6678348,3.1836174,1,12.36786,13.056822,1
MGYG000000161,Gut,1965,1.0800259,10.0992985,3,13.77471,5.4418154,4
MGYG000000162,Gut,2951,0.26033923,11.101693,3,12.837912,5.2005124,4
MGYG000000163,Gut,2589,0.6476199,11.190371,3,12.844179,5.1940737,4
MGYG000000164,Gut,2846,-5.999654,1.8584086,5,9.491149,-6.32737,7
MGYG000000165,Gut,3525,-4.041912,2.0621772,5,8.924007,-6.1114054,7
MGYG000000166,Gut,1830,1.279734,9.612071,3,13.62108,5.2526555,4
MGYG000000167,Gut,1860,13.31077,3.065337,0,11.677599,14.028155,1
MGYG000000168,Gut,3884,1.1546421,5.477902,4,-3.2231655,16.740145,2
MGYG000000169,Gut,2348,-3.9863575,8.095213,5,11.479422,-6.0189743,7
MGYG000000170,Gut,2418,3.826046,3.214024,4,1.2368492,13.2898,3
MGYG000000171,Gut,3165,-5.9769516,1.7713319,5,9.486326,-5.9192195,7
MGYG000000172,Gut,5455,-2.49202,1.1287899,5,8.63095,-5.2654705,7
MGYG000000173,Gut,1800,-1.3308576,11.489697,3,16.065054,2.1155157,4
MGYG000000174,Gut,4668,1.5166779,4.972247,4,-3.304089,16.09074,2
MGYG000000175,Gut,4371,-4.093175,1.7417365,5,8.791109,-5.9459,7
MGYG000000176,Gut,5135,-4.468813,1.6942947,5,8.73615,-5.888768,7
MGYG000000177,Gut,2254,-4.468708,2.1288545,5,5.962734,-3.3097115,8
MGYG000000178,Gut,2766,-2.1070194,0.1928505,5,5.3685718,-3.496256,8
MGYG000000179,Gut,5336,-3.725116,1.3052273,5,8.663677,-5.2945304,7
MGYG000000180,Gut,1947,13.305468,3.0128565,0,11.732907,14.012264,1
MGYG000000181,Gut,2672,-6.053539,2.139784,5,9.5314865,-6.3973613,7
MGYG000000182,Gut,2223,4.0708923,4.966792,4,-6.3106313,-1.4559028,5
MGYG000000183,Gut,4092,1.1512775,5.4681797,4,-3.2134478,16.720356,2
MGYG000000184,Gut,3241,-5.587641,1.5000979,5,9.447557,-5.858953,7
MGYG000000185,Gut,2843,-1.7450383,3.1564372,5,5.5785046,-3.7214146,8
MGYG000000186,Gut,2042,-1.2149591,11.475086,3,16.138905,2.0524368,4
MGYG000000187,Gut,2720,-4.217894,7.7128468,5,11.6258745,-5.391252,7
MGYG000000188,Gut,1831,13.379167,3.2112093,0,11.611471,14.062464,1
MGYG000000189,Gut,2426,-5.839531,1.9925683,5,11.624874,-5.826994,7
MGYG000000190,Gut,2447,-5.873571,2.2443142,5,11.597409,-5.744799,7
MGYG000000191,Gut,2691,-1.2995182,5.3121614,5,10.426462,5.7979136,4
MGYG000000192,Gut,3109,-2.4027178,3.6361828,5,16.336885,1.8642573,4
MGYG000000193,Gut,3619,-5.5214825,2.1444879,5,9.450705,-5.743412,7
MGYG000000194,Gut,3127,-4.4803605,2.0053668,5,9.006512,-4.946968,7
MGYG000000195,Gut,2910,-1.2744238,1.2484897,5,5.4853344,-5.1985607,8
MGYG000000196,Gut,4815,1.9762169,4.731147,4,-3.0749834,15.646128,2
MGYG000000197,Gut,1878,13.354166,2.970716,0,11.480777,14.117832,1
MGYG000000198,Gut,5696,-3.7550197,1.3298496,5,8.646297,-5.2954373,7
MGYG000000199,Gut,1857,0.875528,11.374954,3,13.383613,4.005929,4
MGYG000000200,Gut,3648,-5.675538,1.5265073,5,9.41288,-5.8365545,7
MGYG000000201,Gut,4038,-5.1739407,1.6084106,5,9.370234,-5.8312573,7
MGYG000000202,Gut,4222,-3.788158,1.8796371,5,8.702537,-5.784595,7
MGYG000000203,Gut,3431,1.1470438,5.437746,4,-3.2109652,16.736872,2
MGYG000000204,Gut,2147,-4.0213003,8.20099,5,11.466594,-6.0365124,7
MGYG000000205,Gut,3262,-4.274324,2.5848527,5,9.010221,-4.9169407,7
MGYG000000206,Gut,2733,-5.812685,1.9420985,5,9.469089,-6.4130144,7
MGYG000000207,Gut,1800,13.828263,3.1972723,0,11.665087,14.243546,1
MGYG000000208,Gut,2313,-4.0551314,8.104299,5,11.466829,-6.0969677,7
MGYG000000209,Gut,2558,-5.539202,2.4684205,5,11.591445,-5.774857,7
MGYG000000210,Gut,1806,13.353552,3.0490499,0,11.686585,14.188004,1
MGYG000000211,Gut,4778,2.0682058,4.7020802,4,-3.0303378,15.686721,2
MGYG000000212,Gut,3223,-5.946645,1.7301518,5,9.4113035,-5.929506,7
MGYG000000213,Gut,3934,-5.7621837,1.5710301,5,9.392204,-5.836147,7
MGYG000000214,Gut,1855,0.7095072,14.210533,-1,-7.0180798,-0.9443681,5
MGYG000000215,Gut,2570,3.8652098,6.5740337,4,-0.9529955,17.19271,2
MGYG000000216,Gut,3532,-5.5835214,1.4567313,5,9.480837,-5.842423,7
MGYG000000217,Gut,3476,-5.0797863,1.7943659,5,10.934283,-5.173244,7
MGYG000000218,Gut,2044,-2.321875,0.75645936,5,-6.507233,-2.0557377,5
MGYG000000219,Gut,3606,-2.896399,2.2054653,5,8.730157,-5.786276,7
MGYG000000220,Gut,2692,-1.9251369,0.48944846,5,4.8008256,-3.6917095,8
MGYG000000221,Gut,2740,1.8146933,5.1367617,4,-2.964249,16.229912,2
MGYG000000222,Gut,3219,1.7200786,5.0570183,4,-3.1747851,16.199469,2
MGYG000000223,Gut,3944,-1.2220618,11.422737,3,16.366446,1.8460822,4
MGYG000000224,Gut,2935,2.2802997,4.851536,4,-2.6768537,16.052803,2
MGYG000000225,Gut,1810,1.2035679,6.7338986,4,-8.014747,8.0285,6
MGYG000000226,Gut,2087,1.0555093,10.6726,3,13.4132,4.4667172,4
MGYG000000227,Gut,4489,-2.4553843,4.0424275,5,10.194681,5.812428,4
MGYG000000228,Gut,1870,13.355665,3.0538204,0,11.709347,14.047695,1
MGYG000000229,Gut,2462,-6.07552,2.0640411,5,9.51056,-6.4405665,7
MGYG000000230,Gut,1826,1.0726284,10.878555,3,13.429666,4.3773847,4
MGYG000000231,Gut,2507,-4.3258963,7.4962687,5,11.668976,-5.8572927,7
MGYG000000232,Gut,1857,13.384363,3.00062,0,11.701787,14.050219,1
MGYG000000233,Gut,2854,-4.3365445,2.5852463,5,8.996809,-4.953069,7
MGYG000000234,Gut,2046,-1.2144085,12.260014,3,13.271362,4.594717,4
MGYG000000235,Gut,4541,2.4232376,-6.1681194,-1,-10.965009,11.403707,6
MGYG000000236,Gut,4201,1.9204816,4.759685,4,-2.985801,15.791926,2
MGYG000000237,Gut,1883,13.523511,3.0042975,0,11.610733,14.053667,1
MGYG000000238,Gut,3213,0.37455547,11.105639,3,12.829124,5.209359,4
MGYG000000239,Gut,1834,13.411831,3.0454826,0,11.684458,14.099137,1
MGYG000000240,Gut,2377,-1.344199,11.516757,3,16.22941,1.9673585,4
MGYG000000241,Gut,2187,-0.9725728,1.9024706,5,-3.5970845,0.7063918,5
MGYG000000242,Gut,3332,-4.725932,1.4544806,5,8.955877,-4.989165,7
MGYG000000243,Gut,3092,2.2006238,4.777952,4,-2.659222,16.093735,2
MGYG000000244,Gut,2242,-1.5853428,11.36848,3,16.252352,1.9449062,4
MGYG000000245,Gut,3601,-6.0332174,1.9892061,5,11.168427,-5.404472,7
MGYG000000246,Gut,2040,1.0721954,10.701982,3,13.501587,4.1375556,4
MGYG000000247,Gut,1402,6.6754127,3.1525877,1,12.47083,13.021999,1
MGYG000000248,Gut,2025,1.2217879,9.657639,3,13.505074,5.1444826,4
MGYG000000249,Gut,2746,-6.1474004,1.9956089,5,9.503652,-6.3703704,7
MGYG000000250,Gut,2873,-4.103076,7.683095,5,11.419058,-5.600732,7
MGYG000000251,Gut,3273,-4.6200223,2.5218842,5,9.471849,-5.835532,7
MGYG000000252,Gut,3286,-6.006769,1.7832402,5,9.430865,-5.9156504,7
MGYG000000253,Gut,2310,-1.177373,11.447167,3,16.146093,2.04616,4
MGYG000000254,Gut,3490,1.4032677,5.0715804,4,-3.180462,16.685091,2
MGYG000000255,Gut,2870,-4.3116384,2.623756,5,9.007152,-4.9231453,7
MGYG000000256,Gut,2041,6.95348,2.8134472,1,12.412521,12.934026,1
MGYG000000257,Gut,1895,13.387359,3.0932782,0,11.709454,14.041988,1
MGYG000000258,Gut,1827,-3.0924282,7.0277233,5,1.7002144,-4.6911654,8
MGYG000000259,Gut,2871,-4.5394096,1.9782056,5,9.000251,-4.954956,7
MGYG000000260,Gut,1850,13.3921385,3.066988,0,11.69504,14.086836,1
MGYG000000261,Gut,1769,13.902576,3.204128,0,11.435174,14.558216,1
MGYG000000262,Gut,2831,-5.78242,2.0658581,5,9.703365,-6.2320724,7
MGYG000000263,Gut,3151,-5.553919,1.5161864,5,9.4664755,-5.8986883,7
MGYG000000264,Gut,2876,0.7789353,5.8565636,4,10.472305,5.8350697,4
MGYG000000265,Gut,3946,2.048002,4.83427,4,-2.9732385,15.744817,2
MGYG000000266,Gut,1877,13.340674,3.1244216,0,11.690545,14.052281,1
MGYG000000267,Gut,1735,-1.019107,11.351961,3,16.159395,2.0303037,4
MGYG000000268,Gut,3012,-6.066272,2.2096324,5,9.455931,-6.360958,7
MGYG000000269,Gut,2074,-1.7496796,12.105572,3,16.281984,1.9167485,4
MGYG000000270,Gut,1839,13.454309,3.2303457,0,11.665326,14.11226,1
MGYG000000271,Gut,3527,-6.0395074,2.0076354,5,11.187222,-5.304802,7
MGYG000000272,Gut,2955,3.1871307,6.7769585,4,-1.116198,17.49737,2
MGYG000000273,Gut,2800,2.0570147,4.423067,4,-2.396841,16.345196,2
MGYG000000274,Gut,3167,-4.547381,2.0941777,5,8.968473,-4.9600883,7
MGYG000000275,Gut,1899,13.426058,3.1093345,0,11.702917,14.013704,1
MGYG000000276,Gut,2511,1.422898,3.9197495,4,-6.4672894,-1.6045774,5
MGYG000000277,Gut,1826,1.1370829,10.699971,3,13.470604,4.1394887,4
MGYG000000278,Gut,4099,-4.835632,1.8402684,5,8.985875,-5.0203347,7
MGYG000000279,Gut,1816,0.7029402,14.20388,-1,-7.0409837,-0.9455379,5
MGYG000000280,Gut,2591,-5.5832157,2.0389674,5,11.126024,-5.4396887,7
MGYG000000281,Gut,4173,-3.9462445,1.9041482,5,8.675256,-5.17223,7
MGYG000000282,Gut,3063,-5.4949474,2.199529,5,11.487937,-5.661285,7
MGYG000000283,Gut,1255,14.689251,7.9342,0,11.624334,16.295189,1
MGYG000000284,Gut,4344,1.5235673,4.994682,4,-3.2649512,16.099228,2
MGYG000000285,Gut,2019,-3.0074627,2.797095,5,6.8372197,-3.2113907,8
MGYG000000286,Gut,758,-4.212883,12.135469,2,-5.887678,-9.429174,0
MGYG000000287,Gut,5563,-4.6509624,1.4645687,5,8.705847,-5.8217864,7
MGYG000000288,Gut,1715,14.380166,4.7018037,0,10.805768,15.066346,1
MGYG000000289,Gut,2151,3.3740377,6.274334,4,-0.9328316,17.219725,2
MGYG000000290,Gut,1686,14.145089,4.2118974,0,11.000247,15.295203,1
MGYG000000291,Gut,1364,6.253652,3.9331,1,13.401678,-13.94952,-1
MGYG000000292,Gut,1491,14.710402,7.7175417,0,11.626375,16.067415,1
MGYG000000293,Gut,1377,0.70864177,14.2082405,-1,-7.096475,-0.8780343,5
MGYG000000294,Gut,1515,-2.1083653,6.6733274,5,-6.7631702,-2.3217907,5
MGYG000000295,Gut,2504,-1.99415,2.6192772,5,5.151176,-4.1404767,8
MGYG000000296,Gut,1583,-3.7894998,10.793879,2,8.545941,-2.6440585,8
MGYG000000297,Gut,1106,-1.0533576,11.99852,3,-2.6260967,-15.183616,0
MGYG000000298,Gut,1529,1.1936072,11.047718,3,13.353101,3.9320297,4
MGYG000000299,Gut,1561,6.3106904,1.6100855,1,-6.451312,2.8219664,5
MGYG000000300,Gut,1086,6.369668,3.63977,1,13.396998,-13.95401,-1
MGYG000000301,Gut,2470,-5.358063,1.5248121,5,9.6838045,-5.815524,7
MGYG000000302,Gut,1729,14.049261,3.692023,0,11.094442,14.793241,1
MGYG000000303,Gut,1743,6.380815,1.130872,1,-6.452644,2.8100984,5
MGYG000000304,Gut,1341,6.2636943,4.010898,1,13.356613,-13.99577,-1
MGYG000000305,Gut,1677,3.114496,6.1744585,4,0.13009286,14.671722,3
MGYG000000307,Gut,1556,6.4500327,1.4594806,1,-6.4237113,3.1574042,5
MGYG000000308,Gut,1645,6.687933,2.2001302,1,-6.444171,2.8168638,5
MGYG000000309,Gut,1636,14.315892,4.452924,0,11.194821,15.842128,1
MGYG000000310,Gut,1493,-2.189577,6.812459,5,-6.763287,-2.2782154,5
MGYG000000311,Gut,1595,0.725786,14.222158,-1,-7.0621157,-0.9382694,5
MGYG000000312,Gut,2427,-3.9515169,2.4269454,5,10.468236,-5.3528438,7
MGYG000000313,Gut,1155,6.6802096,2.908808,1,12.430796,13.005453,1
MGYG000000314,Gut,1667,14.688246,6.3477983,0,10.980725,15.613704,1
MGYG000000315,Gut,1301,-2.807584,7.658224,5,-12.254376,1.6921778,-1
MGYG000000316,Gut,1919,-3.3196273,3.1303923,5,2.7082438,-4.751763,8
MGYG000000317,Gut,1936,3.4303021,-2.6895187,-1,-9.082564,8.758736,6
MGYG000000318,Gut,1452,1.1977456,11.104246,3,13.370862,3.9190352,4
MGYG000000319,Gut,2270,-1.5918804,2.303432,5,5.0236697,-4.8000517,8
MGYG000000320,Gut,1695,14.173586,3.9498534,0,11.306394,15.193029,1
MGYG000000321,Gut,1613,14.704112,6.792085,0,11.3181,15.897558,1
MGYG000000322,Gut,2569,1.4014436,5.0343847,4,-2.9871378,16.52174,2
MGYG000000323,Gut,3023,0.3682929,11.101714,3,12.838393,5.21152,4
MGYG000000324,Gut,1631,14.71647,6.659123,0,11.429108,15.622556,1
MGYG000000325,Gut,2712,-5.198411,1.8048874,5,10.997621,-5.238263,7
MGYG000000326,Gut,1925,6.3156176,1.4970466,1,-6.1776004,3.1074104,5
MGYG000000327,Gut,1434,14.732635,7.893471,0,11.454674,16.219511,1
MGYG000000328,Gut,1266,-3.576494,6.031814,5,2.4896605,-5.9781017,8
MGYG000000330,Gut,2252,1.2344218,9.627479,3,13.365232,5.292263,4
MGYG000000331,Gut,1670,14.287456,4.531277,0,11.046737,15.570695,1
MGYG000000332,Gut,931,-1.7909373,12.901652,3,-2.485983,-14.832152,0
MGYG000000333,Gut,1679,14.743501,6.3126273,0,11.556083,15.2229595,1
MGYG000000334,Gut,1878,1.3234562,1.7675425,-1,4.860334,-2.331539,8
MGYG000000335,Gut,1764,0.32921562,11.082357,3,13.410988,4.255753,4
MGYG000000336,Gut,995,6.3822246,1.1357244,1,-6.4762383,2.8301084,5
MGYG000000337,Gut,3364,2.5555,-4.8697987,-1,-10.2522335,11.778732,6
MGYG000000338,Gut,1823,-0.1764107,8.805738,-1,-8.970004,8.333878,6
MGYG000000339,Gut,1510,-2.0573153,0.044247072,5,5.0968347,-3.2781415,8
MGYG000000342,Gut,834,-0.35501236,4.9095287,5,-8.331376,8.228561,6
MGYG000000343,Gut,2867,1.6099213,4.9000444,4,-3.0778594,16.589628,2
MGYG000000344,Gut,1874,-2.1833575,4.455461,5,2.8756518,-7.8939705,8
MGYG000000345,Gut,2616,-0.4776477,3.9496,5,-16.544407,10.137928,-1
MGYG000000346,Gut,1874,-4.6273813,1.9310851,5,11.481988,-5.439322,7
MGYG000000347,Gut,1335,-1.9059814,12.624161,3,4.4996133,4.656148,-1
MGYG000000348,Gut,1928,4.0704684,5.163799,4,-0.82936066,14.31362,3
MGYG000000349,Gut,1061,-2.0434167,5.0432963,5,3.4276748,-7.2745667,8
MGYG000000350,Gut,1174,-3.5507178,5.9581804,5,2.474064,-6.1529474,8
MGYG000000351,Gut,1533,1.2610276,7.210129,4,-8.398744,7.7867303,6
MGYG000000352,Gut,948,-1.8853328,3.8446236,5,2.8818884,-7.207904,8
MGYG000000353,Gut,1972,4.206822,4.9339924,4,-0.6135156,14.468907,3
MGYG000000354,Gut,2086,4.0752616,5.224829,4,-0.69935733,14.349316,3
MGYG000000355,Gut,2143,1.7907068,5.021293,4,-2.6747966,16.379812,2
MGYG000000356,Gut,2589,-6.081722,1.9083266,5,11.218243,-5.4327693,7
MGYG000000357,Gut,2023,4.0348406,5.4891286,4,-0.69422907,14.477682,3
MGYG000000358,Gut,1178,-2.4211073,4.3899302,5,-12.036016,1.9522656,-1
MGYG000000359,Gut,2320,-5.2831764,1.6772686,5,9.755338,-5.944087,7
MGYG000000360,Gut,3088,-0.5155949,3.9710753,5,-16.531637,10.124348,-1
MGYG000000361,Gut,1645,-4.3648505,2.0720847,5,11.048271,-5.322423,7
MGYG000000362,Gut,2126,-3.6450515,4.8851814,5,0.609965,-4.9159036,8
MGYG000000363,Gut,1373,-2.9272535,7.655739,5,-12.284037,1.7140508,-1
MGYG000000364,Gut,2353,-4.311014,7.55458,5,11.65732,-5.8553286,7
MGYG000000365,Gut,1114,-4.1096454,12.700685,2,-8.688943,-10.23067,0
MGYG000000366,Gut,2110,-2.1510508,5.047692,5,1.9743072,-5.7118993,8
MGYG000000367,Gut,1524,-3.3877826,5.9685802,5,7.558899,-3.1896727,8
MGYG000000368,Gut,1478,-3.8034105,5.2512503,5,4.470234,-2.370221,8
MGYG000000369,Gut,1763,-1.4392688,3.3115704,5,3.9522765,-3.1342676,8
MGYG000000370,Gut,2348,-1.4473518,3.2692678,5,3.9087963,-3.0709531,8
MGYG000000371,Gut,1871,-3.64308,5.3619013,5,2.4291012,-5.864869,8
MGYG000000372,Gut,1112,-3.8247228,12.191892,2,-8.569603,-10.227772,0
MGYG000000373,Gut,2267,-2.544197,3.9220006,5,2.4856353,-5.4232597,8
MGYG000000374,Gut,1231,-2.0087545,12.610481,3,4.644947,4.51363,-1
MGYG000000375,Gut,1175,-4.100183,12.679308,2,-8.796663,-10.216598,0
MGYG000000376,Gut,451,0.55730164,8.275718,-1,-5.751224,-8.6029825,0
MGYG000000377,Gut,1990,-2.1404583,0.15271598,5,5.066846,-3.1656501,8
MGYG000000378,Gut,2251,-4.323493,1.9794791,5,9.8669815,-5.9573765,7
MGYG000000379,Gut,1729,-3.3408978,6.96044,5,1.4121537,-3.4338112,8
MGYG000000380,Gut,1411,-3.5048177,2.961397,5,16.110327,2.0821266,4
MGYG000000381,Gut,713,-2.719774,13.3043165,3,-2.5365026,-14.653128,0
MGYG000000382,Gut,1207,-3.969066,12.580025,2,-8.786746,-10.265523,0
MGYG000000383,Gut,1560,-2.7908711,6.5896287,5,2.1655982,-6.0409303,8
MGYG000000384,Gut,1093,-3.900878,12.491457,2,-8.734378,-10.2062025,0
MGYG000000385,Gut,1303,-2.7118433,8.407274,5,-12.311588,1.7315441,-1
MGYG000000386,Gut,1694,-3.572231,6.076581,5,2.5958896,-5.9452047,8
MGYG000000387,Gut,1963,-4.087188,7.747257,5,11.554851,-5.5978866,7
MGYG000000388,Gut,1842,-2.0250382,2.1063027,5,2.3452072,-5.0066166,8
MGYG000000389,Gut,2379,-5.9902043,1.9550306,5,11.121629,-5.354904,7
MGYG000000390,Gut,1852,-2.1093252,2.1279397,5,2.3563576,-4.9280443,8
MGYG000000391,Gut,1158,-2.2533565,5.5853453,5,3.1463578,-7.4810095,8
MGYG000000392,Gut,1680,-3.2368917,6.7943053,5,1.7301295,-4.7090015,8
MGYG000000393,Gut,1542,3.9345937,4.509507,4,1.3415701,14.103712,3
MGYG000000394,Gut,1410,-1.4634445,5.521495,5,-2.6067512,5.903522,5
MGYG000000395,Gut,1779,-3.344941,6.9048653,5,1.4077865,-3.4197557,8
MGYG000000396,Gut,1640,14.299166,4.349165,0,11.330299,15.907716,1
MGYG000000397,Gut,998,14.635212,8.0940895,0,11.687394,16.055855,1
MGYG000000398,Gut,2376,-5.306669,1.8882174,5,11.536955,-5.703548,7
MGYG000000399,Gut,827,-2.341599,4.7932267,5,2.9219034,-7.8556204,8
MGYG000000400,Gut,2098,4.2548547,5.3359556,4,-0.6979121,14.464059,3
MGYG000000401,Gut,494,-2.0589385,8.435605,5,-5.5035653,-9.206659,0
MGYG000000402,Gut,1261,-3.3672385,7.1851788,5,1.6654758,-4.7543135,8
MGYG000000403,Gut,1449,-3.1077518,6.1462226,5,1.5176421,-5.8357534,8
MGYG000000404,Gut,1993,-6.030397,1.9533662,5,11.344397,-5.5169587,7
MGYG000000405,Gut,1772,-3.6234818,5.3043823,5,2.4901326,-5.9596004,8
MGYG000000406,Gut,1375,-2.4551291,5.411391,5,2.964241,-7.768016,8
MGYG000000407,Gut,683,-2.1659482,8.57184,5,-5.5345335,-9.235321,0
MGYG000000408,Gut,1263,-2.1879468,12.714933,3,-12.269632,1.7512748,-1
MGYG000000409,Gut,1951,-2.1860127,4.464432,5,2.816978,-7.95673,8
MGYG000000410,Gut,1294,-2.4242766,8.608697,5,-12.305667,1.7109414,-1
MGYG000000411,Gut,1115,-3.6004438,2.2250037,5,-7.179412,-1.7864902,5
MGYG000000412,Gut,1824,-0.10908463,8.93614,-1,-8.971875,8.329118,6
MGYG000000413,Gut,2441,-2.8586287,2.8142853,5,6.8326263,-3.2058177,8
MGYG000000414,Gut,2016,4.2028365,5.5111904,4,1.2768962,13.3125925,3
MGYG000000415,Gut,2022,1.6505688,5.2605615,4,-0.8830481,14.723627,3
MGYG000000416,Gut,1447,-1.9629921,3.087478,5,2.5202696,-6.0888014,8
MGYG000000417,Gut,2431,-4.815229,1.5380996,5,10.909341,-5.2461348,7
MGYG000000418,Gut,1638,2.015959,5.168181,4,1.0178633,13.566568,3
MGYG000000419,Gut,883,-2.7628167,13.3028,3,-2.6121647,-14.799897,0
MGYG000000420,Gut,1884,-3.407189,6.467838,5,6.0168843,-3.3350513,8
MGYG000000421,Gut,1261,-3.9506156,12.594516,2,-8.905937,-10.205098,0
MGYG000000422,Gut,1223,-2.396463,8.487481,5,-12.2863035,1.7341881,-1
MGYG000000423,Gut,1185,-4.097674,12.688714,2,-8.828643,-10.223837,0
MGYG000000424,Gut,2367,-3.732524,6.971642,5,0.6625726,-4.8765345,8
MGYG000000425,Gut,1452,-2.8715875,6.980522,5,3.8172107,-3.9597695,8
MGYG000000426,Gut,831,-2.7291043,13.336418,3,-2.7352476,-14.9595585,0
MGYG000000427,Gut,1563,-2.237125,12.754163,3,4.7589345,4.400626,-1
MGYG000000428,Gut,1279,-2.2936366,5.4730954,5,3.0081823,-7.694589,8
MGYG000000429,Gut,1338,-2.252277,5.04314,5,2.9526315,-7.7815676,8
MGYG000000430,Gut,883,-2.9476936,13.532447,3,-2.5836852,-14.642975,0
MGYG000000431,Gut,1273,-1.7720056,12.5759945,3,4.678149,4.4818907,-1
MGYG000000432,Gut,1239,-3.6973062,12.266029,2,-8.864058,-10.2114105,0
MGYG000000433,Gut,1439,-1.8298962,12.543324,3,4.5126905,4.642384,-1
MGYG000000434,Gut,816,-2.934522,13.485706,3,-2.6901457,-14.669903,0
MGYG000000435,Gut,1369,-1.6920685,12.487418,3,4.7137966,4.444597,-1
MGYG000000436,Gut,1416,-3.023893,7.4984775,5,-12.283357,1.7147328,-1
MGYG000000437,Gut,2364,4.022115,3.239457,4,1.3436762,13.152592,3
MGYG000000438,Gut,1391,-2.9386296,7.6933565,5,-12.255307,1.7463168,-1
MGYG000000440,Gut,1797,-2.0404336,3.275246,5,2.432625,-5.913349,8
MGYG000000441,Gut,1653,-1.8440146,4.722353,5,-16.886816,10.520213,-1
MGYG000000442,Gut,2372,2.8657982,4.8504863,4,-2.358868,16.412893,2
MGYG000000443,Gut,1420,-2.7542129,7.168969,5,1.2761382,-3.3162663,8
MGYG000000444,Gut,1868,-2.0665033,4.4046626,5,2.8641648,-7.9158077,8
MGYG000000445,Gut,1015,-1.8055011,5.945941,5,-2.7030284,5.8346605,5
MGYG000000446,Gut,1115,-2.5916572,13.197661,3,-2.6791842,-15.161541,0
MGYG000000447,Gut,1346,-2.8331666,7.7977366,5,-12.279962,1.7531724,-1
MGYG000000448,Gut,1707,4.0644975,5.4185934,4,-0.5622522,14.550252,3
MGYG000000449,Gut,1197,-3.7532797,12.412278,2,-8.857921,-10.191492,0
MGYG000000450,Gut,2239,-2.2493224,0.4150921,5,2.5875196,-5.082766,8
MGYG000000451,Gut,1499,3.9587326,3.3161795,4,1.0462015,13.570673,3
MGYG000000452,Gut,1991,4.3493686,5.337676,4,-0.8309684,14.631835,3
MGYG000000453,Gut,1447,-2.9150286,6.4753566,5,1.3693718,-3.3989036,8
MGYG000000454,Gut,783,-3.6335752,5.3243437,5,2.5724258,-6.12018,8
MGYG000000455,Gut,1496,-2.4330046,4.0773463,5,2.5232298,-5.6213174,8
MGYG000000456,Gut,1566,-2.1652706,2.5308592,5,2.2632048,-5.7370286,8
MGYG000000457,Gut,1681,-2.674449,5.8976965,5,2.1762178,-5.9431777,8
MGYG000000458,Gut,1130,-2.3168564,5.008343,5,3.4148698,-7.314123,8
MGYG000000459,Gut,722,-1.9692986,8.323097,5,-5.527164,-9.226965,0
MGYG000000460,Gut,1049,-1.1946621,6.542756,5,3.4529343,-7.30424,8
MGYG000000461,Gut,569,-2.0155807,8.336484,5,-5.528071,-9.238875,0
MGYG000000462,Gut,1460,4.0024457,5.476196,4,1.181551,13.465168,3
MGYG000000463,Gut,1408,-3.1730473,5.5941787,5,2.60907,-6.081901,8
MGYG000000464,Gut,1141,-2.4421518,8.693969,5,-12.326587,1.6941332,-1
MGYG000000465,Gut,751,-2.6667597,13.295957,3,-2.4470363,-14.681037,0
MGYG000000466,Gut,1475,-2.9246511,5.272087,5,3.7269526,-4.038691,8
MGYG000000467,Gut,1656,-1.2870518,5.4109178,5,-16.742712,10.359169,-1
MGYG000000468,Gut,2152,-2.0282993,3.2305145,5,2.4111564,-5.5619416,8
MGYG000000469,Gut,974,-1.9895589,13.284571,3,-2.6290991,-14.867615,0
MGYG000000470,Gut,2016,-4.152526,11.992096,2,4.8834386,1.544052,-1
MGYG000000471,Gut,1058,3.3010862,4.8641033,4,4.8011456,4.3604803,-1
MGYG000000472,Gut,716,-2.048924,8.411994,5,-5.562042,-9.24265,0
MGYG000000473,Gut,1329,-2.2492368,5.589379,5,2.9217496,-7.8012657,8
MGYG000000474,Gut,1675,-1.9807494,0.8654295,5,4.8237906,-3.2009974,8
MGYG000000475,Gut,1352,1.0779917,6.7511907,4,-8.338487,7.8335176,6
MGYG000000476,Gut,2000,-1.9316436,5.093835,5,2.001798,-5.679285,8
MGYG000000477,Gut,1300,-3.5672357,11.5556135,2,-8.779779,-10.327283,0
MGYG000000478,Gut,1174,-1.0231493,11.44922,3,4.7891097,4.3730454,-1
MGYG000000479,Gut,1926,-3.016543,7.850205,5,4.81932,1.5018638,-1
MGYG000000480,Gut,1397,-1.7810278,4.753275,5,-16.874401,10.5070715,-1
MGYG000000481,Gut,1798,-3.1447718,5.841104,5,1.9877673,-5.773647,8
MGYG000000482,Gut,902,-4.0869117,12.69858,2,-8.459054,-10.181697,0
MGYG000000483,Gut,1317,-2.2231677,5.6089907,5,2.9656456,-7.760833,8
MGYG000000484,Gut,2116,-4.1174064,7.4266114,5,11.517874,-5.5498686,7
MGYG000000485,Gut,1328,-2.4732995,8.411479,5,-12.294325,1.718318,-1
MGYG000000486,Gut,1986,-2.1384118,6.545539,5,-6.746683,-2.353077,5
MGYG000000487,Gut,2267,-3.6415856,4.8692,5,0.6533054,-4.918798,8
MGYG000000488,Gut,1459,-2.0070577,13.143296,3,4.5444503,4.611297,-1
MGYG000000489,Gut,2384,-4.14303,7.5151224,5,11.231292,-5.4253993,7
MGYG000000490,Gut,1656,-2.022105,3.1194801,5,2.3720996,-5.877903,8
MGYG000000491,Gut,1356,-2.4267185,8.628996,5,-12.318589,1.7475224,-1
MGYG000000492,Gut,1007,-1.7812665,5.9276824,5,-2.7117817,5.8253465,5
MGYG000000493,Gut,1169,-2.4156244,8.924059,5,-12.327492,1.699247,-1
MGYG000000494,Gut,1170,-3.731986,12.226767,2,-8.934287,-10.226263,0
MGYG000000495,Gut,1848,-3.2600183,5.5874624,5,1.71015,-5.866006,8
MGYG000000496,Gut,964,-2.9640958,13.536903,3,-2.5995107,-14.658404,0
MGYG000000497,Gut,768,-1.8117747,4.7413306,5,-16.895529,10.52939,-1
MGYG000000498,Gut,1023,-2.5995095,13.276474,3,-2.6725695,-15.143927,0
MGYG000000499,Gut,1766,-2.2431471,5.652871,5,2.9053657,-7.8824863,8
MGYG000000500,Gut,2014,-2.0678167,0.5641941,5,3.6832018,-2.9395678,8
MGYG000000501,Gut,2267,-5.850182,2.2264457,5,11.631142,-5.778663,7
MGYG000000502,Gut,1949,-2.6445346,6.021458,5,4.8706408,1.5471072,-1
MGYG000000503,Gut,1264,-2.4333756,8.897681,5,-12.312649,1.6752204,-1
MGYG000000504,Gut,1719,-1.807957,4.7659082,5,-16.914587,10.548806,-1
MGYG000000505,Gut,807,-2.3760476,9.298562,5,-5.977985,-9.470422,0
MGYG000000506,Gut,1031,-1.7954757,5.8734565,5,-2.6974683,5.842115,5
MGYG000000507,Gut,1503,-1.506508,5.111065,5,-2.396296,5.909977,5
MGYG000000508,Gut,1574,-3.4876096,5.620625,5,2.6732533,-6.099154,8
MGYG000000509,Gut,1011,-2.3793101,4.4101224,5,-12.041385,1.9503326,-1
MGYG000000510,Gut,1964,-3.5598023,5.883722,5,0.66172624,-4.8781824,8
MGYG000000511,Gut,1286,-2.4620175,8.480301,5,-12.301348,1.6857659,-1
MGYG000000512,Gut,1294,-1.1086383,1.1661109,5,5.5200567,-5.269831,8
MGYG000000513,Gut,1632,-0.56598955,8.403767,-1,-6.1097207,10.185869,6
MGYG000000514,Gut,2591,-5.8805447,2.233539,5,11.558335,-5.731445,7
MGYG000000515,Gut,2389,-5.5453196,1.93782,5,11.103888,-5.3225794,7
MGYG000000516,Gut,1374,-1.4382924,3.293791,5,2.4887152,-6.0465655,8
MGYG000000517,Gut,2142,-3.742183,6.0907235,5,0.66501325,-4.886118,8
MGYG000000518,Gut,1414,-2.8574703,5.9842467,5,2.1233022,-6.04927,8
MGYG000000519,Gut,1112,-2.395091,4.9052634,5,-12.08744,1.9055384,-1
MGYG000000520,Gut,1372,-2.100189,2.92217,5,2.5327976,-6.2799582,8
MGYG000000521,Gut,1065,-3.8129542,12.295941,2,-8.541145,-10.307722,0
MGYG000000522,Gut,1536,-2.569721,9.143501,5,5.394179,7.473554,-1
MGYG000000523,Gut,1328,-2.520601,8.398091,5,-12.224833,1.6479238,-1
MGYG000000524,Gut,1326,-2.2641346,5.5344925,5,3.0362115,-7.7120624,8
MGYG000000525,Gut,1575,5.787666,3.5089536,1,-8.072912,8.033231,6
MGYG000000526,Gut,2624,3.8742533,6.3759317,4,-1.2773052,17.308691,2
MGYG000000527,Gut,682,-2.0001483,8.359004,5,-5.5357037,-9.246683,0
MGYG000000528,Gut,1023,-2.1056175,6.0038867,5,-2.6919434,5.8535724,5
MGYG000000529,Gut,1287,-2.5484962,8.726458,5,-12.322077,1.677326,-1
MGYG000000530,Gut,1455,-3.0850549,4.2083583,5,3.880315,-4.252274,8
MGYG000000531,Gut,1718,14.384319,4.305945,0,11.124007,14.9259205,1
MGYG000000532,Gut,2386,-4.7167234,1.5589912,5,10.961666,-5.2484074,7
MGYG000000533,Gut,1870,-2.1332397,6.555819,5,-6.758935,-2.3511107,5
MGYG000000534,Gut,2157,3.8299158,6.4743977,4,-0.95384,17.209549,2
MGYG000000535,Gut,1875,6.94715,2.71762,1,12.417031,12.937602,1
MGYG000000536,Gut,2054,-4.770473,11.420847,2,11.82685,2.5275984,4
MGYG000000537,Gut,2018,-2.4399405,1.7110131,5,2.5330362,-5.0130463,8
MGYG000000538,Gut,2426,-0.5148072,3.978188,5,-16.590885,10.188052,-1
MGYG000000539,Gut,1824,-4.1867285,3.03435,5,9.251496,-4.7568583,7
MGYG000000540,Gut,1003,-1.9553529,13.078686,3,-2.650538,-14.802142,0
MGYG000000541,Gut,1418,-0.040092442,8.128649,-1,-12.339632,1.6738884,-1
MGYG000000542,Gut,1232,-2.3950646,8.966,5,-12.304566,1.6746933,-1
MGYG000000543,Gut,2624,-6.036718,2.1381302,5,11.229327,-5.397601,7
MGYG000000544,Gut,1268,-2.4032876,8.381336,5,-12.279376,1.7549354,-1
MGYG000000545,Gut,1655,-6.127211,1.8709601,5,9.573675,-6.324314,7
MGYG000000546,Gut,2545,-6.0663238,1.9730772,5,11.08843,-5.272822,7
MGYG000000547,Gut,1351,-1.5512797,11.383129,3,16.275719,1.9225079,4
MGYG000000548,Gut,1775,6.1340547,3.079601,1,-7.968781,8.01631,6
MGYG000000549,Gut,1262,-2.4184146,8.552619,5,-12.272492,1.6914991,-1
MGYG000000550,Gut,2316,-2.178186,0.022565335,5,5.3062983,-3.430764,8
MGYG000000551,Gut,1808,-0.24921975,2.2786896,5,-3.5471437,0.7565929,5
MGYG000000552,Gut,1105,1.3095014,7.2151775,4,-8.4101095,7.786193,6
MGYG000000553,Gut,2199,3.2695105,6.8150835,4,-1.0937344,17.40111,2
MGYG000000554,Gut,1532,-0.5443549,8.404219,-1,-6.012989,10.280269,6
MGYG000000555,Gut,2194,-3.8933814,11.316638,2,10.5705805,-3.6323714,8
MGYG000000556,Gut,1563,14.706294,6.6517105,0,11.904198,15.564951,1
MGYG000000557,Gut,1783,1.9094232,7.247155,4,-8.000102,8.013205,6
MGYG000000558,Gut,2067,1.3039306,3.7680466,4,-6.453845,-1.6069573,5
MGYG000000559,Gut,2484,2.0703793,4.5131536,4,-1.9276667,16.568466,2
MGYG000000560,Gut,1665,1.7375512,7.260891,4,-8.009373,7.9783936,6
MGYG000000561,Gut,2196,-3.6174536,4.7112713,5,0.63558894,-4.9109397,8
MGYG000000562,Gut,2624,-5.572969,2.1383069,5,11.5897,-5.3647585,7
MGYG000000563,Gut,1631,14.50315,5.205401,0,11.632794,15.508994,1
MGYG000000564,Gut,1617,1.1487752,6.7162156,4,-8.065422,8.026109,6
MGYG000000565,Gut,1758,14.496098,5.4249973,0,11.68363,14.472445,1
MGYG000000566,Gut,1262,-0.21340832,2.3072622,5,-3.5501695,0.7534979,5
MGYG000000567,Gut,1626,1.2487327,7.1830444,4,-8.38382,7.7932205,6
MGYG000000568,Gut,2172,2.363871,5.045176,4,-0.8005219,14.658193,3
MGYG000000570,Gut,721,14.57724,8.044476,0,12.02212,15.780059,1
MGYG000000571,Gut,1499,6.2776694,1.7026953,1,-6.4442067,2.810254,5
MGYG000000572,Gut,1247,-2.4303734,8.505371,5,-12.281514,1.7339597,-1
MGYG000000573,Gut,1708,-1.145498,1.4055983,5,5.224984,-5.0485787,8
MGYG000000574,Gut,3815,-3.9166315,2.074739,5,9.025713,-5.7901397,7
MGYG000000575,Gut,3334,-0.5415287,3.983224,5,-16.535387,10.1281805,-1
MGYG000000576,Gut,1765,1.1629492,10.846987,3,13.468489,4.138432,4
MGYG000000577,Gut,1108,6.323535,3.5861604,1,13.323745,-14.031411,-1
MGYG000000578,Gut,922,-4.073104,6.9720216,5,9.069071,-4.500604,7
MGYG000000579,Gut,1789,13.995063,3.291288,0,11.157413,14.539118,1
MGYG000000580,Gut,1734,1.2267932,10.805802,3,13.5044775,4.118944,4
MGYG000000581,Gut,1073,-1.6551447,5.8040705,5,-2.671559,5.8378844,5
MGYG000000582,Gut,1868,1.0654211,10.886989,3,13.416213,4.3712907,4
MGYG000000583,Gut,2443,-5.103209,1.7818617,5,10.920765,-5.185865,7
MGYG000000584,Gut,2108,3.925349,4.4945254,4,1.3577343,14.126411,3
MGYG000000585,Gut,2457,6.9101896,2.9468718,1,12.94845,-14.426286,-1
MGYG000000586,Gut,1599,-5.199517,1.9181527,5,11.508951,-5.807291,7
MGYG000000587,Gut,1365,-3.037866,3.8532634,5,1.5410179,-5.8570824,8
MGYG000000588,Gut,1239,-1.7267522,12.578177,3,4.5331717,4.623131,-1
MGYG000000589,Gut,1827,-1.1185185,1.0896325,5,5.5047917,-5.263097,8
MGYG000000590,Gut,586,-1.2282127,7.0707574,5,-2.8185246,5.722695,5
MGYG000000591,Gut,2073,-2.135448,6.5448008,5,-6.731866,-2.3350732,5
MGYG000000592,Gut,2033,3.9246054,4.5195775,4,1.3650888,14.133104,3
MGYG000000593,Gut,1536,14.60093,7.4277616,0,11.548452,15.688818,1
MGYG000000594,Gut,1710,14.277078,4.662735,0,11.037792,14.830158,1
MGYG000000595,Gut,1731,6.382773,3.1483526,1,13.160477,-14.20307,-1
MGYG000000596,Gut,1500,4.028484,4.2549667,4,-16.758244,10.38004,-1
MGYG000000597,Gut,1708,6.2885394,3.486732,1,13.108665,-14.256866,-1
MGYG000000598,Gut,1710,13.958359,3.6518996,0,11.06342,15.015542,1
MGYG000000599,Gut,1631,14.71894,6.406918,0,11.039595,15.272189,1
MGYG000000600,Gut,2149,-4.311907,2.7138968,5,10.564626,-5.2992425,7
MGYG000000601,Gut,1167,4.0332556,4.413606,4,7.815214,-3.0090613,8
MGYG000000602,Gut,1558,6.2604885,3.917977,1,13.356753,-13.996304,-1
MGYG000000603,Gut,1426,6.304853,3.6398726,1,13.321362,-14.034299,-1
MGYG000000604,Gut,2554,-0.5095216,3.9541328,5,-16.568027,10.163997,-1
MGYG000000605,Gut,1787,-5.077111,2.3959339,5,0.93356556,-4.6988893,8
MGYG000000606,Gut,2331,3.938597,4.516157,4,1.3418064,14.096183,3
MGYG000000607,Gut,809,-2.5696645,8.396912,5,-5.935504,-9.444639,0
MGYG000000608,Gut,1752,-0.27635545,4.866307,5,-16.68655,10.296661,-1
MGYG000000609,Gut,1171,-3.5325027,11.534365,2,-8.623407,-10.297389,0
MGYG000000610,Gut,1035,-2.1733627,6.0037265,5,-2.6942437,5.840617,5
MGYG000000611,Gut,1770,6.2652144,3.5374548,1,13.101744,-14.263959,-1
MGYG000000612,Gut,1672,1.2913254,3.7442403,4,-6.5235763,-1.5223547,5
MGYG000000613,Gut,2384,6.893345,2.9755428,1,12.923512,-14.452422,-1
MGYG000000614,Gut,1492,6.9576516,2.8231633,1,12.482582,12.878074,1
MGYG000000615,Gut,1385,-3.120454,5.2964244,5,2.6333952,-6.1315775,8
MGYG000000616,Gut,1435,6.265853,4.0125194,1,13.364406,-13.987217,-1
MGYG000000617,Gut,1003,-1.8375237,5.8882866,5,-2.685741,5.853648,5
MGYG000000618,Gut,1169,-2.394288,8.517833,5,-12.299906,1.6414037,-1
MGYG000000619,Gut,1728,3.999088,5.6874714,4,-0.29232007,14.560932,3
MGYG000000620,Gut,1784,6.985703,2.783516,1,12.44505,12.918708,1
MGYG000000621,Gut,2506,-5.172185,1.7963753,5,10.923549,-5.1982007,7
MGYG000000622,Gut,1587,-1.7382456,12.888375,3,16.100832,2.0818918,4
MGYG000000623,Gut,2532,-5.219776,1.5240524,5,9.647362,-5.7324357,7
MGYG000000624,Gut,1895,1.1727722,7.0771914,4,-7.9651833,8.014646,6
MGYG000000625,Gut,1876,-5.8709693,2.266422,5,11.592239,-5.7560544,7
MGYG000000626,Gut,2086,-5.317685,2.214356,5,11.302502,-5.5340652,7
MGYG000000627,Gut,1895,-5.311399,1.9334372,5,11.61106,-5.7229333,7
MGYG000000628,Gut,1110,-1.2115029,6.5850997,5,3.4518464,-7.262033,8
MGYG000000630,Gut,1649,-3.4042318,1.354846,5,-7.1449494,-1.8027043,5
MGYG000000631,Gut,2000,3.7434056,6.441385,4,-0.843519,17.042313,2
MGYG000000632,Gut,1818,5.7881927,3.326663,1,-7.950056,7.991799,6
MGYG000000633,Gut,2070,-0.44662243,3.9278824,5,-16.58682,10.185687,-1
MGYG000000634,Gut,1572,-1.9708632,8.156424,5,-6.1711965,10.15106,6
MGYG000000635,Gut,1580,6.4695725,3.4222066,1,13.246104,-14.114156,-1
MGYG000000636,Gut,2049,-1.0809116,1.2936848,5,5.260931,-4.991865,8
MGYG000000637,Gut,931,-1.545878,5.702443,5,-2.6557243,5.8779488,5
MGYG000000638,Gut,2051,-4.23877,7.7093496,5,11.579592,-5.445713,7
MGYG000000639,Gut,1763,-2.9545777,7.8515835,5,4.8065352,1.5194049,-1
MGYG000000640,Gut,1417,-2.277705,5.472147,5,2.8947728,-7.8590674,8
MGYG000000641,Gut,1725,14.288129,4.0305014,0,10.976051,14.857089,1
MGYG000000642,Gut,1235,2.2013378,7.167718,4,-6.4850435,2.8364136,5
MGYG000000643,Gut,1674,6.2859,3.5204349,1,13.098764,-14.266814,-1
MGYG000000644,Gut,2541,3.2142012,6.8181868,4,-1.0954217,17.423203,2
MGYG000000645,Gut,1645,14.420299,5.108938,0,11.354087,15.709287,1
MGYG000000646,Gut,1715,-2.9871385,6.968115,5,1.3610647,-3.3813086,8
MGYG000000647,Gut,1751,-3.6146078,5.2887917,5,2.4127038,-5.945815,8
MGYG000000648,Gut,1627,14.128731,3.4844167,0,11.443883,15.91563,1
MGYG000000649,Gut,1730,13.894309,3.5945497,0,10.983014,14.860586,1
MGYG000000650,Gut,2510,-4.1027145,1.4006429,5,9.119663,-4.948245,7
MGYG000000651,Gut,1914,-1.2500724,3.2173114,5,3.9173026,-3.1200597,8
MGYG000000652,Gut,2613,2.6702063,4.8026624,4,-2.4773402,16.315153,2
MGYG000000653,Gut,2019,1.633352,5.2587543,4,-0.90768164,14.78364,3
MGYG000000654,Gut,1268,4.4583464,4.2727137,4,5.4212923,7.4444947,-1
MGYG000000655,Gut,2127,-1.2458206,11.495316,3,16.13071,2.0602176,4
MGYG000000656,Gut,1220,-3.7502365,12.301657,2,-8.941748,-10.217033,0
MGYG000000657,Gut,3892,6.0651393,1.5694101,1,-9.655294,10.302868,6
MGYG000000658,Gut,1303,3.4672143,4.963345,4,-0.6971591,16.45468,2
MGYG000000659,Gut,1371,-2.2371302,5.571656,5,2.9409091,-7.811802,8
MGYG000000660,Gut,1577,14.690163,6.076924,0,11.594697,15.655343,1
MGYG000000661,Gut,998,-1.8903282,12.696039,3,-2.6670713,-14.73965,0
MGYG000000662,Gut,1249,-1.4578865,11.806608,3,16.10779,2.0758445,4
MGYG000000663,Gut,1531,-2.6784775,5.6312895,5,3.7086997,-4.0262156,8
MGYG000000664,Gut,1256,-1.1771015,11.781229,3,4.7736077,4.388334,-1
MGYG000000665,Gut,780,-3.8206265,12.381498,2,-8.4649725,-10.188907,0
MGYG000000666,Gut,2959,-0.47822574,3.9568381,5,-16.53366,10.126959,-1
MGYG000000667,Gut,1896,4.3288064,5.2666745,4,-0.60279995,14.506336,3
MGYG000000668,Gut,2158,-2.1049907,3.5779939,5,7.585383,-3.2026598,8
MGYG000000669,Gut,1793,-3.5064986,6.00842,5,1.595283,-3.5531297,8
MGYG000000670,Gut,2631,-1.8138076,12.174505,3,16.30289,1.8978962,4
MGYG000000671,Gut,1850,-3.4312441,1.3521478,5,-7.1249313,-1.8412064,5
MGYG000000672,Gut,2005,3.9947362,4.4372954,4,1.3332614,14.116746,3
MGYG000000673,Gut,1631,4.274727,5.2773824,4,-0.34474447,14.601832,3
MGYG000000674,Gut,1962,-3.1248615,6.2019353,5,1.5775619,-5.8972306,8
MGYG000000675,Gut,4133,1.9720402,4.8013783,4,-3.0445502,15.643695,2
MGYG000000676,Gut,1559,-2.0746133,4.2909594,5,2.9219,-7.8300805,8
MGYG000000677,Gut,1705,3.1228333,6.85936,4,3.9925447,-4.7372613,8
MGYG000000678,Gut,1848,4.2601743,5.14001,4,-0.21699184,14.541295,3
MGYG000000679,Gut,715,-1.9428109,8.351268,5,-5.54128,-9.221708,0
MGYG000000680,Gut,1852,-4.746839,1.8554895,5,9.153337,-4.988448,7
MGYG000000681,Gut,1327,1.0870745,10.706762,3,13.422913,4.0888767,4
MGYG000000682,Gut,1740,3.410745,6.5772386,4,-0.9850737,16.721186,2
MGYG000000683,Gut,1660,-1.4991196,5.226794,5,-2.3599727,5.9138627,5
MGYG000000684,Gut,1750,14.352972,4.816945,0,10.928371,14.756017,1
MGYG000000685,Gut,2354,-5.897742,2.2253802,5,11.562463,-5.733042,7
MGYG000000686,Gut,1254,0.8117014,6.3159227,4,4.762259,4.3997483,-1
MGYG000000687,Gut,2026,-6.1323175,2.265081,5,9.952197,-6.310426,7
MGYG000000688,Gut,1076,14.62375,8.0638,0,11.532041,15.707773,1
MGYG000000689,Gut,1587,-1.827835,1.1295422,5,4.138286,-3.4453406,8
MGYG000000690,Gut,2341,-5.8470216,2.281341,5,11.572962,-5.721926,7
MGYG000000691,Gut,1593,-1.3499235,3.2337062,5,3.8496253,-3.2091641,8
MGYG000000692,Gut,1919,2.6056747,6.695025,4,-0.77350134,16.521822,2
MGYG000000693,Gut,1643,14.303566,4.2687435,0,11.339335,15.833634,1
MGYG000000694,Gut,1633,14.300525,4.8469033,0,11.367786,15.779441,1
MGYG000000695,Gut,2533,3.2625937,6.8200154,4,-1.0885729,17.40145,2
MGYG000000696,Gut,2436,2.2177,4.994041,4,-2.6590903,16.38382,2
MGYG000000698,Gut,1138,-2.2575185,5.53591,5,3.395825,-7.2344217,8
MGYG000000699,Gut,1412,-5.5563726,1.5520477,5,16.088049,2.096215,4
MGYG000000700,Gut,1777,3.4777708,6.5893407,4,-0.86119306,16.566706,2
MGYG000000701,Gut,2150,3.3451326,6.44029,4,-0.9548679,17.16634,2
MGYG000000702,Gut,1584,14.693258,7.186173,0,11.503743,16.06222,1
MGYG000000703,Gut,2194,-1.6749772,1.3433192,5,4.458894,-3.1356153,8
MGYG000000704,Gut,1538,-2.2503684,5.9942465,5,2.1900365,-5.9505997,8
MGYG000000705,Gut,1142,-1.2088791,6.556812,5,3.4306688,-7.3079057,8
MGYG000000706,Gut,1985,-3.3219197,6.179661,5,1.5441144,-5.8243666,8
MGYG000000707,Gut,2258,3.9191635,6.573698,4,-0.9506812,17.22799,2
MGYG000000708,Gut,1197,0.776984,6.7842693,4,-8.968457,8.317908,6
MGYG000000709,Gut,1172,-1.3618724,3.4029465,5,4.4945664,-2.315614,8
MGYG000000710,Gut,1784,-1.4400878,3.3030393,5,3.810422,-3.183163,8
MGYG000000711,Gut,1561,-3.1186848,4.0220013,5,7.615815,-3.1845915,8
MGYG000000712,Gut,1858,-4.2815027,10.869581,2,11.835888,2.536598,4
MGYG000000713,Gut,1563,-1.683994,1.3009269,5,4.456091,-3.171047,8
MGYG000000714,Gut,1039,-2.02937,13.225785,3,-2.636679,-15.203707,0
MGYG000000715,Gut,1863,-1.4134609,3.1006315,5,3.8506331,-3.194947,8
MGYG000000716,Gut,1609,14.439122,4.342153,0,11.512391,15.895545,1
MGYG000000717,Gut,1600,5.7785034,3.4757829,1,-8.069306,8.0038805,6
MGYG000000718,Gut,1718,-3.579491,5.306727,5,3.912514,-4.2163634,8
MGYG000000719,Gut,1421,-3.5268528,5.499046,5,2.550629,-6.1587696,8
MGYG000000720,Gut,2614,-0.45824495,3.97293,5,-16.544277,10.139763,-1
MGYG000000721,Gut,2048,-5.92151,2.0301,5,11.571543,-5.7117896,7
MGYG000000722,Gut,1989,3.9540992,4.5980525,4,1.3763152,14.136316,3
MGYG000000723,Gut,1889,-3.6839879,5.3452053,5,1.6410503,-3.6129482,8
MGYG000000724,Gut,1589,-1.2878438,2.2200089,5,5.175946,-5.041809,8
MGYG000000725,Gut,1610,3.776341,4.585876,4,-7.131775,-1.7835468,5
MGYG000000726,Gut,1555,-3.1849997,6.381867,5,1.5148954,-3.5247827,8
MGYG000000727,Gut,2054,-1.3470302,3.0576158,5,3.4329622,-4.989247,8
MGYG000000728,Gut,1684,-4.0535083,1.397692,5,2.5205846,-5.577198,8
MGYG000000729,Gut,1611,-3.8051813,5.2293878,5,4.494326,-2.3376098,8
MGYG000000730,Gut,1772,-2.8724189,5.2085347,5,3.9417245,-4.2084885,8
MGYG000000731,Gut,1456,14.677137,7.4952984,0,11.617904,16.17494,1
MGYG000000732,Gut,1308,-3.630138,11.69026,2,-8.843926,-10.215616,0
MGYG000000733,Gut,1329,-2.2133622,4.3252997,5,2.9829586,-7.822989,8
MGYG000000734,Gut,1425,-2.261971,5.493187,5,2.8644,-7.9038944,8
MGYG000000735,Gut,1963,-1.3755393,3.4528697,5,4.54225,-2.3284853,8
MGYG000000736,Gut,1544,-1.3835638,3.2557795,5,3.868006,-3.1989653,8
MGYG000000737,Gut,1347,14.710901,7.8220844,0,11.4606285,16.093744,1
MGYG000000738,Gut,676,-3.6836796,12.008893,2,-8.569488,-10.216314,0
MGYG000000739,Gut,1778,6.2045646,2.957985,1,5.0144424,-3.1791053,8
MGYG000000740,Gut,1636,-1.82594,4.5205617,5,-16.88136,10.514337,-1
MGYG000000741,Gut,2044,-1.396993,3.3018343,5,3.8820372,-3.0756202,8
MGYG000000742,Gut,1755,-3.324994,1.327128,5,-7.1345525,-1.7860607,5
MGYG000000743,Gut,2185,-1.868296,1.4127072,5,3.6978178,-2.928417,8
MGYG000000744,Gut,1537,14.641142,5.919907,0,11.477969,15.88768,1
MGYG000000745,Gut,2059,-1.4041814,2.918182,5,3.486743,-4.9443173,8
MGYG000000746,Gut,1812,-3.8117633,5.072042,5,4.6070743,-2.232953,8
MGYG000000747,Gut,1891,-1.6297007,1.6167274,5,3.47282,-4.954548,8
MGYG000000748,Gut,1361,-2.2695203,5.473807,5,2.9433026,-7.778583,8
MGYG000000749,Gut,867,-2.3605864,5.720634,5,3.3918748,-7.2396955,8
MGYG000000750,Gut,1410,-3.4380825,5.577317,5,2.675056,-6.1272736,8
MGYG000000751,Gut,713,-2.2999136,8.646372,5,-5.5238643,-9.226126,0
MGYG000000752,Gut,2148,-2.684004,5.911809,5,2.1586885,-5.737545,8
MGYG000000753,Gut,1642,-1.494182,3.124613,5,4.64522,-3.2925067,8
MGYG000000754,Gut,1345,1.1909025,11.179774,3,13.349837,3.8899846,4
MGYG000000755,Gut,1562,-0.55003726,8.414132,-1,-6.0814495,10.212357,6
MGYG000000756,Gut,1530,5.754794,2.3879583,1,-7.680966,2.9958515,5
MGYG000000757,Gut,870,-1.5555934,4.7395425,5,-7.1324496,-1.6532433,5
MGYG000000758,Gut,1064,-3.7695878,10.637765,2,8.458838,-2.3320146,8
MGYG000000759,Gut,1690,6.4215646,1.4642205,1,-5.810926,3.0619483,5
MGYG000000760,Gut,2104,2.8585851,6.3301687,4,-0.75033337,17.047321,2
MGYG000000761.1,Gut,1338,-3.6902797,10.72779,2,8.735739,-2.0167935,8
MGYG000000762,Gut,1243,6.4285383,1.5894133,1,-5.840825,3.0546033,5
MGYG000000763,Gut,992,3.7885659,7.4438896,4,0.6789974,14.94235,3
MGYG000000764,Gut,1438,3.8096297,7.4173183,4,0.6530751,14.971434,3
MGYG000000765,Gut,1457,3.8171468,7.396138,4,0.67229956,14.956825,3
MGYG000000766,Gut,1381,-3.1899488,8.964039,5,8.499254,-2.286582,8
MGYG000000767,Gut,1873,6.3295813,3.5133572,1,12.951691,-14.422659,-1
MGYG000000768,Gut,1783,13.416446,3.0598774,0,10.963611,14.395251,1
MGYG000000769,Gut,1710,14.04637,3.674001,0,11.021153,14.926516,1
MGYG000000770,Gut,1807,13.343466,3.1535857,0,11.61862,14.154335,1
MGYG000000771,Gut,1704,1.0562013,10.743074,3,13.445487,4.372269,4
MGYG000000772,Gut,1662,13.881851,3.9303536,0,11.459815,15.460472,1
MGYG000000773,Gut,1821,-1.2012779,11.363317,3,16.109287,2.0765083,4
MGYG000000774,Gut,2834,-4.7880006,1.4548762,5,8.993001,-4.996952,7
MGYG000000775,Gut,1425,5.750557,2.3854814,1,-7.6844707,2.9678135,5
MGYG000000776,Gut,1406,-3.8535478,2.154326,5,-7.1506786,-1.7920132,5
MGYG000000777,Gut,1752,13.837348,3.265592,0,10.932778,14.649569,1
MGYG000000778,Gut,1699,13.997812,3.3095949,0,11.787363,14.970669,1
MGYG000000779,Gut,1894,3.705091,6.409383,4,-0.8915086,17.001854,2
MGYG000000780,Gut,1721,13.977891,4.012569,0,11.164461,14.902285,1
MGYG000000781,Gut,2457,2.0560107,4.3905735,4,-2.3977063,16.33779,2
MGYG000000782,Gut,1681,-2.1373205,6.5927086,5,-6.7618017,-2.311478,5
MGYG000000783,Gut,1715,0.7412217,14.231717,-1,-7.026947,-0.97340345,5
MGYG000000784,Gut,990,-1.9495729,12.999118,3,-2.6697593,-15.149515,0
MGYG000000785,Gut,946,2.234454,7.1526613,4,12.613334,12.69834,1
MGYG000000786,Gut,1456,0.6994316,14.200153,-1,-7.073446,-0.9139802,5
MGYG000000787,Gut,1692,14.564243,5.525239,0,11.395626,15.031081,1
MGYG000000788,Gut,2184,1.7051164,5.153298,4,-2.3622234,16.376064,2
MGYG000000789,Gut,1661,14.366606,4.1442275,0,11.5959215,15.29904,1
MGYG000000790,Gut,1896,-4.91395,11.557131,2,11.859607,2.5615432,4
MGYG000000791,Gut,1238,-3.7481816,12.433651,2,-8.884706,-10.186463,0
MGYG000000792,Gut,1221,-3.9855273,7.3032737,5,7.8163986,-3.0049458,8
MGYG000000793,Gut,1500,-0.21689673,8.769367,-1,-8.961442,8.318387,6
MGYG000000794,Gut,2113,-1.9622023,5.80064,5,-6.3526864,-1.4754921,5
MGYG000000795,Gut,1636,14.561573,5.638382,0,11.5309105,15.328145,1
MGYG000000796,Gut,2185,0.92295915,6.786495,4,-7.8657207,8.00538,6
MGYG000000797,Gut,1682,14.475073,5.2878366,0,11.806282,14.972796,1
MGYG000000798,Gut,1774,14.34086,4.3508496,0,11.724445,14.374432,1
MGYG000000801,Gut,1742,14.237029,3.8291466,0,11.671865,14.599252,1
MGYG000000802,Gut,1782,13.680478,3.330115,0,11.644129,14.352011,1
MGYG000000803,Gut,697,-1.8864468,12.500895,3,-5.47601,-9.178432,0
MGYG000000805,Gut,1724,14.450503,4.890408,0,11.724374,14.697956,1
MGYG000000806,Gut,2401,-5.399295,1.7082796,5,9.663992,-5.8157744,7
MGYG000000807,Gut,1941,-3.5414438,7.037595,5,6.837761,-3.3896766,8
MGYG000000808,Gut,1738,-2.2709658,0.32979438,5,5.148565,-3.3261225,8
MGYG000000809,Gut,1904,-1.940399,2.6939042,5,1.7422963,-3.7616336,8
MGYG000000810,Gut,1847,5.887177,3.2740998,1,-7.968918,8.017094,6
MGYG000000811,Gut,1710,13.72193,3.5878031,0,11.756513,14.728434,1
MGYG000000812,Gut,1543,13.863939,3.178414,0,11.750007,15.264405,1
MGYG000000813,Gut,1407,-2.5423052,8.845455,5,-12.306514,1.7347225,-1
MGYG000000814,Gut,1410,1.2407634,7.1937356,4,-8.400992,7.788215,6
MGYG000000815,Gut,3419,1.8837477,5.2752333,4,-2.6995275,15.935889,2
MGYG000000817,Gut,1973,-1.553696,11.395925,3,16.26577,1.9318461,4
MGYG000000818,Gut,1046,0.8103446,14.3138685,-1,-7.0880103,-0.87676275,5
MGYG000000820,Gut,2270,-2.3990848,4.685469,5,1.7266108,-5.599953,8
MGYG000000821,Gut,1687,6.0331225,3.1981146,1,-8.006572,7.994808,6
MGYG000000822,Gut,2175,1.0867403,10.051569,3,13.392409,5.31518,4
MGYG000000823,Gut,1639,3.9698458,3.229714,4,1.241554,13.35244,3
MGYG000000824,Gut,1500,4.0891175,5.117273,4,-0.2002094,14.57708,3
MGYG000000825,Gut,2027,4.109938,5.307781,4,-0.8345217,14.535759,3
MGYG000000826,Gut,1687,14.3618145,4.280011,0,11.824072,14.962902,1
MGYG000000827,Gut,1815,13.547815,3.5115888,0,11.703245,14.15757,1
MGYG000000829,Gut,1989,4.3462267,4.840856,4,12.358837,12.99526,1
MGYG000000830,Gut,1826,13.679987,3.34905,0,11.682621,14.111513,1
MGYG000000832,Gut,1769,13.523107,3.1537352,0,11.66273,14.367388,1
MGYG000000833,Gut,1822,13.422366,3.0200574,0,11.720238,14.057787,1
MGYG000000835,Gut,1780,14.283596,4.35166,0,11.671693,14.403525,1
MGYG000000836,Gut,1249,-2.2438748,5.569356,5,2.9330826,-7.799718,8
MGYG000000837,Gut,1917,-2.0062869,0.86904037,5,4.908399,-3.2494986,8
MGYG000000838,Gut,1570,-1.5461533,2.8533878,5,5.606364,-3.677991,8
MGYG000000839,Gut,2455,-4.982371,12.184613,2,10.592682,-3.2989635,8
MGYG000000840,Gut,1984,5.813429,3.421327,1,-7.967735,8.01867,6
MGYG000000841,Gut,2005,-1.9910638,0.94229376,5,4.911025,-3.2529266,8
MGYG000000842,Gut,1520,6.748196,3.1584206,1,12.456272,13.001546,1
MGYG000000843,Gut,2153,1.2746617,9.372188,3,13.257204,5.231828,4
MGYG000000844,Gut,1228,1.0873857,10.065038,3,13.801673,5.4243593,4
MGYG000000845,Gut,1795,13.537267,3.4530435,0,11.7042465,14.273948,1
MGYG000000846,Gut,1745,13.953836,3.2470863,0,11.770506,14.685578,1
MGYG000000847,Gut,1815,-2.9484055,1.8574275,5,-6.5544887,-2.1058483,5
MGYG000000850,Gut,1530,1.2174755,7.200082,4,-8.4016695,7.7768044,6
MGYG000000851,Gut,1607,4.2974706,5.1524515,4,-0.35870084,14.541699,3
MGYG000000852,Gut,2134,4.2192373,6.2126374,4,-1.1421412,17.108845,2
MGYG000000853,Gut,2287,4.134817,6.0948296,4,-1.1771195,17.139845,2
MGYG000000854,Gut,1990,2.5681458,4.747553,4,-1.5409322,16.703217,2
MGYG000000855,Gut,1839,13.440072,3.0470433,0,11.695031,14.061381,1
MGYG000000856,Gut,1671,14.283737,4.0096464,0,11.910884,15.020405,1
MGYG000000857,Gut,1343,-3.7231545,12.360122,2,-8.881481,-10.199862,0
MGYG000000858,Gut,1749,13.541518,3.5775685,0,11.573672,14.585449,1
MGYG000000859,Gut,2609,-6.1404486,2.0575786,5,9.490322,-6.2929726,7
MGYG000000860,Gut,1685,3.4363315,-2.6792858,-1,-9.108585,8.7525,6
MGYG000000861,Gut,1760,6.983399,2.7922053,1,12.430363,12.906621,1
MGYG000000862,Gut,1855,13.555521,3.085803,0,11.714943,14.051388,1
MGYG000000863,Gut,1470,-1.8071802,4.9147515,5,-16.881174,10.514137,-1
MGYG000000864,Gut,2113,-5.3454876,1.9530785,5,11.601873,-5.7401185,7
MGYG000000865,Gut,1313,14.619401,7.3947616,0,11.67123,16.16541,1
MGYG000000866,Gut,1098,3.6604397,4.940433,4,-0.7534891,16.46791,2
MGYG000000867,Gut,1525,-3.5903044,5.806414,5,2.296884,-5.7285857,8
MGYG000000868,Gut,1591,14.682264,6.2279835,0,11.364922,15.955232,1
MGYG000000869,Gut,509,-1.9818707,8.178913,5,-5.5100923,-9.23111,0
MGYG000000870,Gut,2015,-0.4486896,1.9233923,5,-16.907267,10.547044,-1
MGYG000000872,Gut,2046,4.1562734,5.284088,4,-0.6716203,14.51008,3
MGYG000000873,Gut,1490,3.7902892,7.462083,4,0.6688587,14.920857,3
MGYG000000874,Gut,916,-1.5928487,5.44568,5,-2.6857955,5.8492785,5
MGYG000000875,Gut,1564,-1.3380382,3.3399262,5,3.8931372,-4.245543,8
MGYG000000876,Gut,1398,-1.1140906,1.0835185,5,5.534596,-5.2840595,8
MGYG000000877,Gut,1815,-1.6563379,1.4010179,5,4.4437327,-3.1533206,8
MGYG000000878,Gut,1681,14.462908,4.5300794,0,11.048839,15.464744,1
MGYG000000879,Gut,1827,13.991368,3.900578,0,11.018804,14.386349,1
MGYG000000880,Gut,1426,14.6682,7.3545284,0,11.670948,16.182232,1
MGYG000000881,Gut,1737,14.690643,6.076307,0,11.09122,15.084412,1
MGYG000000883,Gut,1465,-1.3430796,3.0868218,5,3.959268,-3.2184439,8
MGYG000000884,Gut,1874,-1.1261151,3.3518,5,4.5078526,-2.3262942,8
MGYG000000885,Gut,1716,14.089777,4.236644,0,11.177524,15.06235,1
MGYG000000886,Gut,2638,-3.5060735,2.644027,5,11.10733,-5.33403,7
MGYG000000887,Gut,1033,-2.391854,13.338551,3,-2.6927462,-14.80439,0
MGYG000000889,Gut,1653,-0.92338413,6.5619683,5,-0.40849978,14.667456,3
MGYG000000892,Gut,2181,-3.351274,5.4083304,5,0.6181459,-4.912049,8
MGYG000000894,Gut,1116,-3.6609747,5.452996,5,2.6364148,-6.1830225,8
MGYG000000896,Gut,1709,13.970737,3.2557774,0,10.957415,14.832156,1
MGYG000000897,Gut,1515,-4.3576064,2.293337,5,5.417362,7.447732,-1
MGYG000000898,Gut,1798,-2.2516782,0.68448794,5,3.8992693,-4.2595863,8
MGYG000000899,Gut,1366,-1.300559,2.8549151,5,3.84779,-4.302878,8
MGYG000000900,Gut,1719,-2.1892066,4.3263907,5,2.469894,-5.932531,8
MGYG000000901,Gut,1789,-2.1445034,0.7597608,5,-6.551259,-2.1037796,5
MGYG000000902,Gut,4090,-4.607829,12.030403,2,10.503814,-3.3433557,8
MGYG000000903,Gut,1350,-4.1727366,12.701862,2,-8.841965,-10.238073,0
MGYG000000904,Gut,1460,14.693327,7.3498445,0,11.665384,16.036589,1
MGYG000000905,Gut,691,6.640213,3.2222714,1,10.512318,16.028744,1
MGYG000000906,Gut,1821,2.1728764,4.421144,4,-2.3114471,16.362125,2
MGYG000000907,Gut,1279,6.649718,3.1047041,1,12.502529,12.940815,1
MGYG000000908,Gut,1776,-1.7103298,12.138655,3,16.349812,1.8517503,4
MGYG000000909,Gut,2693,-4.4776635,1.5756824,5,9.0664215,-4.978038,7
MGYG000000910,Gut,1027,-2.2311952,0.1256889,5,4.9099736,-3.3652775,8
MGYG000000911,Gut,1547,6.3175845,3.5355883,1,13.1073675,-14.259568,-1
MGYG000000913,Gut,1920,-5.244765,1.5254688,5,9.677031,-5.852961,7
MGYG000000914,Gut,1765,-4.9078255,11.574308,2,11.83091,2.530838,4
MGYG000000915,Gut,3135,-4.9934864,12.1526,2,10.516452,-3.2404115,8
MGYG000000916,Gut,1404,1.2604228,9.453049,3,13.763194,5.3850775,4
MGYG000000917,Gut,1313,-2.1245248,6.6203275,5,-6.7226386,-2.3075151,5
MGYG000000918,Gut,1994,5.876471,3.3035722,1,-7.933622,8.003922,6
MGYG000000919,Gut,3421,-3.960009,11.305943,2,10.495186,-3.6497798,8
MGYG000000920,Gut,2049,-1.1479838,1.7157959,5,5.167166,-5.003853,8
MGYG000000921,Gut,1855,-2.1618752,0.4515459,5,5.0285263,-3.3142269,8
MGYG000000922,Gut,2396,-2.0556514,1.7593887,5,3.1472478,-4.9310427,8
MGYG000000923,Gut,2106,2.009807,5.2081337,4,-2.3435397,16.434593,2
MGYG000000924,Gut,1709,-3.529619,7.2461696,5,1.7431339,-4.7116904,8
MGYG000000925,Gut,780,13.424168,3.1465762,0,10.492995,16.06199,1
MGYG000000926,Gut,1411,0.7333943,14.234818,-1,-7.0883718,-0.8945845,5
MGYG000000927,Gut,1618,-2.1272216,6.586693,5,-6.757008,-2.3156893,5
MGYG000000928,Gut,1493,14.755783,6.4752345,0,11.934651,15.202572,1
MGYG000000929,Gut,974,-3.8304346,12.409869,2,-8.446249,-10.174426,0
MGYG000000930,Gut,1829,-1.0376923,11.370617,3,16.14903,2.0371346,4
MGYG000000931,Gut,1283,-1.7212394,12.596876,3,4.5322323,4.624265,-1
MGYG000000932,Gut,1522,-1.9240868,2.3695595,5,2.261585,-5.6632695,8
MGYG000000933,Gut,1145,-2.2487404,4.896234,5,3.4217887,-7.302941,8
MGYG000000934,Gut,1321,14.666512,7.8072896,0,11.587205,15.981553,1
MGYG000000935,Gut,1347,-2.8182664,6.091447,5,2.1458173,-6.0385118,8
MGYG000000936,Gut,1714,14.63516,5.9108067,0,10.96104,15.034236,1
MGYG000000937,Gut,1954,-2.5104983,4.550686,5,1.790946,-4.734201,8
MGYG000000938,Gut,2393,1.331413,1.7800635,-1,4.9178843,-2.3813612,8
MGYG000000939,Gut,1654,-1.3556718,2.936093,5,3.8575742,-4.3282533,8
MGYG000000940,Gut,1592,14.751223,6.400064,0,11.511687,16.028507,1
MGYG000000941,Gut,1867,4.1284375,5.4332786,4,-0.38178927,14.501168,3
MGYG000000942,Gut,1239,-2.3364499,5.4236827,5,3.365007,-7.371661,8
MGYG000000943,Gut,1066,-2.847738,7.2613454,5,1.3384575,-3.3652728,8
MGYG000000944,Gut,1480,6.274461,3.9795485,1,13.39324,-13.958681,-1
MGYG000000945,Gut,1103,-3.6645296,11.697287,2,-8.612005,-10.207142,0
MGYG000000946,Gut,942,13.9633,3.3533359,0,10.500652,16.050856,1
MGYG000000947,Gut,1319,14.72248,6.9142337,0,11.961632,15.2419615,1
MGYG000000948,Gut,1155,-3.6007721,12.097732,2,-8.807815,-10.268996,0
MGYG000000949,Gut,1336,14.65817,6.994263,0,11.960109,15.46902,1
MGYG000000950,Gut,1318,-3.6242762,12.14704,2,-8.911914,-10.229312,0
MGYG000000951,Gut,2701,-4.8118505,12.246556,2,10.407531,-3.1157439,8
MGYG000000952,Gut,960,-2.033665,12.639152,3,4.80748,4.3530307,-1
MGYG000000953,Gut,1767,-4.875858,11.50364,2,11.818024,2.5183861,4
MGYG000000955,Gut,1192,14.701436,7.335569,0,11.703234,16.137724,1
MGYG000000956,Gut,1886,3.5025737,6.0334954,4,-0.72318035,14.688804,3
MGYG000000958,Gut,1022,-2.070088,12.68674,3,-2.4504366,-15.005983,0
MGYG000000959,Gut,1936,-3.564891,6.0978746,5,0.92229486,-4.6897616,8
MGYG000000960,Gut,461,-2.660155,8.640519,5,-5.4979076,-9.211266,0
MGYG000000962,Gut,676,-1.232656,7.051083,5,-2.824262,5.717017,5
MGYG000000963,Gut,1242,3.3919227,5.044438,4,-0.729649,16.432695,2
MGYG000000964,Gut,2354,2.3398273,4.8887315,4,-2.3340843,16.4024,2
MGYG000000965,Gut,1434,-3.6514919,5.8607497,5,3.8742554,-4.2526693,8
MGYG000000966,Gut,2543,-5.364823,1.4959309,5,9.658202,-5.771706,7
MGYG000000967,Gut,1427,-3.6417933,8.511956,5,6.2017474,-3.274973,8
MGYG000000968,Gut,1837,1.933952,5.4365993,4,-6.9536843,-1.074776,5
MGYG000000969,Gut,2179,-6.059711,1.8183033,5,9.886833,-6.1061664,7
MGYG000000970,Gut,909,-3.5996988,5.2528615,5,3.1521294,-7.5130863,8
MGYG000000971,Gut,2322,-0.52660704,4.653931,5,-16.550905,10.146117,-1
MGYG000000972,Gut,929,-2.582599,8.100975,5,-5.957171,-9.447026,0
MGYG000000973,Gut,1465,-1.7877522,4.762746,5,-16.888062,10.522657,-1
MGYG000000974,Gut,1152,-1.7213662,12.664315,3,4.7895,4.37098,-1
MGYG000000975,Gut,1088,-1.8953356,12.497999,3,4.8009844,4.3598046,-1
MGYG000000976,Gut,1618,-4.1317067,12.684003,2,-8.913627,-10.183827,0
MGYG000000977,Gut,2471,-5.048283,12.01823,2,10.583303,-3.2978158,8
MGYG000000978,Gut,1128,1.1995834,11.106333,3,13.358826,3.9156299,4
MGYG000000979,Gut,1612,14.523105,5.472017,0,11.23011,15.796539,1
MGYG000000980,Gut,1560,2.2057703,7.099416,4,13.391191,-13.960462,-1
MGYG000000981,Gut,1580,14.44377,5.0776625,0,11.778163,15.852379,1
MGYG000000982,Gut,1196,-3.963388,12.483491,2,-8.811898,-10.24461,0
MGYG000000984,Gut,1535,14.7290325,6.7835703,0,11.485879,16.114353,1
MGYG000000985,Gut,1582,14.548741,5.4089527,0,11.387332,15.959278,1
MGYG000000986,Gut,1711,14.349448,4.723652,0,10.933041,14.984566,1
MGYG000000987,Gut,2527,-4.5263186,1.8221109,5,9.4870405,-6.455449,7
MGYG000000988,Gut,3258,-4.444064,1.6798588,5,9.802477,-6.3328185,7
MGYG000000989,Gut,2914,-3.8999002,11.167267,2,10.528604,-3.4753048,8
MGYG000000990,Gut,2322,-5.403918,1.697762,5,9.659426,-5.9591575,7
MGYG000000991,Gut,2756,-1.4615712,11.559446,3,9.634746,-5.430057,7
MGYG000000992,Gut,1401,-2.725354,5.948744,5,2.2055445,-6.0912256,8
MGYG000000993,Gut,1808,3.4409647,-2.6849823,-1,-9.10353,8.745782,6
MGYG000000994,Gut,1366,-3.6068332,2.4205086,5,-7.1583786,-1.7706077,5
MGYG000000995,Gut,1662,13.955635,3.3012512,0,11.080929,15.625598,1
MGYG000000996,Gut,1600,14.554423,5.289718,0,11.264574,15.780512,1
MGYG000000997,Gut,2059,-4.0952525,2.6311123,5,11.1618,-5.415043,7
MGYG000000998,Gut,489,0.5420739,8.242711,-1,-5.760531,-8.594711,0
MGYG000001000,Gut,1463,-3.5740163,6.813861,5,1.5092657,-5.676352,8
MGYG000001001,Gut,2311,3.6722054,6.4128437,4,-0.9247067,17.301117,2
MGYG000001002,Gut,1723,13.990885,3.5580199,0,10.948043,14.870716,1
MGYG000001003,Gut,1626,14.4482155,4.6486588,0,11.448903,15.879759,1
MGYG000001004,Gut,2333,-5.169077,1.8018335,5,9.962211,-5.9554567,7
MGYG000001005,Gut,2148,-6.06458,2.2916644,5,9.562577,-6.474033,7
MGYG000001006,Gut,1351,6.6959205,2.2076437,1,-6.4336357,2.8021789,5
MGYG000001007,Gut,2585,-3.752699,12.306832,2,10.4032755,-3.1165175,8
MGYG000001008,Gut,2850,-1.3134922,11.533545,3,16.265026,1.9349021,4
MGYG000001009,Gut,1319,14.66103,7.547701,0,11.434106,15.931551,1
MGYG000001010,Gut,1747,0.6976475,14.196701,-1,-7.028577,-0.932029,5
MGYG000001011,Gut,940,-3.672644,10.729256,2,8.694735,-2.067341,8
MGYG000001012,Gut,1477,3.793733,7.4495583,4,0.70941216,14.970551,3
MGYG000001013,Gut,1383,-2.575679,7.929762,5,8.510919,-2.2580667,8
MGYG000001014,Gut,1389,6.377068,1.1148803,1,-6.4723473,2.8109386,5
MGYG000001015,Gut,1196,-1.1238297,1.560261,5,5.270039,-5.0889173,8
MGYG000001016,Gut,2052,-2.5497026,3.8814015,5,2.500346,-5.5756574,8
MGYG000001017,Gut,1592,1.0608656,10.8825445,3,13.452312,4.343287,4
MGYG000001018,Gut,2316,-4.31554,2.569325,5,9.576163,-6.4489255,7
MGYG000001019,Gut,1608,14.481459,4.766998,0,11.382572,16.034214,1
MGYG000001020,Gut,1105,-2.6548495,2.5711398,5,2.914454,-6.2641535,8
MGYG000001021,Gut,1879,-4.8611417,2.3413193,5,0.9272419,-4.719404,8
MGYG000001022,Gut,1524,14.490199,5.1943607,0,11.429767,16.073376,1
MGYG000001023,Gut,2112,-1.3525693,3.5697043,5,7.002563,-3.148812,8
MGYG000001024,Gut,2072,-3.781235,2.367327,5,1.5569361,-5.406442,8
MGYG000001025,Gut,1100,6.463734,3.6376674,1,12.501033,12.972181,1
MGYG000001026,Gut,1468,6.2642446,3.8913105,1,13.389383,-13.961005,-1
MGYG000001027,Gut,2245,-4.3814044,1.9862466,5,10.04178,-5.925181,7
MGYG000001028,Gut,1422,-3.835902,5.1634088,5,4.603041,-2.2267196,8
MGYG000001029,Gut,1626,-1.7888374,0.94126266,5,1.3252616,-3.347164,8
MGYG000001030,Gut,2424,4.0378537,5.113921,4,-0.9491768,14.295366,3
MGYG000001031,Gut,1260,-3.1715853,12.032013,2,-8.852081,-10.231192,0
MGYG000001032,Gut,1135,-5.6106772,2.0747945,5,11.45969,-6.0431905,7
MGYG000001033,Gut,1749,-3.1273453,2.026596,5,2.9056413,-4.9302135,8
MGYG000001034,Gut,2045,4.1573944,6.199806,4,-1.0294478,16.951988,2
MGYG000001035,Gut,3045,5.950668,1.601212,1,-9.701664,10.312476,6
MGYG000001036,Gut,2191,4.111204,5.576584,4,-0.71851265,14.456851,3
MGYG000001037,Gut,1586,-2.7811692,6.0600753,5,1.6226218,-3.5971615,8
MGYG000001039,Gut,2373,2.0156715,4.4107084,4,-2.3977416,16.37027,2
MGYG000001040,Gut,2090,4.1908736,6.102375,4,-1.1554989,17.072153,2
MGYG000001041,Gut,783,-0.98215693,11.667101,3,-2.7008922,-14.965229,0
MGYG000001042,Gut,2631,4.19056,6.096209,4,-1.3043575,17.12951,2
MGYG000001043,Gut,796,-1.9152688,12.956931,3,-2.6814556,-15.063167,0
MGYG000001044,Gut,1194,-1.3814807,7.5805635,5,-6.062057,10.230901,6
MGYG000001045,Gut,4804,-3.7564929,1.283042,5,8.661394,-5.2842245,7
MGYG000001046,Gut,1606,-1.3044956,3.1681275,5,4.510553,-2.3772664,8
MGYG000001048,Gut,817,-0.81133705,11.804857,3,-2.6489499,-15.064368,0
MGYG000001049,Gut,1653,-2.4380176,0.8299595,5,4.6757646,-2.2322285,8
MGYG000001050,Gut,711,-2.290769,8.628223,5,-5.5284843,-9.227249,0
MGYG000001053,Gut,1180,-1.7720903,12.222809,3,4.6126676,4.545872,-1
MGYG000001054,Gut,1565,0.56431854,6.6620073,4,-8.981341,8.303875,6
MGYG000001055,Gut,1368,-2.9696248,7.6610427,5,-12.222959,1.7626916,-1
MGYG000001056,Gut,2186,3.2486694,6.7565384,4,-1.0365738,17.259974,2
MGYG000001057,Gut,1919,-1.2471024,1.1227269,5,3.6582854,-3.9202437,8
MGYG000001058,Gut,1585,3.8556721,5.8222857,4,-0.7610475,16.48353,2
MGYG000001059,Gut,1651,3.6042795,7.2766585,4,0.69114476,14.967923,3
MGYG000001060,Gut,1781,3.713301,4.569628,4,-7.1521463,-1.7969564,5
MGYG000001061,Gut,1535,14.705061,6.932287,0,11.578266,16.151539,1
MGYG000001062,Gut,1469,2.2549124,7.1126413,4,13.394951,-13.955169,-1
MGYG000001063,Gut,5803,-4.7275767,1.4840256,5,8.675369,-5.8381324,7
MGYG000001064,Gut,1685,0.8670032,11.37698,3,13.406896,4.0050015,4
MGYG000001065,Gut,2856,-4.0872493,1.4347981,5,9.051508,-5.050642,7
MGYG000001066.1,Gut,1467,0.6714399,14.163828,-1,-7.063074,-1.1183631,5
MGYG000001067,Gut,1604,2.6358032,6.3363023,4,7.100128,-3.1201544,8
MGYG000001068,Gut,1799,1.2076585,10.856949,3,13.533019,4.1274476,4
MGYG000001069,Gut,2111,-1.8907607,2.5346248,5,2.2946832,-4.7229934,8
MGYG000001070,Gut,1446,0.66941184,14.162282,-1,-7.0429635,-1.064838,5
MGYG000001071,Gut,1211,3.4532146,-2.6544304,-1,-9.143214,8.732124,6
MGYG000001072,Gut,2472,-5.945418,2.1918383,5,9.475648,-6.494804,7
MGYG000001073,Gut,2212,-4.7735686,11.394686,2,11.834422,2.535059,4
MGYG000001074,Gut,1327,3.7545342,6.5870457,4,-0.9937701,17.041954,2
MGYG000001075,Gut,830,-0.31830695,11.573023,3,13.315765,3.9317183,4
MGYG000001076,Gut,2917,-5.809208,2.3259783,5,11.401883,-5.595947,7
MGYG000001077,Gut,1846,1.2748129,9.610895,3,13.6423,5.2493396,4
MGYG000001078,Gut,1397,6.4447994,1.4460163,1,-6.410504,3.1652923,5
MGYG000001079,Gut,1027,-0.576685,8.20225,-1,-5.9508853,10.341312,6
MGYG000001080,Gut,1159,-0.6376958,12.338785,3,11.05601,5.7072062,4
MGYG000001081,Gut,3079,-1.9846919,0.45943207,5,2.761466,-4.736371,8
MGYG000001082,Gut,1974,-3.269006,7.0400567,5,1.6945055,-4.6946177,8
MGYG000001083,Gut,1508,4.068298,5.645563,4,-0.3423489,14.55173,3
MGYG000001084,Gut,1601,14.6699295,7.9667125,0,11.421883,15.485215,1
MGYG000001085,Gut,1755,3.937201,4.505341,4,1.3378922,14.097862,3
MGYG000001086,Gut,1323,14.667624,7.2842073,0,11.905303,15.79872,1
MGYG000001087,Gut,3223,-5.82039,2.1865742,5,9.879459,-6.357282,7
MGYG000001088,Gut,1737,3.4368217,-2.673637,-1,-9.1210165,8.713129,6
MGYG000001089,Gut,2864,-4.7980843,12.090432,2,10.573635,-3.2876718,8
MGYG000001090,Gut,1331,6.227255,4.059714,1,13.391029,-13.960894,-1
MGYG000001091,Gut,3675,2.5347166,-5.634373,-1,-11.064512,11.624695,6
MGYG000001092,Gut,1781,13.439955,2.9918416,0,11.009499,14.407443,1
MGYG000001093,Gut,3063,-2.9563084,8.152815,5,-2.6190395,15.866637,2
MGYG000001094,Gut,2893,5.7127757,2.2252276,1,-9.543891,10.171577,6
MGYG000001095,Gut,3459,-2.9598017,7.9709716,5,-2.6425655,15.804966,2
MGYG000001096,Gut,1667,14.185898,4.218307,0,11.118853,15.545198,1
MGYG000001097,Gut,2455,3.8208237,6.41953,4,-1.1262549,17.260658,2
MGYG000001098,Gut,1816,-3.3476093,7.2845354,5,1.4308879,-3.4471807,8
MGYG000001099,Gut,1573,14.431267,5.116466,0,11.989271,15.216943,1
MGYG000001100,Gut,1387,1.1938955,9.816497,3,13.5849905,5.1944356,4
MGYG000001101,Gut,1631,-3.0762777,2.7482414,5,1.5495127,-5.8111663,8
MGYG000001102,Gut,2086,-3.1976812,2.6918366,5,6.8027034,-3.2135906,8
MGYG000001103,Gut,1946,-1.5506035,2.1876056,5,3.5407538,-4.908298,8
MGYG000001105,Gut,1625,14.127037,3.4066985,0,11.96026,15.222631,1
MGYG000001106,Gut,1460,-1.4700176,1.4444679,5,4.792561,-4.750911,8
MGYG000001107,Gut,1585,14.644723,5.822344,0,11.61445,15.605377,1
MGYG000001108,Gut,1510,13.891479,3.853341,0,11.640198,15.578735,1
MGYG000001109,Gut,2123,-2.101378,0.504487,5,3.7768674,-3.0831494,8
MGYG000001110,Gut,1225,-3.9684782,12.573178,2,-8.815096,-10.229583,0
MGYG000001112,Gut,1847,3.4302657,-2.6949716,-1,-9.083426,8.733994,6
MGYG000001113,Gut,1527,5.839785,3.4525177,1,-8.082638,8.029265,6
MGYG000001114,Gut,1616,13.970613,3.7552643,0,11.931639,15.117349,1
MGYG000001115,Gut,1881,-1.3426085,3.2945058,5,5.653635,-3.6791906,8
MGYG000001116,Gut,1684,-2.2648778,6.0507827,5,2.1167893,-5.8766937,8
MGYG000001117,Gut,1569,-2.2035182,6.7783713,5,-6.7629986,-2.3053963,5
MGYG000001118,Gut,1449,-3.0413957,7.030484,5,6.055847,-3.3087516,8
MGYG000001120,Gut,1967,-1.9036067,3.23689,5,5.631,-3.7077193,8
MGYG000001121,Gut,1649,14.2068815,4.6151323,0,11.859811,15.077438,1
MGYG000001122,Gut,1729,14.13098,3.915712,0,11.7828455,14.711062,1
MGYG000001123,Gut,1238,14.623368,7.566956,0,11.965756,15.456699,1
MGYG000001124,Gut,1697,14.687671,7.2243953,0,11.646303,14.836498,1
MGYG000001125,Gut,819,-2.5813298,7.9992676,5,-5.9620724,-9.461471,0
MGYG000001126,Gut,1647,14.268428,4.106253,0,11.137479,15.544779,1
MGYG000001127,Gut,1533,14.692132,6.6268086,0,11.67736,15.829293,1
MGYG000001129,Gut,1496,-5.0773454,2.4304466,5,1.0062048,-4.6823225,8
MGYG000001130,Gut,1693,14.133733,3.9257238,0,11.644165,14.896595,1
MGYG000001131,Gut,2368,3.7455442,6.4396415,4,-0.96420795,17.366842,2
MGYG000001132,Gut,2418,-1.8311503,2.8268085,5,3.9289649,-4.1656175,8
MGYG000001133,Gut,938,-1.9429635,3.1862671,5,2.4076254,-6.133335,8
MGYG000001134,Gut,1701,14.062202,3.2764218,0,11.238581,14.965135,1
MGYG000001135,Gut,1634,14.318248,5.0904436,0,11.25637,15.620682,1
MGYG000001136,Gut,1804,-1.1698792,3.3678458,5,4.4980736,-2.3802123,8
MGYG000001137,Gut,1567,13.659793,3.1879778,0,11.885784,15.108389,1
MGYG000001138,Gut,1668,13.998816,3.8324397,0,11.90407,15.052696,1
MGYG000001139,Gut,1596,14.302637,4.0450754,0,11.955581,15.219517,1
MGYG000001140,Gut,1550,14.637281,6.0093966,0,11.973588,15.278413,1
MGYG000001141,Gut,2305,-5.6875315,1.8835053,5,11.5057125,-5.6194735,7
MGYG000001142,Gut,1436,14.605839,8.143719,0,11.909911,15.184491,1
MGYG000001145,Gut,556,0.53734946,8.246766,-1,-5.7606835,-8.596171,0
MGYG000001146,Gut,1599,-2.7369883,5.9287863,5,2.1135588,-5.9517736,8
MGYG000001148,Gut,2922,-4.873023,11.464477,2,11.787333,2.488422,4
MGYG000001149,Gut,1231,-4.8471794,11.445806,2,11.844073,2.543342,4
MGYG000001150,Gut,1543,14.488067,4.7841687,0,11.695896,16.072262,1
MGYG000001151,Gut,2019,-5.1012983,2.402445,5,0.95232004,-4.6742787,8
MGYG000001152,Gut,1666,14.284166,4.428015,0,11.763215,15.177539,1
MGYG000001153,Gut,1221,2.2514567,7.101409,4,13.419444,-13.929635,-1
MGYG000001154,Gut,1491,2.2754474,7.09422,4,13.371878,-13.979365,-1
MGYG000001155,Gut,1633,-1.3873545,3.3688114,5,4.516357,-2.3432314,8
MGYG000001156,Gut,2327,-1.2965117,2.9637744,5,3.3477852,-4.998902,8
MGYG000001157,Gut,2298,-1.1159012,1.5065417,5,5.211097,-5.0124936,8
MGYG000001158,Gut,1808,13.8928585,3.429089,0,10.979877,14.375626,1
MGYG000001159,Gut,1689,5.87829,2.31426,1,-7.7218523,2.953392,5
MGYG000001160,Gut,1881,-3.6197932,8.466186,5,6.1597924,-3.3036487,8
MGYG000001161,Gut,1625,14.073586,4.0781293,0,11.304709,15.901549,1
MGYG000001162,Gut,1449,-1.5511544,2.907093,5,-7.1255207,-1.7589723,5
MGYG000001163,Gut,1563,2.2175074,7.138217,4,13.359165,-13.992971,-1
MGYG000001164,Gut,2334,4.137641,6.2012424,4,-1.0368854,17.070961,2
MGYG000001165,Gut,1585,14.226085,4.441955,0,11.518383,16.171473,1
MGYG000001166,Gut,1999,-3.758357,5.29303,5,4.516073,-2.313396,8
MGYG000001167,Gut,1280,2.2106764,7.10581,4,13.444849,-13.905635,-1
MGYG000001168,Gut,1486,6.271509,3.9108899,1,13.381364,-13.970714,-1
MGYG000001169,Gut,1776,-1.9901413,0.27847484,5,2.740245,-4.74398,8
MGYG000001170,Gut,1805,-1.4508862,3.679777,5,3.414868,-4.9805446,8
MGYG000001171,Gut,1930,2.6486087,6.267319,4,7.0345583,-3.1407988,8
MGYG000001172,Gut,1896,-4.9434686,11.558212,2,11.914349,2.61574,4
MGYG000001173,Gut,1800,13.486567,3.2554243,0,10.9585285,14.357489,1
MGYG000001174,Gut,2378,1.3164748,1.7663743,-1,4.896968,-2.3881783,8
MGYG000001175,Gut,1193,-3.7260683,12.14294,2,-8.730861,-10.261088,0
MGYG000001176,Gut,1576,14.129967,3.934524,0,11.606692,15.716113,1
MGYG000001177,Gut,1666,-3.3392558,3.5297594,5,16.120756,2.0703554,4
MGYG000001178,Gut,2315,-3.7869499,1.8352308,5,9.816052,-5.980918,7
MGYG000001179,Gut,1599,14.141518,4.2097745,0,11.695433,16.077858,1
MGYG000001180,Gut,2200,3.9232752,5.755382,4,-0.94893664,14.471003,3
MGYG000001181,Gut,1484,2.6549394,6.311211,4,7.0485115,-3.1366138,8
MGYG000001182,Gut,1322,-3.8891153,12.57077,2,-8.935411,-10.151091,0
MGYG000001183,Gut,1805,-3.6338632,8.4796915,5,6.188785,-3.2909236,8
MGYG000001184,Gut,1011,-2.2112079,13.0483885,3,-2.6643639,-15.13124,0
MGYG000001185,Gut,1097,-3.717598,12.387567,2,-8.689633,-10.219699,0
MGYG000001186,Gut,2832,-4.200088,7.5774593,5,11.241426,-5.3860407,7
MGYG000001187,Gut,2078,-4.4461117,1.8505582,5,9.731615,-5.9861007,7
MGYG000001188,Gut,1732,13.906145,3.6003366,0,11.130366,14.886545,1
MGYG000001189,Gut,1740,-5.6981654,1.4904077,5,9.728547,-5.7332067,7
MGYG000001190,Gut,1545,14.662156,6.9715714,0,11.6656885,16.057428,1
MGYG000001191,Gut,2116,-4.012632,7.3091283,5,7.566173,-3.2503486,8
MGYG000001192,Gut,1923,-3.8505414,5.1084085,5,4.5934906,-2.2186375,8
MGYG000001193,Gut,1214,-4.112367,7.8370175,5,8.930399,-4.2588263,7
MGYG000001194,Gut,1637,6.719189,3.3289015,1,13.249492,-14.110833,-1
MGYG000001195,Gut,1245,-3.60419,12.128674,2,-8.840531,-10.25092,0
MGYG000001196,Gut,885,14.448813,4.5414715,0,10.490046,16.060751,1
MGYG000001197,Gut,1261,0.91561157,11.362183,3,13.414898,3.9727807,4
MGYG000001198,Gut,1312,2.26308,7.1020036,4,13.354543,-13.9973135,-1
MGYG000001199,Gut,3182,-3.4597237,1.9337856,5,9.007575,-4.894078,7
MGYG000001200,Gut,1652,14.304274,4.700492,0,11.093998,15.644954,1
MGYG000001201,Gut,982,-2.0448864,13.10279,3,-2.6317246,-15.170493,0
MGYG000001202,Gut,2039,-3.6038601,7.15507,5,0.890649,-4.816247,8
MGYG000001203,Gut,1575,13.858191,3.864785,0,11.45352,15.845413,1
MGYG000001204,Gut,1792,-2.0693452,0.58106625,5,4.9088774,-3.0684483,8
MGYG000001205,Gut,1891,-1.2092243,1.9285822,5,5.1896577,-5.018396,8
MGYG000001206,Gut,814,-2.628938,7.789587,5,-5.942447,-9.454471,0
MGYG000001208,Gut,2321,0.9181143,10.506936,3,12.881483,5.1547837,4
MGYG000001209,Gut,1496,3.7942562,7.47072,4,0.67309123,14.921698,3
MGYG000001210,Gut,2072,-4.3926716,2.0548744,5,9.563247,-6.504149,7
MGYG000001211,Gut,1550,3.7888048,7.4471307,4,0.67421556,14.909259,3
MGYG000001212,Gut,2093,-1.976686,0.4585565,5,2.719245,-4.739394,8
MGYG000001213,Gut,1442,6.8825965,2.9470105,1,12.490758,12.877265,1
MGYG000001214,Gut,1239,2.9703372,6.1635184,4,12.57102,12.757912,1
MGYG000001215,Gut,1629,14.040948,4.168293,0,11.488972,15.667306,1
MGYG000001216,Gut,1438,-4.034478,12.586721,2,-8.88777,-10.210532,0
MGYG000001217,Gut,1888,-1.292848,2.9743176,5,3.2689755,-5.093162,8
MGYG000001218,Gut,2116,-1.5703572,1.5795695,5,3.3196237,-4.9992824,8
MGYG000001219,Gut,2012,-4.120039,2.184482,5,10.072478,-5.9157963,7
MGYG000001220,Gut,1388,-2.989291,6.0138903,5,1.6084057,-5.90639,8
MGYG000001221,Gut,1494,14.64189,7.2918873,0,11.607311,16.059776,1
MGYG000001222,Gut,1779,-2.330592,4.170063,5,1.5837579,-5.780531,8
MGYG000001223,Gut,1683,14.188379,4.114923,0,10.998953,15.308167,1
MGYG000001224,Gut,2454,-5.4243345,1.7389265,5,9.709272,-5.738239,7
MGYG000001225,Gut,1830,-2.299768,0.22061592,5,5.07113,-3.170154,8
MGYG000001226,Gut,2342,-2.016569,0.8532058,5,5.167807,-2.9489274,8
MGYG000001227,Gut,1577,14.487213,4.929214,0,11.508886,15.893593,1
MGYG000001228,Gut,1534,-1.4295028,3.234692,5,3.893413,-3.2289875,8
MGYG000001230,Gut,1444,-3.2587855,6.474359,5,1.372001,-3.409987,8
MGYG000001231,Gut,1534,6.6658754,3.3004878,1,13.261663,-14.096924,-1
MGYG000001232,Gut,1794,-3.898222,11.666771,2,8.674266,-2.721114,8
MGYG000001233,Gut,1130,6.2555523,4.0197906,1,13.409105,-13.940838,-1
MGYG000001234,Gut,1428,-3.8072293,10.842813,2,8.503871,-2.5833714,8
MGYG000001236,Gut,1513,6.6201777,3.632206,1,12.481339,12.920212,1
MGYG000001237,Gut,2155,-1.9709141,0.89201486,5,3.5454545,-4.8915563,8
MGYG000001238,Gut,2282,-2.3723109,0.92498964,5,5.305316,-3.3216915,8
MGYG000001239,Gut,1167,-1.6993492,12.320542,3,-2.4359725,-14.975851,0
MGYG000001240,Gut,1713,3.9657114,6.3758216,4,-1.0417292,17.051186,2
MGYG000001241,Gut,1544,14.418464,4.6151114,0,11.431448,16.011803,1
MGYG000001242,Gut,1533,4.199082,5.286036,4,-0.34812942,14.577853,3
MGYG000001243,Gut,2176,-2.5753765,0.9008382,5,4.6622486,-2.2482994,8
MGYG000001244,Gut,1537,-2.7130744,5.8941803,5,2.1659417,-6.0046945,8
MGYG000001246,Gut,2503,-4.7420387,1.3940836,5,9.035138,-4.976606,7
MGYG000001247,Gut,2530,-4.3936415,1.4342568,5,9.250759,-5.07891,7
MGYG000001248,Gut,1703,3.7418306,4.634334,4,-7.131999,-1.7910855,5
MGYG000001249,Gut,1296,6.62517,3.4683998,1,12.376488,13.046024,1
MGYG000001250,Gut,2043,-4.139965,1.2715771,5,9.197345,-4.9518237,7
MGYG000001251,Gut,2837,-2.9519646,1.2687501,5,9.039033,-4.921628,7
MGYG000001252,Gut,2019,-3.2783315,6.8138247,5,9.854387,-5.745346,7
MGYG000001253,Gut,1739,4.262464,5.1820526,4,-0.49138853,14.499928,3
MGYG000001254,Gut,2483,-5.285798,1.8662957,5,11.528023,-5.687055,7
MGYG000001255,Gut,2043,-1.0645912,1.175198,5,5.4930806,-5.246149,8
MGYG000001256,Gut,1382,-3.9438035,12.444572,2,-8.884432,-10.219748,0
MGYG000001257,Gut,1949,-1.6635216,11.978704,3,16.333666,1.8676085,4
MGYG000001258,Gut,1565,6.483229,1.440295,1,-6.390699,3.1716702,5
MGYG000001259,Gut,1759,-0.27223665,2.1319406,5,-6.7133584,-2.2607574,5
MGYG000001260,Gut,2761,1.8410695,9.78568,3,-9.455221,9.971725,6
MGYG000001261,Gut,4197,5.821966,2.1747613,1,-9.400995,10.1765,6
MGYG000001262,Gut,3238,5.784597,2.4501648,1,-9.368698,10.164707,6
MGYG000001263,Gut,4938,6.3252583,1.9599221,1,-9.621881,10.260404,6
MGYG000001264,Gut,2927,6.2421536,1.9046234,1,-9.572463,10.202304,6
MGYG000001265,Gut,3616,6.295829,2.9175467,1,-9.492958,10.2287035,6
MGYG000001266,Gut,3905,2.6068258,-5.694477,-1,-10.855227,11.443095,6
MGYG000001267,Gut,1056,2.2218997,7.152454,4,12.612412,12.700528,1
MGYG000001268,Gut,1319,6.486726,1.3895487,1,-6.410773,3.17644,5
MGYG000001269,Gut,1547,6.4389267,1.4328991,1,-6.419345,3.130409,5
MGYG000001270,Gut,1736,6.365248,1.6231955,1,-5.855121,3.0486963,5
MGYG000001271,Gut,1603,-2.4564805,4.747672,5,2.5504453,-5.915339,8
MGYG000001272,Gut,998,-2.020211,4.206512,5,3.0507174,-7.623761,8
MGYG000001273,Gut,1787,6.6968966,2.2063916,1,-6.407569,2.8329651,5
MGYG000001274,Gut,1210,0.8702567,11.383775,3,13.408184,3.9733489,4
MGYG000001275,Gut,2152,4.049801,5.1447525,4,-0.9357603,14.297132,3
MGYG000001276,Gut,3376,-2.9311593,2.1554682,5,8.785318,-5.8701453,7
MGYG000001277,Gut,2666,-0.24039778,2.2672434,5,-3.575503,0.7290326,5
MGYG000001278,Gut,613,2.31918,7.028372,4,13.4028425,-13.949217,-1
MGYG000001279,Gut,4019,5.9131904,1.6333754,1,-9.696922,10.331098,6
MGYG000001280,Gut,1134,-1.691759,5.8111644,5,8.455514,-2.3351495,8
MGYG000001281,Gut,1256,-1.6921848,5.2450566,5,-6.7484436,-1.4737155,5
MGYG000001283,Gut,1166,2.8860893,3.4513812,4,-7.6691175,2.9685025,5
MGYG000001284,Gut,1500,6.6760135,2.2035449,1,-6.4432254,2.812088,5
MGYG000001285,Gut,1850,6.70367,2.1854978,1,-6.4030437,2.817866,5
MGYG000001286,Gut,2361,-2.3148754,0.39994287,5,5.1091557,-3.2517843,8
MGYG000001287,Gut,1171,2.1879349,7.191329,4,-7.6616683,2.9752593,5
MGYG000001288,Gut,1597,0.6969993,14.197468,-1,-7.060099,-0.9577759,5
MGYG000001289,Gut,1806,0.8383103,11.380112,3,13.430973,4.0422316,4
MGYG000001290,Gut,932,-1.1768745,6.4506793,5,3.391615,-7.2154026,8
MGYG000001291,Gut,1681,-2.350071,9.374445,5,8.660912,-2.117133,8
MGYG000001292,Gut,2275,5.7737722,2.329053,1,-7.6962914,2.9774313,5
MGYG000001293,Gut,2681,1.219119,9.48192,3,13.096122,5.257069,4
MGYG000001294,Gut,2292,0.973212,6.757402,4,-7.859449,8.02104,6
MGYG000001295,Gut,3002,-0.84370583,2.022128,5,-3.569838,0.73413235,5
MGYG000001296,Gut,1729,1.2510067,9.664065,3,13.587222,5.2143884,4
MGYG000001297,Gut,1688,-0.5873781,8.434255,-1,-6.0405684,10.252448,6
MGYG000001298,Gut,2440,0.27359506,11.127642,3,12.580373,5.265852,4
MGYG000001299,Gut,2017,-1.0860603,11.38176,3,16.187801,2.0053096,4
MGYG000001300,Gut,2697,-1.0844395,1.1215073,5,5.498724,-5.224957,8
MGYG000001301,Gut,1494,-3.8740184,11.067968,2,8.541032,-2.2412376,8
MGYG000001303,Gut,3451,-4.0858583,1.8335323,5,9.130888,-6.2575707,7
MGYG000001304,Gut,2271,-1.8002495,12.426311,3,16.297682,1.9016924,4
MGYG000001305,Gut,2026,-3.5056853,6.9721336,5,6.865613,-3.3948045,8
MGYG000001306,Gut,3593,1.9654552,4.6291995,4,-2.5461195,16.123676,2
MGYG000001307,Gut,4104,3.3282006,-2.9731088,-1,-10.267765,11.768501,6
MGYG000001308,Gut,1880,1.0732358,10.664149,3,13.4536295,4.1507235,4
MGYG000001309,Gut,3571,-4.838318,12.027397,2,10.372908,-3.1138186,8
MGYG000001310,Gut,2386,-6.047483,1.8352591,5,9.619208,-6.443283,7
MGYG000001311,Gut,5540,-3.733646,1.2977184,5,8.652727,-5.278589,7
MGYG000001312,Gut,1732,-0.62738085,8.403642,-1,-6.062259,10.23175,6
MGYG000001313,Gut,3297,2.2838206,4.754023,4,-2.7506013,15.994442,2
MGYG000001314,Gut,2910,-4.205375,7.579955,5,11.550389,-5.3372774,7
MGYG000001315,Gut,3319,-6.078637,1.9103304,5,9.391862,-6.2983556,7
MGYG000001316,Gut,2205,4.3582716,4.8385367,4,-6.3254733,-1.4581904,5
MGYG000001317,Gut,4589,2.5637476,-5.610456,-1,-11.096519,11.676023,6
MGYG000001318,Gut,4186,2.4553022,-6.1710668,-1,-10.931692,11.426904,6
MGYG000001319,Gut,2244,-4.0940986,7.825466,5,11.567089,-5.6804023,7
MGYG000001320,Gut,2042,-3.8966274,11.644418,2,8.735586,-2.7915738,8
MGYG000001321,Gut,2309,-0.5452869,2.0511334,5,-3.5792704,0.72494215,5
MGYG000001322,Gut,2779,-1.2742474,1.1049677,5,5.203144,-4.9845757,8
MGYG000001323,Gut,4184,3.3452094,-2.9281838,-1,-10.2663145,11.771767,6
MGYG000001324,Gut,2246,-4.9310017,11.5714245,2,11.877141,2.5793326,4
MGYG000001325,Gut,1731,-1.7881087,11.488143,3,11.867388,2.5678067,4
MGYG000001326,Gut,2252,-4.958516,11.610955,2,11.867888,2.5692904,4
MGYG000001327,Gut,3141,-4.880761,11.505544,2,11.820444,2.5205448,4
MGYG000001328,Gut,3371,-4.9416857,12.12564,2,10.542597,-3.2830887,8
MGYG000001329,Gut,1938,-0.5934868,8.428344,-1,-6.1000223,10.194063,6
MGYG000001330,Gut,1572,-0.5962087,8.400286,-1,-6.079446,10.215329,6
MGYG000001331,Gut,1993,-0.39531335,4.912381,5,-8.355535,8.303234,6
MGYG000001332,Gut,2510,-2.3214045,2.2996325,5,2.4232292,-4.780272,8
MGYG000001333.1,Gut,2703,1.1318126,9.724198,3,13.357084,5.2840667,4
MGYG000001334,Gut,1852,-1.0153066,5.488862,5,13.638951,5.2010016,4
MGYG000001335,Gut,2039,1.0448914,10.118116,3,13.791964,5.4529276,4
MGYG000001336,Gut,2176,1.1874372,9.783486,3,13.640432,5.2788033,4
MGYG000001337,Gut,3965,1.855115,4.8042603,4,-3.0273743,15.74259,2
MGYG000001338,Gut,3440,-5.663331,1.4911234,5,9.452695,-5.825447,7
MGYG000001339,Gut,2005,0.7052226,6.4438086,4,-6.492684,-1.9141221,5
MGYG000001340,Gut,1734,1.1295806,9.969169,3,13.53342,5.1404176,4
MGYG000001341,Gut,1647,1.132497,9.979224,3,13.555987,5.161254,4
MGYG000001342,Gut,2092,1.2432141,11.108037,3,13.405926,4.058131,4
MGYG000001343,Gut,3130,1.8740085,9.767034,3,-9.473009,9.968728,6
MGYG000001344,Gut,2844,1.707605,9.799678,3,-9.437408,9.959081,6
MGYG000001345,Gut,4508,1.9677371,4.811124,4,-3.1077528,15.618086,2
MGYG000001346,Gut,3532,2.3969765,4.684125,4,-2.8476539,15.872147,2
MGYG000001347,Gut,2039,-4.9621363,11.599369,2,11.857886,2.5592732,4
MGYG000001348,Gut,1515,-0.6193306,8.402459,-1,-6.0821958,10.21277,6
MGYG000001349,Gut,1800,0.7143767,14.204242,-1,-7.036463,-0.9552248,5
MGYG000001350,Gut,2246,-4.932691,11.565035,2,11.861774,2.5632837,4
MGYG000001351,Gut,3105,2.7802048,-5.9218082,-1,-10.340814,11.648381,6
MGYG000001352,Gut,4337,-4.983033,1.8292949,5,16.301754,1.8985088,4
MGYG000001353,Gut,2003,13.351432,2.9989934,0,11.115507,14.302234,1
MGYG000001354,Gut,2043,5.764968,2.3482058,1,-7.727957,2.9369283,5
MGYG000001355,Gut,1926,-3.9260454,10.586789,2,8.713989,-2.0428617,8
MGYG000001356,Gut,2963,-2.083971,0.30168217,5,5.3839803,-3.5389335,8
MGYG000001357,Gut,1355,-0.58455145,8.411665,-1,-6.073953,10.218333,6
MGYG000001358,Gut,1594,-0.57992685,8.425894,-1,-6.064622,10.228604,6
MGYG000001359,Gut,3463,-0.28218752,2.2588513,5,-3.5659864,0.7386721,5
MGYG000001360,Gut,2253,2.7456295,6.5405927,4,-0.7992662,17.180437,2
MGYG000001361,Gut,2341,1.1153057,6.68803,4,-7.935285,8.013366,6
MGYG000001362,Gut,1740,1.067383,10.919096,3,13.417874,4.0740643,4
MGYG000001363,Gut,1661,1.1033505,10.640208,3,13.469567,4.135316,4
MGYG000001364,Gut,3534,2.1250772,4.478859,4,-2.5505476,16.136694,2
MGYG000001365,Gut,1888,-2.1208975,6.5310364,5,-6.7354274,-2.3886409,5
MGYG000001366,Gut,1852,-2.7739217,6.8084035,5,-8.96135,8.318789,6
MGYG000001367,Gut,4088,-3.7273722,1.8926061,5,8.737845,-5.115892,7
MGYG000001368,Gut,4437,-4.387218,1.7318524,5,8.752661,-5.9120364,7
MGYG000001369,Gut,1785,1.2331226,9.521718,3,13.798067,5.416589,4
MGYG000001370,Gut,3436,2.3502233,4.6741924,4,-2.837084,15.897691,2
MGYG000001371,Gut,6016,3.138284,3.3140566,4,9.691903,5.7971597,4
MGYG000001372,Gut,2790,2.497228,4.7514834,4,-2.0229027,16.512976,2
MGYG000001373,Gut,2018,-5.9914546,2.2585633,5,9.562897,-6.5000787,7
MGYG000001374,Gut,2757,-5.8466926,2.3827162,5,9.528537,-6.4872584,7
MGYG000001375,Gut,2090,-2.0332475,0.9435387,5,0.89593714,-4.726859,8
MGYG000001376,Gut,3860,1.8719336,5.2542863,4,-2.744137,15.870002,2
MGYG000001377,Gut,3195,2.0485148,5.318189,4,-2.6737337,15.932407,2
MGYG000001378,Gut,4874,1.9279087,4.842771,4,-3.0650747,15.66942,2
MGYG000001379,Gut,3048,-5.784713,2.4002175,5,9.320399,-6.343619,7
MGYG000001380,Gut,3255,-6.132393,1.9682621,5,9.431271,-6.3563437,7
MGYG000001381,Gut,2231,-1.3295679,5.3233323,5,-8.97078,8.931869,6
MGYG000001382,Gut,2009,13.280278,3.0022101,0,12.352517,13.054959,1
MGYG000001383,Gut,1129,0.9340486,10.180776,3,13.782673,5.385127,4
MGYG000001384,Gut,4700,5.7993903,2.3750157,1,-9.613403,10.238574,6
MGYG000001385,Gut,2160,3.8915386,3.230861,4,1.2167763,13.291487,3
MGYG000001386,Gut,4960,-3.8179784,1.3312485,5,8.706325,-5.194248,7
MGYG000001387,Gut,1817,6.2760572,3.5204713,1,13.130941,-14.234135,-1
MGYG000001388,Gut,4659,-2.8333116,1.9258927,5,10.160689,5.775428,4
MGYG000001389,Gut,2777,-3.7946327,5.0693603,5,-6.43191,-1.9051099,5
MGYG000001390,Gut,2945,-0.029313134,11.207138,3,10.388772,5.827415,4
MGYG000001391,Gut,2944,1.5529046,5.2025027,4,-2.3801403,15.827813,2
MGYG000001392,Gut,1834,-0.4802752,8.473124,-1,-5.9343195,10.357476,6
MGYG000001393,Gut,4271,2.864774,-4.3031397,-1,-10.493508,11.62795,6
MGYG000001394,Gut,4324,2.500525,-6.038237,-1,-10.990515,11.497616,6
MGYG000001395,Gut,2798,-0.36168694,11.61216,3,12.732756,5.2379265,4
MGYG000001396,Gut,4394,-5.03224,1.8556435,5,16.317791,1.8956524,4
MGYG000001397,Gut,1852,-3.5345645,1.3040524,5,-7.145667,-1.775218,5
MGYG000001398,Gut,2682,-1.0749451,11.353874,3,16.275837,1.9257411,4
MGYG000001399,Gut,2871,1.4125568,5.049151,4,-3.0272348,16.503931,2
MGYG000001400,Gut,3408,-1.5598325,12.438919,3,16.403994,1.8003517,4
MGYG000001401,Gut,1828,6.036828,3.1804953,1,-7.994284,8.055381,6
MGYG000001402,Gut,3503,-1.7152193,12.027437,3,16.374525,1.8303202,4
MGYG000001403,Gut,3357,-0.12007182,11.191367,3,10.2757015,5.8226585,4
MGYG000001404,Gut,4619,3.0566943,3.382594,4,9.690276,5.78745,4
MGYG000001405,Gut,4382,-0.21676295,11.465575,3,10.223034,5.81391,4
MGYG000001406.1,Gut,2920,-0.54425794,11.843865,3,10.540309,5.777935,4
MGYG000001407,Gut,3449,-4.838415,12.2414465,2,10.395643,-3.113622,8
MGYG000001408,Gut,2916,6.703046,2.1922362,1,-5.8712964,3.0064824,5
MGYG000001409,Gut,1705,6.3512955,3.6195989,1,13.111311,-14.254619,-1
MGYG000001410,Gut,2174,5.944967,3.2773187,1,-7.9351187,8.026612,6
MGYG000001411,Gut,1581,6.3499765,1.6294785,1,-6.503566,2.7825892,5
MGYG000001412,Gut,4661,-0.20683388,11.478381,3,10.238319,5.825154,4
MGYG000001413,Gut,1794,6.5923696,3.3513927,1,12.349651,13.046541,1
MGYG000001414,Gut,1578,-3.9467444,10.619395,2,8.5708275,-2.2358098,8
MGYG000001415,Gut,2385,4.0705314,3.1995132,4,1.3329928,13.186951,3
MGYG000001416,Gut,2855,6.742074,2.258091,1,-6.026868,2.8814425,5
MGYG000001417,Gut,3590,5.717261,2.3126042,1,-9.53285,10.259074,6
MGYG000001418,Gut,3075,6.7657933,2.174635,1,-5.94306,2.9287605,5
MGYG000001419,Gut,2445,6.4249697,1.6761143,1,-6.0006638,2.9034781,5
MGYG000001420,Gut,2959,4.05452,3.2172132,4,1.3533628,13.150611,3
MGYG000001421,Gut,3132,-2.216453,6.762709,5,16.327875,1.8707795,4
MGYG000001422,Gut,5249,2.1647904,4.6934156,4,-3.0504622,15.678655,2
MGYG000001423,Gut,3241,-4.9553065,12.185437,2,10.59722,-3.311394,8
MGYG000001424,Gut,1680,-3.9349954,10.612566,2,8.672902,-2.0916786,8
MGYG000001425,Gut,1622,-3.8484557,10.5877,2,8.463261,-2.3471591,8
MGYG000001426,Gut,4466,2.719488,-6.0045156,-1,-11.005815,11.451118,6
MGYG000001427,Gut,1874,6.534211,3.1587515,1,12.334052,13.06142,1
MGYG000001428,Gut,4177,-0.43031302,11.639986,3,10.251429,5.8259907,4
MGYG000001429,Gut,2053,3.871487,3.2069805,4,1.2385398,13.286291,3
MGYG000001430,Gut,3172,-2.553605,3.6808996,5,16.335182,1.866138,4
MGYG000001431,Gut,1352,-0.5761634,8.429468,-1,-6.0712185,10.2193165,6
MGYG000001432,Gut,2002,-0.58194876,8.409142,-1,-6.076771,10.216377,6
MGYG000001433,Gut,3940,1.8826216,4.9371824,4,-3.0158184,15.73599,2
MGYG000001434,Gut,2909,-1.784633,3.0115006,5,5.5917535,-3.7318451,8
MGYG000001435,Gut,2080,6.372596,1.5522931,1,-5.830737,3.052964,5
MGYG000001436,Gut,5251,3.2433207,3.2642508,4,9.724956,5.78981,4
MGYG000001437,Gut,2235,-0.65764064,12.159629,3,11.070705,5.691704,4
MGYG000001438,Gut,3294,-0.17918818,11.452211,3,10.326498,5.840692,4
MGYG000001439,Gut,2674,-6.1706266,2.1541502,5,9.539346,-6.3874755,7
MGYG000001440,Gut,1944,-2.9407864,1.8620054,5,-6.5481787,-2.084764,5
MGYG000001441,Gut,1968,6.68293,2.1999724,1,-6.3801303,2.8404167,5
MGYG000001442,Gut,1630,1.1772958,11.041243,3,13.362516,3.9191043,4
MGYG000001443,Gut,6388,3.3384464,-2.9496047,-1,-5.9350734,2.9418783,5
MGYG000001444,Gut,1710,0.7222035,14.222424,-1,-7.0305276,-0.98448724,5
MGYG000001445,Gut,4325,2.7451897,-5.9750814,-1,-10.813301,11.363648,6
MGYG000001446,Gut,2312,6.694408,2.1440434,1,-6.0494347,2.9081757,5
MGYG000001447,Gut,2143,2.9333544,5.6991444,4,-0.8308195,17.216301,2
MGYG000001448,Gut,1955,6.603342,3.273283,1,-6.1563506,2.8713977,5
MGYG000001449,Gut,1475,-0.5911741,12.037032,3,11.093244,5.681481,4
MGYG000001450,Gut,2327,6.4681544,1.6280156,1,-5.9058604,2.994077,5
MGYG000001451,Gut,4872,3.0613568,3.3660893,4,9.670117,5.7811494,4
MGYG000001452,Gut,3239,-1.6952134,12.016079,3,16.366894,1.8369681,4
MGYG000001453,Gut,4674,-0.09727088,11.156007,3,10.225114,5.8061814,4
MGYG000001454,Gut,2633,-2.0774126,0.07625753,5,2.5714571,-4.6813087,8
MGYG000001455.1,Gut,1789,-1.1299756,11.374781,3,16.146168,2.0444233,4
MGYG000001456.1,Gut,2938,-5.997707,1.832313,5,9.598341,-6.206775,7
MGYG000001457,Gut,4820,6.0474534,1.5996637,1,-9.688622,10.328603,6
MGYG000001458,Gut,2642,-4.8485374,11.526364,2,11.82061,2.5218575,4
MGYG000001459,Gut,2044,-4.9559374,11.576809,2,11.869912,2.571317,4
MGYG000001460,Gut,3575,-4.7677765,12.2497835,2,10.351453,-3.0805702,8
MGYG000001461,Gut,4028,2.3663757,5.550173,4,-2.9830256,15.761051,2
MGYG000001462,Gut,1684,-0.5676247,8.380718,-1,-6.0956593,10.197928,6
MGYG000001463,Gut,1612,-0.5140253,8.3950615,-1,-6.1166883,10.178744,6
MGYG000001464,Gut,2317,-4.9598684,11.60414,2,11.868955,2.5710335,4
MGYG000001465,Gut,3689,3.321912,-2.9852498,-1,-10.252978,11.792506,6
MGYG000001466,Gut,3590,3.3375554,-2.9418023,-1,-10.250928,11.787552,6
MGYG000001467,Gut,3242,-2.0857272,2.6131287,5,5.2146773,-4.184033,8
MGYG000001468,Gut,3490,6.7600102,2.1559138,1,-5.92322,2.9154773,5
MGYG000001469,Gut,4433,-0.088940114,11.305786,3,10.240838,5.788802,4
MGYG000001470,Gut,4132,-0.2786365,11.541388,3,10.246732,5.8791676,4
MGYG000001471,Gut,1443,5.7518196,2.3795955,1,-7.708836,2.9952307,5
MGYG000001472,Gut,4863,-0.2513367,11.446504,3,10.218468,5.8398094,4
MGYG000001473,Gut,3044,-4.7460504,11.891497,2,10.304384,-3.0247347,8
MGYG000001474,Gut,3846,-4.2120857,11.398237,2,10.372864,-3.1858516,8
MGYG000001475,Gut,3868,-0.03423773,11.219719,3,10.27645,5.8326287,4
MGYG000001476,Gut,3368,-2.3558776,2.9350631,5,5.2540283,-4.2157865,8
MGYG000001477,Gut,3300,-4.3944955,11.563757,2,10.359643,-3.1104612,8
MGYG000001478,Gut,1841,13.266761,2.934008,0,11.068118,14.316213,1
MGYG000001479,Gut,3264,-4.1018434,11.156391,2,10.459497,-3.1791668,8
MGYG000001480,Gut,2305,6.7137165,2.1795938,1,-6.1737676,2.8383827,5
MGYG000001481,Gut,4331,-0.066544496,11.131299,3,10.258947,5.845689,4
MGYG000001482,Gut,3238,-0.92095566,5.3964458,5,10.364772,5.8565135,4
MGYG000001483,Gut,2732,6.6967697,2.1100764,1,-5.99018,2.9118817,5
MGYG000001484,Gut,2564,6.7162995,2.1904578,1,-5.9710364,2.9345675,5
MGYG000001485,Gut,4075,5.8217354,1.6810669,1,-9.687508,10.342924,6
MGYG000001486,Gut,3193,6.5100284,2.457235,1,-5.922878,2.9285157,5
MGYG000001487,Gut,2558,-0.43648362,11.38537,3,16.36504,1.8356838,4
MGYG000001488,Gut,3065,-0.016296502,11.460391,3,10.317626,5.851102,4
MGYG000001489,Gut,4723,1.4926084,4.96973,4,-3.290491,16.096989,2
MGYG000001490,Gut,1661,5.74191,2.3627653,1,-7.7016287,2.9791906,5
MGYG000001491,Gut,2566,0.41591516,11.446648,3,10.375756,5.8103647,4
MGYG000001492,Gut,2525,0.36008748,11.113063,3,12.875698,5.203916,4
MGYG000001493,Gut,5786,-3.7621717,1.3041714,5,8.6416235,-5.279369,7
MGYG000001494,Gut,2012,-0.4746321,3.8910308,5,-7.921792,8.01572,6
MGYG000001495,Gut,1741,-3.9536278,10.564075,2,8.713733,-2.0505247,8
MGYG000001496,Gut,3521,-4.0864296,1.9804751,5,8.959982,-6.1340537,7
MGYG000001497,Gut,2327,-4.861239,12.046518,2,10.357231,-3.0647113,8
MGYG000001498,Gut,3527,-0.08208513,11.182418,3,10.295474,5.8261595,4
MGYG000001499,Gut,4319,-4.0620003,1.7183355,5,8.799004,-5.948663,7
MGYG000001500,Gut,3076,-2.1786997,0.22680287,5,5.3705134,-3.5236504,8
MGYG000001501,Gut,3562,-0.3866047,11.6254,3,10.316235,5.825315,4
MGYG000001502,Gut,2821,-2.2543528,0.16289213,5,5.3476334,-3.5119348,8
MGYG000001503,Gut,2269,-3.2886064,8.246681,5,-2.5472686,16.30712,2
MGYG000001504,Gut,3291,-4.1006017,11.30894,2,10.36512,-3.0864842,8
MGYG000001505,Gut,1375,-2.8460217,1.798708,5,8.521501,-2.273969,8
MGYG000001506,Gut,1684,-3.7065344,10.70787,2,8.603737,-2.1884387,8
MGYG000001507,Gut,6015,2.9536028,3.414406,4,9.693439,5.7842937,4
MGYG000001508,Gut,3801,-0.09274781,11.2101965,3,10.241762,5.8580766,4
MGYG000001509,Gut,2225,6.471641,1.8131629,1,-6.0785003,2.878207,5
MGYG000001510,Gut,3168,0.37607527,5.766046,4,10.30192,5.8403864,4
MGYG000001511,Gut,2634,-0.5991102,11.766931,3,10.414882,5.800477,4
MGYG000001512,Gut,3054,1.918082,5.311961,4,-2.643463,15.879299,2
MGYG000001513,Gut,2906,-5.019093,12.119834,2,10.54887,-3.2544553,8
MGYG000001514,Gut,4919,3.113578,3.329933,4,9.680685,5.7847023,4
MGYG000001515,Gut,1601,-3.7984266,10.664077,2,8.591719,-2.1939006,8
MGYG000001516,Gut,2049,1.2843146,9.582909,3,13.628736,5.2407093,4
MGYG000001517,Gut,1535,1.1211525,10.014715,3,13.820653,5.45126,4
MGYG000001518,Gut,4451,3.1914177,3.2815878,4,9.680092,5.765007,4
MGYG000001519,Gut,1521,6.9692836,2.7449975,1,12.521678,12.827625,1
MGYG000001520,Gut,3117,1.2205229,9.448082,3,-9.454082,9.967561,6
MGYG000001521,Gut,1521,-3.180073,8.969689,5,8.514452,-2.254178,8
MGYG000001522,Gut,1994,6.223189,1.8468622,1,-6.280445,2.8125935,5
MGYG000001523,Gut,3715,-0.30373704,11.546499,3,10.176006,5.83882,4
MGYG000001524,Gut,1712,6.3219576,3.5437038,1,13.169542,-14.192671,-1
MGYG000001525,Gut,4753,3.2423832,3.3112688,4,9.67473,5.7847333,4
MGYG000001526,Gut,4481,3.0316267,3.3948987,4,9.672212,5.7753053,4
MGYG000001527,Gut,3344,-1.2032895,1.1017184,5,5.164688,-4.8896494,8
MGYG000001528,Gut,2773,-5.243741,1.9616673,5,9.343373,-6.387813,7
MGYG000001529,Gut,2603,1.3734891,5.2753825,4,-3.1319857,16.647932,2
MGYG000001530,Gut,1752,-3.916883,10.597456,2,8.710601,-2.0496416,8
MGYG000001531,Gut,3058,-4.313015,1.4184195,5,9.010638,-5.00622,7
MGYG000001532,Gut,1515,-3.8679888,10.594187,2,8.494517,-2.3132262,8
MGYG000001533,Gut,2459,6.326439,1.497289,1,-5.8028097,3.0486891,5
MGYG000001534,Gut,3026,5.7230225,1.9473116,1,-9.329745,10.079682,6
MGYG000001535,Gut,4762,3.2493544,3.2916622,4,9.668737,5.7690144,4
MGYG000001536,Gut,3786,2.574063,-6.180385,-1,-10.872287,11.411019,6
MGYG000001537,Gut,3487,6.7439237,2.2209272,1,-6.04858,2.8604677,5
MGYG000001538,Gut,2288,6.5226226,3.1508226,1,12.340902,13.052539,1
MGYG000001539,Gut,3005,-2.452873,1.1993859,5,2.7971475,-4.731284,8
MGYG000001540,Gut,2618,6.66112,2.0965369,1,-5.780835,3.0788496,5
MGYG000001541,Gut,1313,0.56517774,5.599253,4,8.479676,-2.3186483,8
MGYG000001542,Gut,4893,3.062216,3.36911,4,9.656964,5.7716365,4
MGYG000001543,Gut,3713,-1.3274169,11.56253,3,10.1958275,-4.7091813,7
MGYG000001544,Gut,2063,6.508307,1.6721333,1,-5.850204,3.0115173,5
MGYG000001545,Gut,1451,2.243648,7.142963,4,12.540085,12.77997,1
MGYG000001546,Gut,2777,4.080519,3.2179663,4,1.3524535,13.149999,3
MGYG000001547,Gut,4038,-3.9717038,2.1018138,5,7.8955317,-3.6999135,8
MGYG000001548,Gut,4835,3.00206,3.393008,4,9.702888,5.7832856,4
MGYG000001549,Gut,4086,-0.12648402,11.378923,3,9.965044,5.818234,4
MGYG000001550,Gut,2248,-2.3672676,3.5532467,5,3.0700548,-5.073985,8
MGYG000001551,Gut,3313,1.3770314,5.0691648,4,-3.0358515,16.481533,2
MGYG000001552,Gut,3724,1.1699957,5.460524,4,-3.2129493,16.728926,2
MGYG000001553,Gut,2395,-4.9899817,12.147053,2,10.552875,-3.2575946,8
MGYG000001554,Gut,2508,6.458907,1.6172869,1,-5.834087,3.0540988,5
MGYG000001555,Gut,1582,-4.952327,11.6120205,2,11.903609,2.604451,4
MGYG000001556,Gut,2291,-2.2259102,0.79583657,5,-6.520895,-2.06845,5
MGYG000001557,Gut,1918,2.1891837,7.140892,4,-0.7086106,16.490824,2
MGYG000001558,Gut,1863,1.1958888,11.049462,3,13.387966,3.9555829,4
MGYG000001559,Gut,1574,-2.0954096,4.925396,5,-6.6520934,-1.4287682,5
MGYG000001560,Gut,2290,-5.162577,2.719654,5,2.2923474,-4.761117,8
MGYG000001561,Gut,2311,1.3328872,3.8143697,4,-6.473112,-1.5987875,5
MGYG000001562,Gut,2546,4.0276914,3.2243242,4,1.3427914,13.154109,3
MGYG000001563,Gut,1370,0.5246603,5.66974,4,8.492958,-2.3156154,8
MGYG000001564,Gut,3685,-3.771322,1.282624,5,8.833212,-5.1193333,7
MGYG000001565,Gut,1902,-1.1681896,3.3775551,5,4.5220795,-2.3021548,8
MGYG000001566,Gut,1463,-6.0605226,2.2527304,5,9.569594,-6.5356627,7
MGYG000001567,Gut,1905,6.538191,3.1374364,1,12.302923,13.11649,1
MGYG000001568,Gut,1166,14.589599,8.067466,0,11.623263,16.099983,1
MGYG000001569,Gut,1608,-2.7292075,7.199656,5,1.3332084,-3.3684494,8
MGYG000001570,Gut,1318,-2.5960224,2.847539,5,2.5640383,-4.8654733,8
MGYG000001571,Gut,4159,-4.280196,1.2991145,5,9.082905,-5.113497,7
MGYG000001572,Gut,1625,-3.3767424,6.999028,5,1.4091871,-3.4267993,8
MGYG000001573,Gut,1225,14.645747,7.9686728,0,11.610634,15.985218,1
MGYG000001574,Gut,951,1.68309,7.256844,4,-8.123503,7.957855,6
MGYG000001575,Gut,1409,6.646877,3.0749168,1,12.468989,12.967964,1
MGYG000001576,Gut,2808,-2.194857,0.7469068,5,5.2249584,-3.368765,8
MGYG000001577,Gut,1942,-1.954753,3.327822,5,7.5987973,-3.2104754,8
MGYG000001578,Gut,1710,13.850198,3.7313159,0,10.974615,14.969028,1
MGYG000001579,Gut,1693,13.931982,3.6769018,0,11.032501,15.075949,1
MGYG000001580,Gut,1128,14.54722,7.976611,0,11.475168,16.030727,1
MGYG000001581,Gut,1726,14.52633,5.3943996,0,11.022515,14.76039,1
MGYG000001582,Gut,1210,14.505123,7.8200703,0,11.4922,16.073147,1
MGYG000001583,Gut,1130,14.554688,7.9207273,0,11.702352,16.085278,1
MGYG000001584,Gut,1062,14.555108,7.903771,0,11.524657,16.098967,1
MGYG000001585,Gut,1637,14.534529,5.5456886,0,11.269366,15.707335,1
MGYG000001586,Gut,1599,14.445682,4.641311,0,11.500175,16.058979,1
MGYG000001587,Gut,1721,14.527463,5.3783784,0,10.913147,14.865713,1
MGYG000001588,Gut,1771,6.5284705,3.1561737,1,12.332688,13.085509,1
MGYG000001589,Gut,2140,-1.2777444,2.9698317,5,-6.5565047,-2.0359294,5
MGYG000001590,Gut,1898,-0.5050255,2.1928537,5,-3.5566947,0.7467312,5
MGYG000001591,Gut,4278,1.4968733,4.955084,4,-3.3000345,16.091377,2
MGYG000001592,Gut,2801,-2.2544088,0.035397246,5,5.307232,-3.4781466,8
MGYG000001593,Gut,2313,-2.4270415,3.6601655,5,3.1065614,-5.049255,8
MGYG000001594,Gut,2357,-5.3533173,1.5110798,5,9.687373,-5.761231,7
MGYG000001595,Gut,1613,-4.343035,10.839102,2,11.847576,2.5477896,4
MGYG000001596,Gut,2913,-4.3951216,1.4609392,5,9.532987,-5.966175,7
MGYG000001597,Gut,2094,-2.4354782,4.0267205,5,2.5568347,-4.8397436,8
MGYG000001598,Gut,2077,-2.1455867,0.045235086,5,5.2143846,-3.323045,8
MGYG000001599,Gut,3208,1.9600002,4.6912966,4,-2.490644,16.204847,2
MGYG000001600,Gut,1090,6.2827144,3.5567904,1,13.19271,-14.169709,-1
MGYG000001601,Gut,1631,-4.143509,11.461402,2,8.581494,-2.5987446,8
MGYG000001602,Gut,2314,-5.4936967,1.7358158,5,9.787695,-5.9810805,7
MGYG000001603,Gut,2190,-4.6412883,1.5178596,5,9.265705,-5.067061,7
MGYG000001604,Gut,2012,4.3228974,5.4126883,4,-0.80743814,14.652796,3
MGYG000001605,Gut,1678,6.5241027,3.4198883,1,12.398004,13.000751,1
MGYG000001606,Gut,3239,-3.6429572,1.6141639,5,8.93934,-4.974836,7
MGYG000001607,Gut,2124,-5.78703,2.1105726,5,9.506514,-6.4988914,7
MGYG000001608,Gut,2572,1.3527635,5.2437096,4,-3.1252666,16.648235,2
MGYG000001609,Gut,2771,-3.8029735,5.148737,5,-6.4342494,-1.9141484,5
MGYG000001610,Gut,1805,-4.111969,11.39954,2,10.318158,-3.0559492,8
MGYG000001611,Gut,1819,-2.05155,0.16630027,5,3.7171223,-3.8931842,8
MGYG000001612,Gut,1091,-3.5101168,1.3233598,5,-6.602444,-2.0771132,5
MGYG000001613,Gut,1155,-1.3454663,11.558667,3,-7.1484046,-1.7256904,5
MGYG000001614,Gut,1333,1.2685344,7.2223067,4,-8.403239,7.7873497,6
MGYG000001615,Gut,5640,-3.8644042,1.5968353,5,8.700877,-5.7712154,7
MGYG000001616,Gut,2508,-2.3425372,0.19505961,5,5.1991544,-3.277512,8
MGYG000001617,Gut,4459,-3.7122848,1.8410053,5,8.673377,-5.187168,7
MGYG000001618,Gut,1557,-4.0891037,11.434008,2,8.57136,-2.697681,8
MGYG000001619,Gut,2599,-4.4674144,1.7147843,5,9.0984125,-4.949708,7
MGYG000001620,Gut,421,-2.3839345,8.424389,5,-5.7535167,-8.623438,0
MGYG000001621,Gut,1292,6.347599,1.6660897,1,-6.4847527,2.7953482,5
MGYG000001622,Gut,3246,-4.0431843,1.4404676,5,8.941587,-5.0261655,7
MGYG000001623,Gut,3440,-4.661894,12.106164,2,10.3783455,-3.111432,8
MGYG000001624,Gut,3373,3.3376951,-2.9239757,-1,-10.22211,11.791136,6
MGYG000001625,Gut,1603,-1.2329735,2.2491407,5,-8.947926,8.887361,6
MGYG000001626,Gut,1956,-2.1071255,6.59021,5,-6.697441,-2.2908635,5
MGYG000001627,Gut,2124,-1.1273615,1.4029493,5,5.2326555,-5.0555773,8
MGYG000001628,Gut,1646,14.380809,4.7768564,0,11.814842,15.253012,1
MGYG000001629,Gut,1402,-2.1178696,6.565921,5,-6.7323146,-2.2942948,5
MGYG000001630,Gut,1766,2.567407,6.748093,4,-0.7658504,16.47249,2
MGYG000001631,Gut,2950,-0.28060922,2.264867,5,-3.5795884,0.7250483,5
MGYG000001632,Gut,1983,-1.3151343,3.241686,5,3.8952608,-3.0842474,8
MGYG000001633,Gut,1951,3.904107,4.551386,4,1.3525507,14.128421,3
MGYG000001634,Gut,1716,14.545127,5.3166113,0,11.398047,14.868531,1
MGYG000001635,Gut,2622,-1.7362571,12.027758,3,16.37117,1.8301312,4
MGYG000001636,Gut,1239,14.649469,8.022421,0,11.898411,15.78831,1
MGYG000001637,Gut,2267,-5.8510194,2.2586396,5,11.270594,-5.4874096,7
MGYG000001638,Gut,1372,6.324875,3.5252585,1,13.136399,-14.229053,-1
MGYG000001639,Gut,3727,6.325786,2.6512396,1,10.200407,5.895756,4
MGYG000001640,Gut,2076,4.1299047,5.331482,4,-0.8781321,14.481692,3
MGYG000001641,Gut,2054,4.163806,4.887295,4,-0.6114876,14.377603,3
MGYG000001642,Gut,1612,14.506043,5.2116184,0,11.437343,15.924396,1
MGYG000001643,Gut,2837,3.9523761,5.241633,4,-1.006226,14.323924,3
MGYG000001644,Gut,2054,4.2775874,5.147447,4,-0.57546663,14.360106,3
MGYG000001645,Gut,2066,-4.018129,8.147178,5,11.489953,-5.9950204,7
MGYG000001646,Gut,1132,-3.8170922,12.132091,2,-8.70643,-10.226416,0
MGYG000001647,Gut,1024,-3.702823,11.942045,2,-8.471194,-10.278995,0
MGYG000001648,Gut,1034,-1.670092,12.815911,3,-2.6267066,-15.049626,0
MGYG000001649,Gut,2130,-3.619442,6.0191393,5,1.4190919,-4.9930105,8
MGYG000001650,Gut,1353,-3.818806,5.2062817,5,4.472304,-2.3565931,8
MGYG000001651,Gut,1857,-4.1024065,7.225378,5,7.5323806,-3.2291896,8
MGYG000001652,Gut,1640,-4.131162,7.8326716,5,11.530723,-5.892535,7
MGYG000001653,Gut,1582,14.62174,5.774114,0,11.362759,15.874723,1
MGYG000001654,Gut,2131,-2.0059836,2.1120427,5,2.3733203,-4.9842424,8
MGYG000001655,Gut,3035,1.1862739,5.4483924,4,-3.2100117,16.731302,2
MGYG000001656,Gut,1585,14.713587,6.678849,0,11.628095,16.144522,1
MGYG000001657,Gut,2058,3.9387212,4.4430304,4,1.3877332,14.14024,3
MGYG000001658,Gut,2130,-1.6171008,3.2055073,5,3.6256723,-4.850049,8
MGYG000001659,Gut,2505,2.5877697,4.7195654,4,-1.5524254,16.746918,2
MGYG000001660,Gut,1825,-3.6946104,8.378045,5,6.201835,-3.294179,8
MGYG000001661,Gut,3031,2.0965405,4.970933,4,-2.6735752,16.043484,2
MGYG000001662,Gut,1031,-2.005631,13.223624,3,-2.6051707,-15.206109,0
MGYG000001663,Gut,2361,4.0136604,3.304256,4,1.3352875,13.22762,3
MGYG000001664,Gut,2201,4.0349636,5.1770296,4,-0.9059317,14.282909,3
MGYG000001665,Gut,1757,-2.656862,4.307164,5,2.4143078,-5.787383,8
MGYG000001666,Gut,2145,4.096697,5.3442774,4,-0.89509207,14.403204,3
MGYG000001668,Gut,1343,-2.2709956,5.5397444,5,2.9421382,-7.7945447,8
MGYG000001669,Gut,943,-0.87283814,11.179653,3,4.8066497,4.3540287,-1
MGYG000001671,Gut,2609,-3.5966775,2.4107766,5,1.7718817,-5.450802,8
MGYG000001672,Gut,948,-2.3817976,13.17525,3,-2.7326717,-15.091488,0
MGYG000001673,Gut,2052,-3.2684414,3.8984182,5,2.495169,-5.5320344,8
MGYG000001674,Gut,1022,-2.4005108,5.404677,5,3.0923247,-7.5652986,8
MGYG000001675,Gut,1913,-1.6712236,2.952906,5,3.908531,-4.1744003,8
MGYG000001676,Gut,861,-1.9477224,13.240373,3,-2.654318,-14.70757,0
MGYG000001677,Gut,1129,-3.7409587,12.053247,2,-8.606208,-10.299681,0
MGYG000001678,Gut,1304,-2.908087,7.7128673,5,-12.27742,1.7381865,-1
MGYG000001679,Gut,1300,14.679212,7.783054,0,11.610974,15.955647,1
MGYG000001680,Gut,1342,-2.6682026,5.762269,5,3.042477,-7.6576467,8
MGYG000001681,Gut,2047,-3.6935523,6.135369,5,0.8945565,-4.719043,8
MGYG000001682,Gut,2046,3.7204409,5.7615194,4,-0.6956874,14.513711,3
MGYG000001683,Gut,2280,-3.6314774,2.2758262,5,10.005008,-6.0248566,7
MGYG000001684,Gut,1807,-3.2290428,3.520913,5,16.16638,2.0270326,4
MGYG000001685,Gut,1807,-3.1232474,7.415102,5,1.7368653,-4.719426,8
MGYG000001686,Gut,1127,6.3399296,3.5002272,1,13.297799,-14.058127,-1
MGYG000001687,Gut,2139,-6.01082,2.185992,5,9.537697,-6.5171204,7
MGYG000001688,Gut,4822,-3.6332579,1.4590946,5,8.6234665,-5.365226,7
MGYG000001689,Gut,5263,-4.287876,1.4985716,5,8.736904,-5.815702,7
MGYG000001690,Gut,3648,-4.420557,2.4204447,5,8.838383,-6.01406,7
MGYG000001691,Gut,3901,4.817185,1.6588752,1,-10.215639,11.325903,6
MGYG000001692,Gut,4230,4.863632,1.6688797,1,-10.219403,11.263285,6
MGYG000001693,Gut,3087,6.2519603,2.669769,1,10.158753,5.9153094,4
MGYG000001694,Gut,2602,0.32613382,11.071281,3,12.846595,5.2027197,4
MGYG000001695,Gut,2288,1.3164229,3.7918143,4,-6.452064,-1.592386,5
MGYG000001696,Gut,4025,0.2534962,11.138153,3,12.81205,5.228863,4
MGYG000001697,Gut,2632,-1.6239653,12.412187,3,16.300323,1.9009093,4
MGYG000001698,Gut,3913,-3.942141,2.4463472,5,9.336593,-5.789699,7
MGYG000001699,Gut,3778,-4.7961545,12.297838,2,10.385358,-3.1118479,8
MGYG000001700,Gut,4189,2.601815,-5.7074046,-1,-11.038006,11.586192,6
MGYG000001701,Gut,2052,6.469349,1.6277318,1,-5.821194,3.0545394,5
MGYG000001702,Gut,3583,-0.14548786,11.3847885,3,10.322872,5.8292994,4
MGYG000001703,Gut,4269,2.8761823,-4.2678447,-1,-10.209399,11.29701,6
MGYG000001704,Gut,2812,-5.4102025,1.730993,5,9.622352,-5.949838,7
MGYG000001705,Gut,4539,2.5187626,-5.5576887,-1,-11.104826,11.634914,6
MGYG000001706,Gut,1866,-0.4899889,8.414734,-1,-5.910291,10.381478,6
MGYG000001707,Gut,2516,-5.7906394,2.0837297,5,11.611299,-5.854631,7
MGYG000001708,Gut,3530,3.3282323,-2.9717867,-1,-10.249635,11.783787,6
MGYG000001709,Gut,1863,6.6925144,3.14121,1,12.378853,13.069557,1
MGYG000001710,Gut,3417,-4.1838207,2.4238145,5,8.923091,-6.1060896,7
MGYG000001711,Gut,2194,-1.1959695,11.469474,3,16.124743,2.0667067,4
MGYG000001712,Gut,5199,-0.6142768,11.754765,3,10.229493,5.8163543,4
MGYG000001713,Gut,4364,1.878894,7.3812394,4,-10.216964,11.303192,6
MGYG000001714,Gut,3014,-5.4612417,1.9229287,5,9.608611,-6.12559,7
MGYG000001715,Gut,1538,14.738963,7.1322446,0,11.591487,16.149693,1
MGYG000001717,Gut,1657,14.249777,4.287843,0,11.348177,15.42308,1
MGYG000001718,Gut,1624,14.333457,4.5365496,0,11.311253,15.891187,1
MGYG000001720,Gut,2490,3.5981727,6.460187,4,-1.0250875,17.39592,2
MGYG000001723,Gut,2110,1.3232502,1.7703102,-1,4.886064,-2.353038,8
MGYG000001724,Gut,1097,14.621172,8.098923,0,11.587228,16.204992,1
MGYG000001725,Gut,2333,-2.4149814,2.8905632,5,2.3460724,-4.727115,8
MGYG000001726,Gut,1560,14.660093,6.946884,0,11.583926,16.201466,1
MGYG000001727,Gut,1964,-4.24331,6.9407682,5,7.570034,-3.2285974,8
MGYG000001728,Gut,1747,-3.947039,2.229573,5,2.926752,-4.957201,8
MGYG000001729,Gut,1991,-3.9711525,6.927167,5,7.5950294,-3.213299,8
MGYG000001731,Gut,1597,14.68051,6.34174,0,11.578995,16.245754,1
MGYG000001732,Gut,2378,-3.073925,2.2512987,5,1.5569223,-5.420518,8
MGYG000001733,Gut,1527,-2.0663846,0.70909846,5,4.430023,-3.1651607,8
MGYG000001735,Gut,3793,1.4798025,4.986114,4,-3.2879472,16.121233,2
MGYG000001736,Gut,1650,13.906221,3.63426,0,11.145255,15.76929,1
MGYG000001737,Gut,1585,-2.9674463,7.11697,5,1.3505027,-3.388046,8
MGYG000001738,Gut,2309,4.1152606,5.634991,4,-0.9526181,14.41209,3
MGYG000001739,Gut,1107,-3.949228,12.570018,2,-8.768611,-10.296526,0
MGYG000001740,Gut,1449,6.2238803,3.5047584,1,13.380188,-13.971843,-1
MGYG000001741,Gut,1647,14.196271,4.247327,0,11.431452,15.449062,1
MGYG000001742,Gut,2479,-2.1185732,0.3968117,5,5.2361207,-3.3534904,8
MGYG000001743,Gut,889,-2.5097497,13.083252,3,-2.6442852,-14.816825,0
MGYG000001744,Gut,1673,14.418925,4.46558,0,10.94519,15.514765,1
MGYG000001745,Gut,2316,-4.3173237,7.5582843,5,11.658978,-5.855756,7
MGYG000001746,Gut,1144,-3.5230536,12.004244,2,-8.671946,-10.18657,0
MGYG000001747,Gut,1668,-3.712159,5.5331726,5,3.0972996,-5.547056,8
MGYG000001748,Gut,3233,-4.1757927,1.4362684,5,8.927553,-5.9660416,7
MGYG000001749,Gut,2602,-1.5451808,3.0904868,5,2.671088,-4.789502,8
MGYG000001750,Gut,2254,2.0115974,4.4456215,4,-2.3368254,16.389482,2
MGYG000001752,Gut,916,-2.767957,13.385209,3,-2.6314266,-14.627562,0
MGYG000001753,Gut,1725,14.069883,3.7330906,0,10.99494,15.021047,1
MGYG000001754,Gut,1494,-1.9605689,0.951614,5,3.7429872,-3.0493927,8
MGYG000001756,Gut,2151,-3.5106983,6.316045,5,0.8916822,-4.7590623,8
MGYG000001757,Gut,1998,-3.7027066,5.94194,5,0.92717403,-4.699804,8
MGYG000001758,Gut,1808,-5.076887,1.5695883,5,9.669979,-5.7703,7
MGYG000001759,Gut,1649,14.493444,4.1690807,0,11.430786,15.535848,1
MGYG000001760,Gut,2224,-1.2679751,3.3285413,5,2.6981602,-4.808251,8
MGYG000001761,Gut,2119,-1.2463701,1.0754384,5,5.197023,-5.0228686,8
MGYG000001762,Gut,1602,-2.0601964,4.948322,5,-6.688142,-1.4476603,5
MGYG000001763,Gut,1998,4.007703,6.471352,4,-0.87446225,17.12157,2
MGYG000001764,Gut,1538,-3.3650863,5.616197,5,2.5893514,-6.0533485,8
MGYG000001765,Gut,1626,-2.1068013,3.1606412,5,2.541748,-5.9770203,8
MGYG000001766,Gut,1401,-3.193567,5.7553945,5,2.1422284,-6.175587,8
MGYG000001767,Gut,1397,3.937162,4.5750184,4,1.1952642,14.002136,3
MGYG000001768,Gut,867,-2.4410837,4.337281,5,-12.046366,1.9542792,-1
MGYG000001769,Gut,1794,-3.4649858,6.1259007,5,1.6192935,-3.5623817,8
MGYG000001770,Gut,2227,3.3124495,6.724343,4,-1.0813525,17.311308,2
MGYG000001771,Gut,1112,2.7526255,4.786828,4,-0.7564542,16.471298,2
MGYG000001772,Gut,1746,4.0525374,4.4479175,4,1.1008643,14.036573,3
MGYG000001773,Gut,1051,-1.1965077,6.458498,5,3.427938,-7.3074155,8
MGYG000001774,Gut,2024,4.0500984,4.414036,4,1.0999295,14.036437,3
MGYG000001775,Gut,1865,3.920501,5.5430145,4,-0.5796268,14.575158,3
MGYG000001776,Gut,1165,-2.770904,13.368668,3,-2.595546,-15.201459,0
MGYG000001777,Gut,2143,-5.823313,2.39817,5,11.563712,-5.7265897,7
MGYG000001778,Gut,1328,-2.131495,6.325936,5,-6.7409577,-2.3317397,5
MGYG000001779,Gut,2019,-3.3808143,3.1013618,5,2.4474804,-5.482585,8
MGYG000001780,Gut,4606,2.1824386,4.6185,4,-3.0271108,15.694355,2
MGYG000001781,Gut,2204,-1.9775462,0.43915647,5,2.7602947,-4.757999,8
MGYG000001782,Gut,1346,-2.6810532,8.2885,5,-12.254281,1.7690972,-1
MGYG000001783,Gut,2364,2.195079,4.438855,4,-2.3639786,16.37723,2
MGYG000001784,Gut,2544,-0.3333369,2.2337613,5,-3.5804105,0.72362745,5
MGYG000001785,Gut,1170,-1.6909676,12.541125,3,4.514342,4.641812,-1
MGYG000001786,Gut,761,-3.723634,12.23254,2,-5.540552,-9.222705,0
MGYG000001787,Gut,2574,2.0511544,4.417228,4,-2.4874303,16.338404,2
MGYG000001788,Gut,1546,14.324148,4.3950295,0,11.427398,15.96317,1
MGYG000001789,Gut,2685,2.3478694,4.8391395,4,-2.3507254,16.341475,2
MGYG000001790,Gut,1550,-2.102996,6.725197,5,-6.768205,-2.3646896,5
MGYG000001791,Gut,1222,-1.2911675,3.657413,5,-16.861032,10.495476,-1
MGYG000001792,Gut,2219,-0.46820512,3.9610038,5,-16.539215,10.133137,-1
MGYG000001793,Gut,2258,-5.2533574,1.8337308,5,11.589263,-5.729776,7
MGYG000001794,Gut,406,-2.3214407,8.765569,5,-5.547312,-9.2455435,0
MGYG000001795,Gut,1978,4.012639,5.7880025,4,-0.5977895,14.576926,3
MGYG000001797,Gut,3072,-4.8492956,1.4916501,5,11.452516,-5.622798,7
MGYG000001798,Gut,2012,-3.566676,6.1259775,5,0.9234234,-4.8413086,8
MGYG000001799,Gut,1037,-3.446869,5.8998075,5,1.3995652,-3.4149241,8
MGYG000001800,Gut,1167,-1.7868216,12.248143,3,4.650828,4.5074983,-1
MGYG000001801,Gut,1003,-2.592248,7.372415,5,-5.988578,-9.471547,0
MGYG000001802,Gut,1714,1.2863785,3.7397416,4,-6.5168767,-1.5255619,5
MGYG000001803,Gut,1656,3.9002395,4.587867,4,1.3182503,14.071007,3
MGYG000001804,Gut,1724,3.985833,4.4059677,4,1.0642349,14.004228,3
MGYG000001805,Gut,1331,4.182108,6.1056466,4,-1.0695038,17.009949,2
MGYG000001806,Gut,2095,4.1686726,5.8983545,4,-1.1000994,17.078707,2
MGYG000001807,Gut,1683,2.6232579,4.7640176,4,-2.3975163,16.345089,2
MGYG000001808,Gut,1079,-1.8851211,0.6607308,5,1.4755723,-4.979302,8
MGYG000001809,Gut,3303,-3.9919991,2.0133014,5,9.587217,-5.6148076,7
MGYG000001810,Gut,2470,-4.3386364,2.5675924,5,9.5622,-6.429929,7
MGYG000001811,Gut,1803,-5.4231534,1.9782488,5,11.372494,-5.506017,7
MGYG000001812,Gut,1963,-0.5022898,3.9590893,5,-16.604101,10.206542,-1
MGYG000001813,Gut,1005,14.626634,8.113471,0,11.507294,16.250954,1
MGYG000001814,Gut,3317,-5.650898,1.5778664,5,10.921902,-5.1916175,7
MGYG000001815,Gut,1449,6.27565,3.9147892,1,13.38144,-13.970135,-1
MGYG000001816,Gut,1569,6.65067,3.235706,1,13.296671,-14.061952,-1
MGYG000001817,Gut,1961,-3.2381346,6.247997,5,1.5122126,-5.853703,8
MGYG000001818,Gut,1266,-3.1254544,5.96129,5,2.3540401,-6.013407,8
MGYG000001819,Gut,1928,-3.9091203,7.1910667,5,7.595333,-3.2158585,8
MGYG000001820,Gut,2246,-5.071704,2.3450086,5,5.974159,-3.2974665,8
MGYG000001821,Gut,1869,-1.6384037,3.6265361,5,2.2971148,-5.7973456,8
MGYG000001822,Gut,2020,-2.8439953,2.0712788,5,3.0616202,-5.111302,8
MGYG000001823,Gut,2219,-1.2321217,2.8449502,5,3.420163,-4.957043,8
MGYG000001824,Gut,1579,-1.6588302,1.3772602,5,4.4398065,-3.1168182,8
MGYG000001825,Gut,1013,-3.7383146,12.277709,2,-8.706078,-10.164571,0
MGYG000001826,Gut,1849,2.1335764,4.4293056,4,16.136093,2.0525959,4
MGYG000001827,Gut,1332,-3.6133041,5.968313,5,3.3125722,-7.4601073,8
MGYG000001828,Gut,777,0.83091617,6.3038464,4,4.8211727,4.3385425,-1
MGYG000001831,Gut,3102,-4.114989,7.7524834,5,11.376363,-5.5739756,7
MGYG000001832,Gut,2329,-0.3263378,2.267291,5,-3.5483065,0.7560822,5
MGYG000001833,Gut,1754,-3.7531068,7.901625,5,6.186275,-3.2943194,8
MGYG000001834,Gut,641,-2.1358998,8.484434,5,-5.524908,-9.210148,0
MGYG000001835,Gut,2583,1.9509153,4.633578,4,-2.400025,16.376778,2
MGYG000001836,Gut,1043,-1.2122984,6.577013,5,3.4504402,-7.2867894,8
MGYG000001837,Gut,1417,-2.6749077,6.087447,5,2.2352443,-6.1219225,8
MGYG000001838,Gut,1519,-2.9450665,7.642012,5,-12.315052,1.7146256,-1
MGYG000001839,Gut,1775,4.076511,5.5864882,4,-0.5836767,14.487887,3
MGYG000001840,Gut,973,-1.7203627,12.052951,3,-2.663211,-15.110926,0
MGYG000001841,Gut,1591,-1.2913287,3.1924517,5,3.915448,-3.1132023,8
MGYG000001842,Gut,1663,14.110489,3.97352,0,11.355487,15.40254,1
MGYG000001843,Gut,1006,-2.2727644,5.535701,5,3.1354856,-7.3685837,8
MGYG000001844,Gut,843,-2.4438927,4.0671115,5,2.9745107,-7.798897,8
MGYG000001845,Gut,474,-2.1497312,8.503666,5,-5.492554,-9.201883,0
MGYG000001846,Gut,1361,-1.1845978,6.6044946,5,3.0389085,-7.708053,8
MGYG000001848,Gut,2003,-5.178381,1.761134,5,11.580678,-5.7482805,7
MGYG000001850,Gut,1823,-2.6571262,4.4816337,5,2.3773172,-5.769746,8
MGYG000001851,Gut,1200,-3.6121063,5.238291,5,3.215968,-7.466873,8
MGYG000001852,Gut,1077,-2.7950454,5.673649,5,3.1893656,-7.482623,8
MGYG000001853,Gut,801,-1.9861751,8.369493,5,-5.5303655,-9.22729,0
MGYG000001854,Gut,1079,-2.8325796,5.538193,5,3.172151,-7.455564,8
MGYG000001855,Gut,2081,-5.3252187,1.9165055,5,11.605555,-5.6956897,7
MGYG000001856,Gut,1412,0.80953467,6.762578,4,5.4343905,7.430806,-1
MGYG000001857,Gut,1423,-2.1919444,6.9040256,5,-8.955376,8.312845,6
MGYG000001858,Gut,1732,-2.1946032,6.527139,5,-6.750844,-2.328659,5
MGYG000001859,Gut,1783,-2.1986854,6.3112984,5,-6.751154,-2.3519106,5
MGYG000001860,Gut,1655,-3.2288754,5.924239,5,2.1928763,-5.831055,8
MGYG000001861,Gut,972,-3.8100724,12.446525,2,-8.471197,-10.187236,0
MGYG000001862,Gut,1980,-5.0817165,2.2962584,5,6.0252805,-3.2913208,8
MGYG000001863,Gut,986,-2.160931,6.0602937,5,3.1700015,-7.3636127,8
MGYG000001864,Gut,987,-2.2010913,5.7730885,5,3.170249,-7.3214974,8
MGYG000001865,Gut,1541,-3.4514117,6.232909,5,2.1773582,-5.587892,8
MGYG000001866,Gut,1998,3.589498,6.4184866,4,-0.8505357,17.074385,2
MGYG000001867,Gut,1817,4.0656962,5.4634447,4,-0.72620916,14.45481,3
MGYG000001868,Gut,1389,4.0742893,5.001742,4,-0.20963523,14.550335,3
MGYG000001869,Gut,1474,-3.4628525,4.6705847,5,2.5388014,-5.9738855,8
MGYG000001870,Gut,1746,-2.1454022,6.3260365,5,-6.7369866,-2.3180957,5
MGYG000001871,Gut,2004,3.53866,5.8630786,4,-0.72713774,14.668318,3
MGYG000001873,Gut,2245,-3.8515382,2.7804394,5,9.61976,-5.702613,7
MGYG000001874,Gut,1374,-2.7476213,7.544342,5,-12.272466,1.753506,-1
MGYG000001875,Gut,1299,-2.4641414,7.7467494,5,-12.287188,1.7077488,-1
MGYG000001876,Gut,2430,-4.382673,1.3757081,5,10.477066,-5.357463,7
MGYG000001878,Gut,2614,1.7449929,4.76654,4,-2.7110436,16.345064,2
MGYG000001879,Gut,1145,-3.1303606,5.5622525,5,2.36841,-6.094698,8
MGYG000001880,Gut,1464,-3.2241762,6.188066,5,2.6373994,-5.951832,8
MGYG000001881,Gut,1807,-0.46768996,1.90652,5,-16.932375,10.572014,-1
MGYG000001883,Gut,1053,-3.7430048,11.992444,2,-8.481754,-10.252598,0
MGYG000001884,Gut,2233,-0.5084944,3.9671972,5,-16.545843,10.139086,-1
MGYG000001885,Gut,1483,4.3439617,5.280638,4,-0.39912343,14.520602,3
MGYG000001886,Gut,2177,3.1028383,4.8598256,4,-1.8668011,16.592115,2
MGYG000001887,Gut,2115,-3.5051532,6.2203918,5,0.67204654,-4.8890967,8
MGYG000001888,Gut,824,-2.1904814,4.320594,5,2.9829369,-7.7190623,8
MGYG000001889,Gut,1504,-2.7750115,5.357521,5,2.801585,-5.8190866,8
MGYG000001890,Gut,1738,-2.8471694,6.7362437,5,-8.972201,8.349336,6
MGYG000001891,Gut,1792,-3.6374023,6.832415,5,4.00645,-3.8323028,8
MGYG000001892,Gut,1268,1.2076932,7.1539397,4,-8.416896,7.77278,6
MGYG000001893,Gut,1867,-4.1826644,6.9422803,5,7.598773,-3.1986327,8
MGYG000001894,Gut,1313,-1.4298594,5.4907336,5,-2.5992565,5.8900957,5
MGYG000001895,Gut,1345,-2.6894329,8.405637,5,-12.311078,1.7258091,-1
MGYG000001896,Gut,1718,-2.856057,6.0501676,5,1.5823697,-5.8766637,8
MGYG000001897,Gut,1004,-2.9413958,13.513873,3,-2.7036154,-14.650164,0
MGYG000001898,Gut,2412,2.6320157,5.2752695,4,-2.7263618,16.371515,2
MGYG000001899,Gut,1360,-2.6347804,8.642972,5,-12.304722,1.7575264,-1
MGYG000001900,Gut,1616,1.231757,7.169342,4,-8.378806,7.7948294,6
MGYG000001901,Gut,1074,-2.4497635,8.419507,5,-5.989443,-9.473077,0
MGYG000001902,Gut,1426,-3.4249234,5.91719,5,1.6681966,-5.9145713,8
MGYG000001903,Gut,1727,-2.7953112,6.0189414,5,1.5224893,-5.8842034,8
MGYG000001904,Gut,757,-2.734512,6.066651,5,3.3876355,-7.244823,8
MGYG000001905,Gut,1299,-2.0816333,2.947719,5,2.5598493,-6.3584213,8
MGYG000001906,Gut,1546,-2.9227254,7.6775618,5,-12.285172,1.7512766,-1
MGYG000001907,Gut,569,-2.2663958,8.656131,5,-5.5227766,-9.215537,0
MGYG000001908,Gut,2029,-3.5507708,6.2642555,5,0.98374975,-4.825666,8
MGYG000001909,Gut,1480,-2.597716,3.197771,5,2.3306527,-5.956564,8
MGYG000001910,Gut,2364,4.0112963,5.4296856,4,-0.9855918,14.412775,3
MGYG000001911,Gut,2072,3.442282,6.492449,4,-3.579675,0.7239602,5
MGYG000001912,Gut,1614,-2.4535885,2.2406554,5,1.5945108,-3.6194458,8
MGYG000001913,Gut,1644,-2.9650726,5.602738,5,2.653039,-6.0305524,8
MGYG000001914,Gut,1182,-2.0982509,3.8900476,5,2.952397,-7.7989044,8
MGYG000001915,Gut,897,14.620619,8.093569,0,11.474694,15.984568,1
MGYG000001916,Gut,1320,14.679633,7.9783854,0,11.434947,15.9317665,1
MGYG000001917,Gut,902,-1.8606278,12.935459,3,-2.6824076,-14.758116,0
MGYG000001918,Gut,1815,2.393819,6.9669905,4,-0.76047015,16.497173,2
MGYG000001919,Gut,1766,-3.8283274,5.275719,5,4.5148745,-2.303489,8
MGYG000001920,Gut,2377,2.2845786,4.964393,4,-2.315881,16.418863,2
MGYG000001921,Gut,1933,-0.467237,1.8882637,5,-16.916403,10.555886,-1
MGYG000001922,Gut,937,-3.7840884,12.298942,2,-8.391651,-10.109532,0
MGYG000001923,Gut,1975,0.9561307,6.735035,4,-7.85507,8.01941,6
MGYG000001924,Gut,1297,-2.9116392,7.669874,5,-12.285914,1.7261913,-1
MGYG000001925,Gut,2668,2.3757274,4.8506494,4,-2.3811529,16.357107,2
MGYG000001926,Gut,921,-2.1762164,12.728584,3,-2.4135003,-14.855287,0
MGYG000001927,Gut,2061,4.012139,6.1802096,4,-1.06446,17.092478,2
MGYG000001928,Gut,1194,-1.6858875,12.571215,3,4.5179067,4.638953,-1
MGYG000001929,Gut,1973,4.0467215,5.2096243,4,-0.6103501,14.480716,3
MGYG000001930,Gut,1110,-1.1929923,6.6242537,5,3.499315,-7.2725277,8
MGYG000001931,Gut,2434,2.3854208,5.030194,4,-0.8499533,14.677327,3
MGYG000001932,Gut,1541,-2.2280636,2.7251132,5,3.0730045,-5.617184,8
MGYG000001933,Gut,2054,3.9147384,6.5402317,4,-0.8721809,17.157097,2
MGYG000001934,Gut,1644,-3.6141908,5.496324,5,2.490961,-5.966326,8
MGYG000001935,Gut,1601,14.714988,6.8983216,0,11.417429,16.096987,1
MGYG000001936,Gut,1680,-1.5467577,1.1852403,5,2.214996,-5.9144506,8
MGYG000001937,Gut,1733,4.2538943,5.3154716,4,-0.4024243,14.5589,3
MGYG000001938,Gut,1743,3.9887471,5.771895,4,-0.30181175,14.617749,3
MGYG000001939,Gut,1544,-2.266587,5.540618,5,2.8795097,-7.8855696,8
MGYG000001940,Gut,1967,-3.4873953,7.344329,5,0.9459925,-4.714683,8
MGYG000001941,Gut,635,-2.1592953,8.500953,5,-5.5033255,-9.204659,0
MGYG000001942,Gut,1311,-3.7781582,12.4768915,2,-8.907013,-10.180013,0
MGYG000001944,Gut,1778,-1.4971923,3.6383924,5,-6.351061,-1.4233328,5
MGYG000001945,Gut,613,-2.0822875,8.208714,5,-5.5348945,-9.244416,0
MGYG000001946,Gut,774,-2.9784262,13.515043,3,-2.6984017,-14.685255,0
MGYG000001947,Gut,1850,-3.8337061,5.0644765,5,4.6208754,-2.2207685,8
MGYG000001948,Gut,2193,3.9609573,5.734403,4,-0.95397186,14.428455,3
MGYG000001949,Gut,1745,-2.1918266,0.3448,5,5.034712,-3.2906826,8
MGYG000001950,Gut,1311,-2.7294335,7.3829794,5,-12.29504,1.7361144,-1
MGYG000001951,Gut,2074,4.170933,5.4764304,4,-0.79703385,14.433863,3
MGYG000001952,Gut,2548,-3.6721463,1.5738126,5,9.039282,-4.9687095,7
MGYG000001953,Gut,2076,-3.8995318,2.5825853,5,7.6190324,-3.22921,8
MGYG000001954,Gut,2906,-3.6798918,1.5796435,5,8.975505,-4.9935327,7
MGYG000001955,Gut,2357,-3.492141,2.3168695,5,9.973095,-6.007518,7
MGYG000001956,Gut,1451,-3.0429757,6.4046755,5,1.3642938,-3.396039,8
MGYG000001957,Gut,1371,-3.6917892,10.770514,2,4.5382195,4.617807,-1
MGYG000001958,Gut,1468,-2.2268898,0.10696094,5,5.0952396,-3.3383703,8
MGYG000001959,Gut,890,-2.9521866,13.467926,3,-2.7480397,-14.890188,0
MGYG000001960,Gut,1417,-2.8607783,7.6389904,5,-12.286611,1.7215403,-1
MGYG000001961,Gut,2042,-3.419596,2.2891426,5,10.002429,-5.980503,7
MGYG000001962,Gut,1059,-1.8917873,12.481537,3,-2.5930882,-15.226372,0
MGYG000001963,Gut,2476,2.412901,5.5908136,4,-2.3694682,16.412527,2
MGYG000001964,Gut,2613,-5.1161494,1.8215618,5,10.915933,-5.185444,7
MGYG000001965,Gut,2394,-4.2999353,2.170285,5,10.961853,-5.241363,7
MGYG000001966,Gut,655,-2.2352862,8.678393,5,-5.557703,-9.2519,0
MGYG000001967,Gut,1338,-3.8053417,12.438246,2,-8.906213,-10.190685,0
MGYG000001968,Gut,435,-1.9297386,12.274819,3,-2.6908252,-14.93565,0
MGYG000001969,Gut,1482,-1.7980201,3.3870342,5,3.8469458,-3.1894917,8
MGYG000001970,Gut,2968,-4.0708847,1.5113508,5,11.144836,-5.364152,7
MGYG000001971,Gut,3085,-4.0666313,1.413771,5,8.909604,-5.0513086,7
MGYG000001972,Gut,2488,3.6532824,6.47659,4,-0.99340767,17.353624,2
MGYG000001973,Gut,1190,-2.3191533,5.5206823,5,3.4298842,-7.2312717,8
MGYG000001974,Gut,1019,-1.7334548,5.905467,5,-2.6535363,5.8798375,5
MGYG000001975,Gut,2178,3.908073,6.5565395,4,-0.9346387,17.235521,2
MGYG000001976,Gut,1427,5.8189964,3.3365746,1,-7.9702373,7.998983,6
MGYG000001977,Gut,3305,2.3767142,4.6765885,4,-2.834147,15.888208,2
MGYG000001978,Gut,1028,-2.245062,5.715829,5,3.4045131,-7.3180623,8
MGYG000001979,Gut,1318,-1.9663637,0.20745549,5,2.738582,-4.7418995,8
MGYG000001980,Gut,1456,-2.1399016,6.3028255,5,-6.7595024,-2.2789576,5
MGYG000001981,Gut,1643,3.5595045,5.0947657,4,-0.68362266,16.382475,2
MGYG000001982,Gut,1719,14.067654,4.036769,0,10.929183,14.874108,1
MGYG000001983,Gut,2297,-2.1125088,0.5324431,5,5.203641,-3.293143,8
MGYG000001984,Gut,1541,-2.750914,5.985605,5,2.160072,-6.047294,8
MGYG000001985,Gut,1239,-1.4061471,5.4941,5,-2.5966985,5.9182596,5
MGYG000001986,Gut,1659,14.375527,4.2044005,0,11.104229,15.518393,1
MGYG000001987,Gut,2172,-3.6151953,6.0177684,5,0.66303855,-4.9028687,8
MGYG000001988,Gut,3410,-3.998613,2.6517024,5,9.322135,-5.819391,7
MGYG000001989,Gut,1162,-3.718951,12.362945,2,-8.806364,-10.213624,0
MGYG000001991,Gut,1152,-3.6899722,11.787905,2,-8.664029,-10.220351,0
MGYG000001992,Gut,1642,14.7093725,6.413551,0,11.241938,15.790417,1
MGYG000001993,Gut,1721,14.316546,4.326812,0,10.9133835,14.809439,1
MGYG000001994,Gut,2381,-6.0619116,2.171889,5,9.48272,-6.4335485,7
MGYG000001995,Gut,3495,1.6496658,5.0242987,4,-3.1917515,16.162775,2
MGYG000001996,Gut,1712,14.284738,4.484946,0,10.896267,15.029339,1
MGYG000001998,Gut,1942,-4.0722766,7.5725985,5,11.611835,-5.502695,7
MGYG000002000,Gut,781,-2.415549,5.788561,5,3.4146552,-7.24304,8
MGYG000002001,Gut,1864,-3.7833784,5.328085,5,1.6637892,-3.632561,8
MGYG000002002,Gut,917,-2.7356737,13.336918,3,-2.41393,-14.723378,0
MGYG000002004,Gut,1263,-3.438258,5.28484,5,2.6074052,-6.1362605,8
MGYG000002005,Gut,1253,-1.4440978,1.9413104,5,3.9928503,-3.8147583,8
MGYG000002006,Gut,2644,-2.126871,0.3692484,5,5.35842,-3.5038078,8
MGYG000002007,Gut,2046,4.1106944,3.1573598,4,1.2894037,13.281711,3
MGYG000002008,Gut,1747,-2.9457395,5.3732047,5,0.6995131,-4.8755507,8
MGYG000002009,Gut,1085,-1.728733,3.872891,5,3.3557274,-7.1763496,8
MGYG000002010,Gut,998,-3.1363432,3.2387927,5,7.6829987,-3.0912485,8
MGYG000002011,Gut,1750,-1.2505951,2.4498794,5,3.4740062,-4.9565644,8
MGYG000002013,Gut,1708,14.029311,3.3771677,0,11.155045,15.09093,1
MGYG000002014,Gut,1885,-3.395345,2.9817204,5,16.170296,2.0212333,4
MGYG000002015,Gut,1044,3.4821553,7.1914673,4,0.66559374,14.925482,3
MGYG000002016,Gut,2109,-2.287235,0.86805993,5,3.9462292,-4.2138023,8
MGYG000002017,Gut,987,-1.3530573,1.2490389,5,5.14816,-5.0098257,8
MGYG000002018,Gut,1848,-3.8179634,2.205031,5,9.943538,-6.277183,7
MGYG000002019,Gut,1782,-2.9323108,5.0137486,5,1.4490782,-3.4638975,8
MGYG000002020,Gut,1783,13.5793915,3.4790874,0,11.159186,14.60296,1
MGYG000002021,Gut,1279,-1.3327178,5.3674088,5,-2.6212804,5.90755,5
MGYG000002022,Gut,1917,-1.7219642,3.7966444,5,-6.3167667,-1.4371333,5
MGYG000002023,Gut,1668,6.526086,3.3000984,1,13.144058,-14.219149,-1
MGYG000002024,Gut,1263,-1.9239403,12.579409,3,-2.5868597,-15.298279,0
MGYG000002025,Gut,2405,-4.2790136,1.4767878,5,9.719355,-5.6814528,7
MGYG000002026,Gut,1720,-1.9571692,0.8665763,5,4.610271,-2.6366682,8
MGYG000002027,Gut,1245,-2.1272838,6.0775642,5,3.391695,-7.2517295,8
MGYG000002028,Gut,1712,14.202302,3.9748285,0,11.2185335,14.946935,1
MGYG000002029,Gut,1975,-3.7541885,1.8116583,5,9.82271,-5.944115,7
MGYG000002030,Gut,1306,-2.2888522,4.7076693,5,4.6726418,4.4871836,-1
MGYG000002031,Gut,1783,-1.7808928,3.387634,5,2.1618273,-5.8501487,8
MGYG000002032,Gut,1745,13.84071,3.5127633,0,10.889443,14.647795,1
MGYG000002033,Gut,3096,1.5306795,5.0458555,4,-3.1292765,16.226562,2
MGYG000002034,Gut,1713,-1.228599,3.2025242,5,3.9122286,-3.1415217,8
MGYG000002035,Gut,1863,-2.296464,0.15136647,5,5.132665,-3.3441174,8
MGYG000002036,Gut,1268,-1.3421005,3.3661919,5,4.4934964,-2.3212774,8
MGYG000002037,Gut,1696,-1.1380657,1.1916366,5,5.299686,-5.104479,8
MGYG000002038,Gut,1952,-1.4890747,3.0710588,5,2.2788017,-5.538292,8
MGYG000002039,Gut,1388,-1.9546045,0.52258503,5,3.746595,-3.9116879,8
MGYG000002040,Gut,1927,-1.4864337,1.3083597,5,5.4947767,-5.237401,8
MGYG000002041,Gut,1640,14.265919,4.473002,0,11.925992,15.195286,1
MGYG000002042,Gut,1719,-1.9944868,0.8663551,5,2.411153,-5.4700522,8
MGYG000002043,Gut,1425,14.630028,6.580493,0,11.908417,15.753818,1
MGYG000002044,Gut,1158,1.1243672,9.955923,3,13.680549,5.264557,4
MGYG000002045,Gut,1541,-1.3868855,3.0934577,5,3.852623,-3.200205,8
MGYG000002046,Gut,908,-3.932022,2.5398676,5,10.941198,-5.4669614,7
MGYG000002047,Gut,1647,-1.6285317,3.4112628,5,2.4297154,-5.962143,8
MGYG000002048,Gut,1484,14.634311,6.5454116,0,11.923479,15.746831,1
MGYG000002049,Gut,1432,4.270671,5.0853786,4,-0.1582188,14.6275215,3
MGYG000002050,Gut,1714,14.124508,3.9274864,0,11.336759,15.079015,1
MGYG000002051,Gut,2346,3.559523,6.4323764,4,-1.0209615,17.427656,2
MGYG000002052,Gut,1110,-1.5006081,3.5491679,5,9.155464,-4.609934,7
MGYG000002053,Gut,1050,-2.9803317,2.0215385,5,-7.1581116,-1.7700099,5
MGYG000002054,Gut,1680,14.313407,3.7893784,0,11.890653,15.0285845,1
MGYG000002055,Gut,1607,14.435028,5.028572,0,11.808763,15.673709,1
MGYG000002056,Gut,2176,-3.6177943,4.7690687,5,0.6120786,-4.922653,8
MGYG000002057,Gut,1786,-2.0950413,0.72716194,5,4.832822,-3.220643,8
MGYG000002058,Gut,1651,14.510858,5.3187585,0,11.851698,15.151081,1
MGYG000002059,Gut,1687,-1.1412921,1.3057091,5,5.184822,-5.020605,8
MGYG000002060,Gut,1746,-1.2359536,3.2603803,5,3.8470902,-3.1842926,8
MGYG000002061,Gut,1743,-1.3822769,3.5942087,5,2.4687634,-5.7866073,8
MGYG000002062,Gut,1601,-1.454718,2.645459,5,-8.026157,7.972508,6
MGYG000002063,Gut,1489,4.139367,5.8914227,4,-1.0229715,16.95453,2
MGYG000002064,Gut,1678,4.2262845,5.402873,4,-0.4342856,14.581975,3
MGYG000002065,Gut,1452,14.628909,6.633211,0,11.992222,15.6990185,1
MGYG000002067,Gut,2270,-2.8440506,2.2759483,5,5.186718,-2.9194996,8
MGYG000002068,Gut,2127,-2.080908,0.17718333,5,5.127104,-3.1396456,8
MGYG000002069,Gut,1668,14.60469,5.7613277,0,11.128757,15.502303,1
MGYG000002071,Gut,1981,-2.153448,0.7442081,5,5.171894,-2.8777092,8
MGYG000002072,Gut,2256,-1.327503,3.0106058,5,3.6700785,-4.796913,8
MGYG000002073,Gut,1451,-1.8862863,2.0751424,5,4.007513,-3.1894224,8
MGYG000002074,Gut,1688,6.7361584,3.2887456,1,13.289895,-14.069498,-1
MGYG000002075,Gut,1870,-4.2876415,2.6988714,5,9.807874,-5.8402085,7
MGYG000002076,Gut,1695,14.345232,4.484878,0,10.908813,15.111144,1
MGYG000002077,Gut,1324,-2.744364,8.372715,5,-12.3126745,1.7201688,-1
MGYG000002078,Gut,1526,14.657747,6.6747637,0,11.733331,16.090387,1
MGYG000002079,Gut,1694,-0.26443914,2.1369197,5,-6.7099376,-2.2542174,5
MGYG000002080,Gut,2384,3.2222996,6.8651643,4,-1.1019744,17.451637,2
MGYG000002082,Gut,1965,4.270179,3.1898963,4,1.2952884,13.269891,3
MGYG000002083,Gut,1663,14.334813,3.6198585,0,11.675773,15.256305,1
MGYG000002084,Gut,1447,-3.8352692,5.194133,5,4.5588794,-2.2115905,8
MGYG000002085,Gut,2270,-1.3009791,3.1768208,5,3.8806434,-3.0239758,8
MGYG000002086,Gut,1532,-2.80733,5.359825,5,3.930364,-4.223842,8
MGYG000002087,Gut,1712,13.76107,3.750197,0,11.324882,15.12032,1
MGYG000002089,Gut,1355,-2.272621,1.0489835,5,2.47169,-5.3816676,8
MGYG000002090,Gut,1361,-1.6619793,1.2859993,5,4.4394064,-3.18107,8
MGYG000002091,Gut,1528,-2.2783396,0.10931533,5,4.173916,-3.5870357,8
MGYG000002092,Gut,1324,3.9769504,6.511644,4,-0.831304,17.088348,2
MGYG000002093,Gut,1373,-1.5087565,2.9301765,5,2.164716,-6.003128,8
MGYG000002094,Gut,1220,6.9449778,2.6513479,1,12.516556,12.841125,1
MGYG000002095,Gut,1225,-2.1726744,0.5681682,5,4.463341,-3.2085273,8
MGYG000002096,Gut,1640,-2.393657,1.5290422,5,3.0759366,-5.5306215,8
MGYG000002097,Gut,2239,-1.206094,2.184843,5,3.5528262,-4.895703,8
MGYG000002098,Gut,1951,-1.5053291,3.1684859,5,3.6260536,-4.8450565,8
MGYG000002099,Gut,2651,-1.5693489,2.7887878,5,3.2953098,-4.8942647,8
MGYG000002100,Gut,1798,14.068779,3.854608,0,11.169443,14.605032,1
MGYG000002101,Gut,2082,5.8247375,3.3424852,1,-7.9289083,8.008733,6
MGYG000002102,Gut,1587,-1.7259426,1.2456667,5,4.1595984,-3.3944,8
MGYG000002103,Gut,1386,-2.2066252,0.10149793,5,4.8326716,-3.2865605,8
MGYG000002104,Gut,1659,6.808095,2.9348078,1,12.446689,12.914431,1
MGYG000002105,Gut,1677,-1.1646936,1.2221898,5,5.217083,-5.0018067,8
MGYG000002106,Gut,1305,6.906705,2.8951824,1,12.519607,12.83954,1
MGYG000002107,Gut,1391,14.649323,7.178252,0,11.883613,15.760617,1
MGYG000002108,Gut,2113,3.9007175,6.6149154,4,-0.95150775,17.20391,2
MGYG000002109,Gut,1720,-3.4769773,7.583821,5,1.11862,13.971718,3
MGYG000002110,Gut,1758,14.322877,4.8294506,0,11.193662,14.856906,1
MGYG000002111,Gut,1761,14.035573,3.4023752,0,11.040874,14.571062,1
MGYG000002112,Gut,867,14.58418,7.9545937,0,11.891795,15.897427,1
MGYG000002113,Gut,1730,-2.3842905,6.8156543,5,-6.324685,-1.4161258,5
MGYG000002114,Gut,1893,-2.3423417,0.18186098,5,4.802208,-3.2561848,8
MGYG000002115,Gut,1952,-1.6177826,3.1501749,5,3.868576,-3.1751888,8
MGYG000002116,Gut,1455,-1.5499399,3.6457214,5,4.5851665,-3.2542827,8
MGYG000002117,Gut,1698,14.378927,4.2590666,0,11.001301,15.247216,1
MGYG000002119,Gut,1439,-1.3167623,5.362039,5,-8.963337,8.882445,6
MGYG000002120,Gut,1307,3.7746646,7.461294,4,0.6671269,14.971832,3
MGYG000002121,Gut,1725,-2.1258848,0.75043076,5,-6.541082,-2.1152241,5
MGYG000002122,Gut,1208,14.58686,7.662106,0,11.883412,15.750328,1
MGYG000002123,Gut,2124,-1.9897208,3.2553062,5,2.3832266,-5.566029,8
MGYG000002124,Gut,2232,-1.8749143,0.8291542,5,3.673884,-2.9392004,8
MGYG000002125,Gut,1209,-2.2698665,5.5206814,5,3.003185,-7.6951604,8
MGYG000002126,Gut,1994,-3.9603071,2.2257848,5,2.9302158,-4.944918,8
MGYG000002127,Gut,820,-1.6013741,3.0409207,5,5.6446104,-3.7233813,8
MGYG000002128,Gut,1424,-1.8115813,1.3368707,5,2.1840017,-5.9731183,8
MGYG000002129,Gut,1638,-1.3435478,1.1850932,5,3.6607156,-3.9289656,8
MGYG000002130,Gut,1543,14.705679,6.603507,0,11.388565,15.900418,1
MGYG000002131,Gut,2339,-4.008835,7.107272,5,11.19709,-5.236346,7
MGYG000002132,Gut,1656,-3.0543895,5.9567347,5,1.5397128,-5.3774757,8
MGYG000002133,Gut,2111,3.4397292,6.7702665,4,-1.0229467,17.112103,2
MGYG000002134,Gut,2150,-0.5614872,2.1490774,5,-3.5973823,0.7060426,5
MGYG000002135,Gut,2239,-2.1721632,2.2423778,5,2.4324136,-4.7158594,8
MGYG000002136,Gut,2852,-3.2611878,1.5959288,5,8.935245,-4.98192,7
MGYG000002137,Gut,1441,14.69178,7.8480434,0,11.595757,16.152733,1
MGYG000002138,Gut,2069,-1.5111014,2.9419518,5,5.573207,-3.692186,8
MGYG000002139,Gut,1165,-1.7613039,12.657412,3,-2.614406,-15.21151,0
MGYG000002140,Gut,2910,-4.6376104,1.5264958,5,10.912837,-5.202508,7
MGYG000002141,Gut,2230,-4.2882514,1.260105,5,11.054613,-5.271997,7
MGYG000002142,Gut,1686,14.181879,4.484551,0,11.29465,15.181991,1
MGYG000002143,Gut,1841,-1.634982,1.3677704,5,4.4511085,-3.1554706,8
MGYG000002144,Gut,1499,-1.6838629,1.3711166,5,4.455728,-3.1667328,8
MGYG000002145,Gut,2323,-3.9524229,1.580405,5,9.532212,-6.440995,7
MGYG000002146,Gut,1765,-3.9791126,7.3390636,5,7.587584,-3.21257,8
MGYG000002147,Gut,1176,-2.8425467,5.9069533,5,2.0783336,-5.694519,8
MGYG000002148,Gut,3904,-4.0082045,2.0593474,5,8.84427,-5.795352,7
MGYG000002149,Gut,2531,-5.233671,1.4855121,5,9.622091,-5.8054733,7
MGYG000002150,Gut,1610,-4.351635,2.5879793,5,9.583589,-6.48744,7
MGYG000002151,Gut,1699,-1.240207,2.4893284,5,3.5010233,-4.831041,8
MGYG000002152,Gut,2489,1.3249923,1.7683498,-1,4.90933,-2.3741963,8
MGYG000002153,Gut,1419,-2.9639785,7.682518,5,-12.3162985,1.7483295,-1
MGYG000002154,Gut,2327,1.3226346,1.7698859,-1,4.9024906,-2.3663187,8
MGYG000002155,Gut,2037,-1.0794048,1.797748,5,4.974326,-4.8743377,8
MGYG000002156,Gut,1933,-1.6547729,1.3706434,5,4.4289503,-3.1243997,8
MGYG000002157,Gut,1896,3.7921324,6.34577,4,-0.5135813,14.553253,3
MGYG000002158,Gut,2237,-0.9648098,1.8886243,5,-3.5904531,0.7127529,5
MGYG000002159,Gut,2125,-2.607583,4.7200184,5,1.9595109,-4.7080936,8
MGYG000002160,Gut,1576,-4.3849306,2.2745204,5,5.423132,7.4417377,-1
MGYG000002161,Gut,2156,4.672496,4.0674586,4,5.4126506,7.4459505,-1
MGYG000002162,Gut,1997,-2.1163325,12.681308,3,5.3924627,7.4747047,-1
MGYG000002163,Gut,1573,-2.5835993,9.0592375,5,5.407058,7.4604616,-1
MGYG000002164,Gut,1437,-3.0004857,13.286068,3,5.39978,7.4670777,-1
MGYG000002165,Gut,1358,-2.964096,7.6585298,5,-12.243772,1.7616619,-1
MGYG000002166,Gut,1001,-3.0066152,13.514777,3,-2.6860461,-15.133218,0
MGYG000002167,Gut,773,-1.6808215,12.701189,3,-2.745969,-14.754459,0
MGYG000002168,Gut,2695,3.2329366,6.8550835,4,-1.0549558,17.409561,2
MGYG000002169,Gut,1038,-1.2261279,6.5864906,5,3.464085,-7.3519444,8
MGYG000002170,Gut,2234,-4.16405,1.5255864,5,9.059289,-4.927641,7
MGYG000002171,Gut,2908,2.2560163,4.787034,4,-2.6041381,16.17012,2
MGYG000002172,Gut,704,-1.9926919,8.357323,5,-5.5545444,-9.247413,0
MGYG000002173,Gut,1122,-2.7003467,6.0239005,5,3.3389075,-7.1757483,8
MGYG000002174,Gut,1082,-1.2012185,6.5498004,5,3.4452252,-7.3290277,8
MGYG000002175,Gut,852,-1.8525681,12.955816,3,-2.552493,-14.692085,0
MGYG000002176,Gut,1963,3.2156553,6.2758884,4,-0.713238,14.619196,3
MGYG000002177,Gut,1015,-3.7839742,11.94133,2,-8.487962,-10.156697,0
MGYG000002178,Gut,1589,3.5412395,5.026769,4,-0.73473495,16.459648,2
MGYG000002179,Gut,1787,4.038941,4.4444237,4,1.0917327,14.001578,3
MGYG000002180,Gut,1227,-3.966072,12.547321,2,-8.948004,-10.168265,0
MGYG000002181,Gut,2046,3.5019786,5.9699903,4,-0.6379429,14.559379,3
MGYG000002182,Gut,1007,-1.9933097,12.564805,3,-2.634596,-15.062324,0
MGYG000002183,Gut,1502,14.729575,7.4509673,0,11.52226,16.234219,1
MGYG000002184,Gut,1527,14.718313,7.1865025,0,11.596512,16.102797,1
MGYG000002185,Gut,980,-1.8411888,4.258989,5,3.4122856,-7.211293,8
MGYG000002186,Gut,2566,-5.262095,1.8893254,5,9.701007,-5.809611,7
MGYG000002187,Gut,1717,14.242986,4.063833,0,10.851327,14.901079,1
MGYG000002188,Gut,1036,-1.2304113,6.5753255,5,3.454125,-7.3483057,8
MGYG000002189,Gut,1280,14.6409645,7.92293,0,11.660563,16.242023,1
MGYG000002190,Gut,2294,-4.827346,12.067522,2,10.586499,-3.2848082,8
MGYG000002191,Gut,1331,-1.7507473,12.287945,3,4.5388417,4.617493,-1
MGYG000002192,Gut,2156,-1.9859928,0.41060638,5,2.7103825,-4.744791,8
MGYG000002193,Gut,1352,-2.0442705,2.3850265,5,2.97824,-6.168916,8
MGYG000002194,Gut,2142,-2.6488547,4.6943197,5,1.9286542,-4.6775637,8
MGYG000002195,Gut,4078,-3.9710999,2.1494873,5,7.84146,-3.637937,8
MGYG000002196,Gut,1975,-2.01235,2.458456,5,1.7229085,-3.739179,8
MGYG000002197,Gut,1224,-3.8174956,10.9706,2,8.489366,-2.3016217,8
MGYG000002198,Gut,1679,14.565359,5.529095,0,11.100617,15.448451,1
MGYG000002199,Gut,1057,-2.7753758,5.408212,5,3.1953814,-7.4606223,8
MGYG000002200,Gut,1124,-1.7362231,12.71082,3,-2.6168146,-15.210566,0
MGYG000002201,Gut,1117,-3.3881845,11.831241,2,-8.634481,-10.207103,0
MGYG000002202,Gut,2215,-3.75458,1.6600262,5,9.481536,-6.45981,7
MGYG000002203,Gut,2040,4.192327,3.1922536,4,1.313998,13.261888,3
MGYG000002204,Gut,1188,-2.28362,0.97874504,5,3.9554915,-4.2445803,8
MGYG000002205,Gut,1493,3.786697,7.4468613,4,0.6644045,14.9568405,3
MGYG000002206,Gut,1645,14.565111,5.6116757,0,11.030308,15.545482,1
MGYG000002207,Gut,797,-1.4966307,11.779971,3,-2.6802552,-14.962413,0
MGYG000002208,Gut,840,-1.848689,12.902624,3,-2.6613288,-14.737558,0
MGYG000002209,Gut,2667,1.8427789,5.110191,4,-2.4856443,16.277712,2
MGYG000002210,Gut,2267,-3.7263875,1.6820772,5,9.69966,-5.794856,7
MGYG000002212,Gut,2810,-4.265896,1.4363923,5,9.5839815,-5.9324374,7
MGYG000002213,Gut,2222,-2.1518164,0.36185127,5,5.0133433,-3.1337323,8
MGYG000002215,Gut,2990,-4.2905984,1.2795566,5,9.57204,-5.9093924,7
MGYG000002216,Gut,2355,-4.174133,1.4329652,5,9.926084,-5.932026,7
MGYG000002218,Gut,2753,1.7794584,4.8003287,4,-2.7523026,16.344416,2
MGYG000002219,Gut,1419,6.1617303,3.2933657,1,-16.736946,10.35991,-1
MGYG000002220,Gut,593,-1.6405361,12.485659,3,-5.57207,-9.254023,0
MGYG000002221,Gut,1794,-3.7259672,6.133133,5,0.6643567,-4.8819795,8
MGYG000002222,Gut,1625,3.7802482,4.630564,4,-7.1461115,-1.804413,5
MGYG000002223,Gut,1656,-1.0870275,1.1320127,5,5.5161333,-5.2725368,8
MGYG000002224,Gut,1990,-1.1109531,1.1208041,5,5.460846,-5.2147403,8
MGYG000002225,Gut,1408,4.2776966,5.13884,4,-0.27428228,14.575327,3
MGYG000002226,Gut,1414,-4.135842,2.464964,5,9.111489,-4.8463864,7
MGYG000002227,Gut,1723,-3.091433,5.6080523,5,1.4418153,-3.460568,8
MGYG000002228,Gut,2245,-1.9581864,2.5511482,5,1.7983234,-3.8531582,8
MGYG000002229,Gut,2563,-2.264112,0.4778957,5,5.2303624,-3.3513973,8
MGYG000002230,Gut,1919,-3.7683103,6.195261,5,0.9174619,-4.6903296,8
MGYG000002231,Gut,1675,14.204577,4.109563,0,11.167339,15.185582,1
MGYG000002232,Gut,1899,-3.346579,5.876138,5,1.4209718,-3.4347663,8
MGYG000002233,Gut,2169,-2.0091245,0.13184981,5,2.7087784,-4.777477,8
MGYG000002234,Gut,2591,-5.8605103,2.170804,5,9.578479,-6.452108,7
MGYG000002235,Gut,1308,-2.436557,8.256747,5,-12.289337,1.6879233,-1
MGYG000002236,Gut,1247,-2.3419435,8.642797,5,-12.307375,1.687812,-1
MGYG000002237,Gut,881,-3.6792617,11.634334,2,-8.4377,-10.156721,0
MGYG000002238,Gut,1444,-1.2245015,3.2615113,5,3.9386775,-3.2919688,8
MGYG000002239,Gut,591,-2.7673955,13.095745,3,-2.7670677,-14.873742,0
MGYG000002240,Gut,1071,-1.9418606,12.671709,3,-2.583507,-15.155329,0
MGYG000002241,Gut,997,-3.756388,11.862714,2,-8.457348,-10.168919,0
MGYG000002242,Gut,2102,-2.9953103,7.863496,5,4.800417,1.4823619,-1
MGYG000002243,Gut,1472,-4.185364,3.0325522,5,9.226326,-4.7614436,7
MGYG000002244,Gut,618,-1.2257956,7.0616393,5,-2.8468962,5.6935453,5
MGYG000002245,Gut,1234,-3.6053855,5.2625136,5,2.5101376,-6.080398,8
MGYG000002246,Gut,1279,-3.3879051,5.652743,5,1.5337425,-3.535151,8
MGYG000002247,Gut,2653,-5.0536776,1.7939802,5,10.916597,-5.1839504,7
MGYG000002248,Gut,1059,-2.043706,12.458144,3,-2.6926858,-15.117268,0
MGYG000002249,Gut,977,-1.9195102,12.404988,3,-2.6545875,-15.0834055,0
MGYG000002250,Gut,1689,-1.4097006,3.27512,5,3.8424845,-3.2158515,8
MGYG000002251,Gut,1007,-3.1974375,3.5579069,5,1.5529267,-5.8625255,8
MGYG000002252,Gut,849,-2.7352781,5.9075613,5,2.211985,-6.39462,8
MGYG000002253,Gut,829,-1.774857,12.873647,3,-2.5894983,-14.663988,0
MGYG000002254,Gut,1994,-2.0301025,0.49777117,5,3.6571705,-2.8865106,8
MGYG000002255,Gut,1703,-1.3439724,3.1646752,5,3.845276,-3.192531,8
MGYG000002256,Gut,2292,-4.338484,2.5668278,5,10.984222,-5.240378,7
MGYG000002257,Gut,1875,-2.6517313,5.906363,5,2.1228006,-5.828274,8
MGYG000002258,Gut,1800,-2.4454691,5.5722704,5,1.5852758,-3.553309,8
MGYG000002259,Gut,903,-2.017405,13.331482,3,-2.592046,-14.687196,0
MGYG000002260,Gut,1745,-2.9598355,6.905995,5,1.36576,-3.3906682,8
MGYG000002261,Gut,1116,-3.2455037,5.5940266,5,2.622583,-6.1566353,8
MGYG000002262,Gut,1345,-3.3396442,7.053735,5,1.3232805,-3.3654792,8
MGYG000002263,Gut,1606,-3.1529603,6.5228667,5,1.7387031,-4.7274933,8
MGYG000002264,Gut,1801,-3.5525718,5.9545784,5,0.6379575,-4.900675,8
MGYG000002265,Gut,943,-1.8817374,12.913396,3,-2.5279362,-14.898385,0
MGYG000002266,Gut,1186,-3.6341653,11.784512,2,-8.696053,-10.231635,0
MGYG000002267,Gut,6114,-3.906069,1.5927178,5,8.706691,-5.7683496,7
MGYG000002268,Gut,4173,-5.0053153,1.9051777,5,16.303942,1.8975946,4
MGYG000002269,Gut,1639,-3.9113739,11.171241,2,8.718681,-2.064913,8
MGYG000002270,Gut,4302,0.29096577,11.124847,3,12.767955,5.2531786,4
MGYG000002271,Gut,3158,-5.1249,1.6757891,5,9.4831705,-5.790189,7
MGYG000002272,Gut,2484,-1.0877563,1.135024,5,5.4976945,-5.2257013,8
MGYG000002273,Gut,5253,2.167798,4.675361,4,-3.0450768,15.711228,2
MGYG000002274,Gut,2696,-1.166653,1.1446747,5,5.5006413,-5.228393,8
MGYG000002275,Gut,2904,2.0796516,4.4547553,4,-2.2454877,16.364462,2
MGYG000002276,Gut,4116,-3.8062959,1.753399,5,8.83798,-5.987615,7
MGYG000002277,Gut,3347,-5.616832,1.5337181,5,9.538267,-5.783535,7
MGYG000002278,Gut,3007,-6.007413,1.8502376,5,9.6178665,-6.177828,7
MGYG000002279,Gut,2831,-6.0338473,1.9551092,5,9.469374,-6.324461,7
MGYG000002280,Gut,2954,-4.7547803,2.270369,5,9.0329485,-4.9215093,7
MGYG000002281,Gut,4671,1.9478344,4.691401,4,-3.0470748,15.661856,2
MGYG000002282,Gut,4619,1.498739,4.96333,4,-3.2864134,16.080732,2
MGYG000002283,Gut,4860,-0.62320143,11.81121,3,10.19687,5.798331,4
MGYG000002284,Gut,2017,-1.6565546,12.497522,3,-6.3246217,-1.4517968,5
MGYG000002285,Gut,3085,-5.1839457,1.5895652,5,10.933699,-5.2154894,7
MGYG000002286,Gut,2969,-5.962311,2.137371,5,9.443537,-5.9760933,7
MGYG000002287,Gut,2551,-1.3653,3.2673392,5,5.609108,-3.7575998,8
MGYG000002288,Gut,5480,-0.64863,11.792804,3,10.2137575,5.8146467,4
MGYG000002289,Gut,2158,-4.197937,7.5686293,5,11.676603,-5.88906,7
MGYG000002290,Gut,3480,-5.152628,2.041298,5,9.374209,-6.3355594,7
MGYG000002291,Gut,3230,1.9327378,5.0478973,4,-2.6681576,16.057903,2
MGYG000002292,Gut,2560,-5.7433376,2.2960768,5,11.522749,-5.6885796,7
MGYG000002293,Gut,2660,3.2059402,6.842227,4,-1.122882,17.4523,2
MGYG000002294,Gut,1823,13.428655,3.1043007,0,11.708214,14.129604,1
MGYG000002295,Gut,2329,-4.9458365,2.3545935,5,0.895006,-4.7210236,8
MGYG000002296,Gut,1749,0.89678365,11.362062,3,13.414754,4.0132346,4
MGYG000002297,Gut,3026,-5.326795,1.8178886,5,11.486949,-5.6496005,7
MGYG000002298,Gut,3706,-5.9062476,1.6913576,5,9.374093,-5.8807154,7
MGYG000002299,Gut,1846,-1.3182837,12.294563,3,13.344015,4.4799886,4
MGYG000002300,Gut,3044,2.0759077,4.8521233,4,-2.700542,16.037008,2
MGYG000002301,Gut,2470,-0.6286805,12.348491,3,11.051321,5.7069135,4
MGYG000002302,Gut,1698,1.2114391,10.836843,3,13.531098,4.07441,4
MGYG000002303,Gut,2182,-3.1311755,6.97155,5,1.6892365,-4.7095914,8
MGYG000002304,Gut,3273,-5.2864313,1.7772142,5,9.513314,-5.9966154,7
MGYG000002305,Gut,3608,2.7631195,-6.003052,-1,-10.36993,11.69092,6
MGYG000002306,Gut,4243,6.0950565,2.126997,1,-5.883043,2.959419,5
MGYG000002307,Gut,1722,-0.53820235,8.426371,-1,-5.9947033,10.298423,6
MGYG000002308,Gut,1546,-0.46085733,8.488888,-1,-6.060422,10.233067,6
MGYG000002309,Gut,2793,-0.55508935,11.766957,3,10.50563,5.813145,4
MGYG000002310,Gut,7454,6.0063357,2.930904,1,-9.607582,10.272521,6
MGYG000002311,Gut,3547,1.9305775,7.3848047,4,-10.209844,11.35478,6
MGYG000002312,Gut,3287,-5.5709085,1.5451059,5,9.458135,-5.893536,7
MGYG000002313,Gut,1479,1.0097008,10.148209,3,13.788793,5.4102373,4
MGYG000002314,Gut,4659,3.2882931,3.3105025,4,10.16912,5.8318634,4
MGYG000002315,Gut,2002,-3.9292634,10.594963,2,8.72112,-2.030753,8
MGYG000002316,Gut,1951,-3.9260714,10.587535,2,8.741155,-2.0172515,8
MGYG000002317,Gut,1839,-3.7804275,10.605393,2,8.515069,-2.2856057,8
MGYG000002318,Gut,1492,-2.8307555,1.7185429,5,8.556031,-2.2328682,8
MGYG000002319,Gut,2014,1.2112135,9.5377245,3,13.604208,5.2916174,4
MGYG000002320,Gut,2785,0.26361212,11.132799,3,12.855873,5.178726,4
MGYG000002321,Gut,2519,-3.5825472,7.177395,5,0.7959282,-4.8704996,8
MGYG000002322,Gut,4013,2.5441575,-5.462403,-1,-11.068379,11.658812,6
MGYG000002323,Gut,4069,2.5411425,-5.457982,-1,-11.107851,11.675034,6
MGYG000002324,Gut,1788,-1.7105292,12.553975,3,13.599282,5.197189,4
MGYG000002325,Gut,2903,-0.37024006,11.631535,3,12.728183,5.2463164,4
MGYG000002326,Gut,3867,-0.20880798,11.488914,3,10.269459,5.8424335,4
MGYG000002327,Gut,3252,-2.17938,0.4811447,5,5.286366,-3.395552,8
MGYG000002328,Gut,5469,-2.4656277,1.1209247,5,8.665723,-5.2238746,7
MGYG000002329,Gut,2973,-2.2655528,6.7495174,5,16.324127,1.8751436,4
MGYG000002330,Gut,6504,-3.9552646,1.5713065,5,8.688653,-5.773194,7
MGYG000002331,Gut,4494,1.9499681,7.4011726,4,-10.192639,11.285653,6
MGYG000002332,Gut,1426,-0.55511945,8.458512,-1,-6.0647826,10.228132,6
MGYG000002333,Gut,1463,-0.52663684,8.476899,-1,-6.0616946,10.231369,6
MGYG000002334,Gut,1624,5.773613,2.3590548,1,-7.6815763,2.9984527,5
MGYG000002335,Gut,3985,2.8541086,-4.318056,-1,-10.344093,11.644459,6
MGYG000002336,Gut,2393,1.291613,3.7414567,4,-6.4630604,-1.5548402,5
MGYG000002337,Gut,2439,-0.6521901,12.347464,3,11.060772,5.7064667,4
MGYG000002338,Gut,2485,-0.6436787,12.333452,3,11.054737,5.7018185,4
MGYG000002339,Gut,2240,1.2694643,9.441727,3,13.330478,5.262948,4
MGYG000002340,Gut,3028,-2.3631546,0.41690594,5,5.3129945,-3.51407,8
MGYG000002341,Gut,3185,1.84675,9.774862,3,-9.463807,9.98036,6
MGYG000002342,Gut,3187,1.7062942,9.818578,3,-9.461151,9.948971,6
MGYG000002343,Gut,3682,1.7216706,9.797991,3,-9.456365,9.979238,6
MGYG000002344,Gut,3586,1.8725278,9.765445,3,-9.487947,10.017838,6
MGYG000002345,Gut,3661,1.8709788,9.760597,3,-9.469672,10.016866,6
MGYG000002346,Gut,3620,1.8630009,9.76375,3,-9.451094,10.008436,6
MGYG000002347,Gut,1776,1.0437657,10.9089,3,13.422538,4.0649877,4
MGYG000002348,Gut,1753,1.0943255,10.062299,3,13.796291,5.4316673,4
MGYG000002349,Gut,1936,1.0765713,10.499426,3,13.50807,4.199489,4
MGYG000002350,Gut,4714,2.7720542,-5.9309993,-1,-10.729316,11.223028,6
MGYG000002351,Gut,6055,2.7331882,-5.9939604,-1,-11.091539,11.363392,6
MGYG000002352,Gut,2625,6.5305605,3.1838524,1,12.907826,-14.469895,-1
MGYG000002353,Gut,2926,0.24850538,11.120629,3,12.866135,5.187468,4
MGYG000002354,Gut,2709,3.3402815,-2.957082,-1,-10.213436,11.813324,6
MGYG000002355,Gut,3344,-4.8176003,11.973395,2,10.383717,-3.101997,8
MGYG000002356,Gut,5071,-0.6629779,11.777477,3,10.213728,5.8081613,4
MGYG000002357,Gut,4052,-2.4505787,4.045501,5,10.245014,5.8239903,4
MGYG000002358,Gut,2405,3.3628695,-2.8559291,-1,-9.058329,9.111217,6
MGYG000002359,Gut,3895,6.1437454,1.9774387,1,-5.9281626,2.928104,5
MGYG000002360,Gut,1735,1.0315709,10.135327,3,13.792888,5.3937216,4
MGYG000002361,Gut,1492,1.2243593,9.712291,3,13.633172,5.2567115,4
MGYG000002362,Gut,1901,-1.7871863,11.381315,3,11.851522,2.5521193,4
MGYG000002363,Gut,5127,2.7202024,-6.027068,-1,-11.088602,11.335746,6
MGYG000002364,Gut,2051,-3.81365,12.443704,2,-5.9540772,10.337955,6
MGYG000002365,Gut,1618,5.8085256,2.3963127,1,-7.6880155,2.9798682,5
MGYG000002366,Gut,4600,2.5910628,-5.671341,-1,-11.095521,11.673005,6
MGYG000002367,Gut,1629,1.1363151,9.872531,3,13.610059,5.2052813,4
MGYG000002368,Gut,3715,1.9259553,7.4086018,4,-10.2122965,11.347975,6
MGYG000002369,Gut,3578,-4.708632,12.208911,2,10.316234,-3.083386,8
MGYG000002370,Gut,3693,-4.689464,12.232528,2,10.321986,-3.0859551,8
MGYG000002371,Gut,1785,2.2039282,4.7849956,4,1.2449111,13.36013,3
MGYG000002372,Gut,2766,-5.0253086,12.103528,2,10.545283,-3.2408247,8
MGYG000002373,Gut,2874,-4.923698,12.124612,2,10.533329,-3.2420347,8
MGYG000002374,Gut,1689,-0.47130775,8.500522,-1,-6.0066643,10.290445,6
MGYG000002375,Gut,2636,-4.822769,11.962272,2,10.394132,-3.0565944,8
MGYG000002376,Gut,2960,-3.879177,1.5905621,5,9.421215,-6.406843,7
MGYG000002377,Gut,3126,-4.191155,11.467408,2,10.467203,-3.1967747,8
MGYG000002378,Gut,2006,-0.45601502,1.9164832,5,-16.93718,10.577702,-1
MGYG000002379,Gut,1856,0.9975052,10.146962,3,13.810432,5.445815,4
MGYG000002380,Gut,2490,1.2329706,9.653099,3,13.360951,5.2833853,4
MGYG000002381,Gut,3447,5.657557,1.774116,1,-9.322175,10.145546,6
MGYG000002382,Gut,3816,5.665351,1.7313157,1,-9.314576,10.156824,6
MGYG000002383,Gut,2640,1.2579703,9.432415,3,13.075554,5.2545166,4
MGYG000002384,Gut,2146,1.0743985,10.067388,3,13.846614,5.491593,4
MGYG000002385,Gut,3464,2.7361605,-5.97763,-1,-10.298547,11.770563,6
MGYG000002386,Gut,3095,1.2201927,9.656388,3,13.270219,5.2765956,4
MGYG000002388,Gut,2784,1.269217,9.474315,3,13.049542,5.2581587,4
MGYG000002389,Gut,1863,1.1827565,9.736428,3,13.50013,5.1442056,4
MGYG000002390,Gut,1929,1.2659962,9.645041,3,13.62171,5.2237353,4
MGYG000002391,Gut,3323,-0.30742118,11.55551,3,10.314632,5.8345094,4
MGYG000002392,Gut,2843,-0.28891724,11.558736,3,12.710273,5.2098336,4
MGYG000002393,Gut,3114,-4.331869,1.8268789,5,9.414162,-6.3966527,7
MGYG000002394,Gut,2690,4.27312,6.242439,4,-1.3287517,17.163101,2
MGYG000002395,Gut,1707,5.76923,2.3822954,1,-7.700259,2.979044,5
MGYG000002396,Gut,1786,5.815098,2.386414,1,-7.7119555,2.9805331,5
MGYG000002397,Gut,1573,5.7381067,2.3490024,1,-7.7092566,2.9839635,5
MGYG000002398,Gut,3065,5.7326307,1.9831185,1,-9.57942,10.152359,6
MGYG000002399,Gut,2036,-0.6128161,12.354258,3,11.056535,5.6851764,4
MGYG000002400,Gut,2300,-0.6330021,12.319776,3,11.050125,5.7059574,4
MGYG000002401,Gut,2156,6.660246,2.100575,1,-6.007637,2.9562197,5
MGYG000002402,Gut,2566,-4.7887325,12.172368,2,10.412131,-3.0856662,8
MGYG000002403,Gut,5509,-4.705933,1.53228,5,8.652283,-5.819646,7
MGYG000002404,Gut,3864,-0.12450046,11.381621,3,10.2997055,5.849569,4
MGYG000002405,Gut,1863,6.8886414,2.7576444,1,12.414815,12.945473,1
MGYG000002406,Gut,2655,6.560521,1.8987608,1,-5.8238425,3.0419054,5
MGYG000002407,Gut,5295,3.681889,3.2224436,4,9.671143,5.785859,4
MGYG000002408,Gut,4402,-0.08626681,11.2524185,3,10.227417,5.820245,4
MGYG000002409,Gut,2996,6.4519978,3.171543,1,12.920253,-14.457394,-1
MGYG000002410,Gut,2661,-1.9154732,2.3790185,5,2.6998682,-4.700647,8
MGYG000002411,Gut,2560,-2.41694,3.7473707,5,3.0882082,-5.064238,8
MGYG000002412,Gut,2501,3.238131,6.4030213,4,-0.85229295,16.565815,2
MGYG000002413,Gut,2685,6.47333,3.1806598,1,12.892593,-14.486523,-1
MGYG000002414,Gut,5776,2.9073117,3.5458252,4,9.675387,5.777751,4
MGYG000002415,Gut,3557,3.330582,-2.9470482,-1,-10.237321,11.79378,6
MGYG000002416,Gut,2528,-2.3629537,2.1086175,5,2.4878802,-4.826726,8
MGYG000002417,Gut,3008,-4.2897673,1.2424527,5,8.96499,-4.9606705,7
MGYG000002418,Gut,3021,1.829203,5.093072,4,-3.0931797,16.23682,2
MGYG000002419,Gut,1152,1.8618251,7.31591,4,13.385288,-13.966555,-1
MGYG000002420,Gut,2489,2.1988463,5.570005,4,5.1279836,-4.242795,8
MGYG000002421,Gut,2518,-4.1671705,11.353347,2,10.377319,-3.0664196,8
MGYG000002422,Gut,1729,-0.5829327,8.462623,-1,-6.037643,10.255807,6
MGYG000002423,Gut,4395,2.7554681,-6.0460267,-1,-10.7332735,11.215015,6
MGYG000002424,Gut,2057,-3.3923326,7.09728,5,1.5293846,-5.376639,8
MGYG000002425,Gut,1975,-0.47589374,8.475725,-1,-5.9201403,10.3717165,6
MGYG000002426,Gut,1771,-0.46278867,8.496683,-1,-5.922298,10.369531,6
MGYG000002427,Gut,1783,-0.4751158,8.458216,-1,-5.922748,10.369197,6
MGYG000002428,Gut,1907,-0.43050894,8.5038185,-1,-5.909813,10.381995,6
MGYG000002429,Gut,1757,-0.46645525,8.48465,-1,-5.917266,10.37463,6
MGYG000002430,Gut,1808,-0.430737,8.502048,-1,-5.9005556,10.391329,6
MGYG000002431,Gut,1783,-0.45354438,8.449873,-1,-5.898485,10.393502,6
MGYG000002432,Gut,1868,-0.46986118,8.500695,-1,-5.9278774,10.364007,6
MGYG000002433,Gut,1845,-0.46676338,8.492693,-1,-5.914052,10.377763,6
MGYG000002434,Gut,1810,-0.4688684,8.466628,-1,-5.9157033,10.376064,6
MGYG000002435,Gut,1835,-0.41832873,8.477652,-1,-5.9193873,10.372384,6
MGYG000002436,Gut,5358,5.7444835,2.0629334,1,-9.599646,10.241454,6
MGYG000002437,Gut,4820,-4.2421947,1.4622157,5,8.698379,-5.8424973,7
MGYG000002438,Gut,3964,1.9751399,5.236439,4,-3.2486813,16.138361,2
MGYG000002439,Gut,4992,-3.7773595,1.9025086,5,8.617002,-5.324899,7
MGYG000002440,Gut,2159,6.4233265,3.34174,1,12.929247,-14.448071,-1
MGYG000002441,Gut,2485,6.456975,3.2742977,1,12.908357,-14.469934,-1
MGYG000002442,Gut,2947,6.441862,3.1834571,1,12.8871155,-14.492337,-1
MGYG000002443,Gut,1626,-0.55393493,8.367918,-1,-6.115184,10.178413,6
MGYG000002444,Gut,2389,-1.7632906,12.1133375,3,16.302605,1.8981007,4
MGYG000002445,Gut,2797,-4.3531275,2.603596,5,8.965672,-4.9377184,7
MGYG000002446,Gut,1686,-2.5998015,9.132494,5,5.3941026,7.4741783,-1
MGYG000002447,Gut,2107,-0.4828812,3.9100695,5,-7.9128027,8.031836,6
MGYG000002448,Gut,2176,-2.1249526,0.101868965,5,5.2923675,-3.2000887,8
MGYG000002449,Gut,3740,1.5248938,5.019823,4,-3.2404993,16.157467,2
MGYG000002450,Gut,1757,6.978602,2.7505124,1,12.44826,12.902592,1
MGYG000002451,Gut,2276,6.3516226,3.4988177,1,12.934476,-14.441971,-1
MGYG000002452,Gut,2010,-0.46742162,1.900012,5,-16.91918,10.559304,-1
MGYG000002453,Gut,2097,-0.44848785,1.9099008,5,-16.91733,10.557015,-1
MGYG000002454,Gut,1952,-0.47554848,1.8664494,5,-16.920923,10.560987,-1
MGYG000002455,Gut,5047,2.1366725,4.6898446,4,-3.0413609,15.681484,2
MGYG000002456,Gut,1521,4.554961,4.1695523,4,5.432658,7.433078,-1
MGYG000002457,Gut,3610,-0.48779878,11.822581,3,10.382996,5.853865,4
MGYG000002458,Gut,3996,2.8594832,-4.3034616,-1,-10.369158,11.628657,6
MGYG000002459,Gut,1530,5.7318263,2.3595688,1,-7.700346,2.9812303,5
MGYG000002460,Gut,4155,2.715411,-6.0161357,-1,-10.912467,11.380597,6
MGYG000002461,Gut,4101,2.8557487,-4.314325,-1,-10.342107,11.624698,6
MGYG000002462,Gut,3788,2.8573773,-4.3082314,-1,-10.339815,11.647424,6
MGYG000002463,Gut,5949,5.654209,1.8897592,1,-9.630894,10.275864,6
MGYG000002464,Gut,3228,-4.4229283,1.2976241,5,11.1730995,-5.416594,7
MGYG000002465,Gut,4244,2.8483078,-4.3111157,-1,-10.330186,11.669821,6
MGYG000002466,Gut,4150,2.8565853,-4.309768,-1,-10.322029,11.6655855,6
MGYG000002467,Gut,4323,2.8597999,-4.304065,-1,-10.361938,11.650465,6
MGYG000002468,Gut,3123,0.2803293,11.1174135,3,12.797538,5.227923,4
MGYG000002469,Gut,1969,5.7846637,2.3112352,1,-7.721219,2.9648504,5
MGYG000002470,Gut,4288,2.1138947,4.6855183,4,-3.0569665,15.676518,2
MGYG000002471,Gut,3990,2.8620093,-4.2970567,-1,-10.353984,11.630481,6
MGYG000002472,Gut,2426,1.1959606,9.692112,3,13.398224,5.2755933,4
MGYG000002473,Gut,2965,-0.41463798,3.974503,5,-16.52632,10.118877,-1
MGYG000002474,Gut,3486,2.4989107,-5.561986,-1,-10.729702,11.264719,6
MGYG000002475,Gut,4100,-4.1356387,1.3784884,5,8.788908,-5.9333277,7
MGYG000002476,Gut,4073,2.8481193,-4.329502,-1,-10.335316,11.654028,6
MGYG000002477,Gut,4731,2.549386,-5.604338,-1,-11.129772,11.666663,6
MGYG000002478,Gut,4275,2.1667974,4.6806755,4,-3.006809,15.739498,2
MGYG000002479,Gut,1541,-2.6238132,7.4478703,5,-6.008951,10.283168,6
MGYG000002480,Gut,2161,6.6312575,3.1006923,1,12.944264,-14.43196,-1
MGYG000002481,Gut,4121,5.672734,1.7210112,1,-9.326276,10.149302,6
MGYG000002482,Gut,1780,-3.142329,6.98783,5,1.7220553,-4.6887107,8
MGYG000002483,Gut,3259,-4.0364428,1.5839773,5,8.995502,-4.9227448,7
MGYG000002484,Gut,3991,2.716318,-5.995522,-1,-10.859518,11.376866,6
MGYG000002485,Gut,2457,-4.8843794,11.501549,2,11.814477,2.5145812,4
MGYG000002486,Gut,2934,-4.8877945,11.5007515,2,11.790196,2.490577,4
MGYG000002487,Gut,2771,6.5155964,3.1672494,1,12.908748,-14.469515,-1
MGYG000002488,Gut,4553,3.3335268,-2.9353666,-1,-10.204468,11.827823,6
MGYG000002489,Gut,1955,-1.3831259,5.302353,5,-8.998255,8.83775,6
MGYG000002490,Gut,5409,3.1861212,3.3041465,4,9.722185,5.78833,4
MGYG000002491,Gut,4745,2.6988735,-5.948467,-1,-11.07271,11.46106,6
MGYG000002492,Gut,3057,-4.1627235,7.5205445,5,11.217167,-5.4275427,7
MGYG000002493,Gut,2911,0.28647968,11.111736,3,12.816586,5.182803,4
MGYG000002494,Gut,4429,2.5585887,-5.669792,-1,-11.098821,11.668413,6
MGYG000002495,Gut,4705,2.5333498,-5.572712,-1,-11.128872,11.633924,6
MGYG000002496,Gut,4103,2.5889716,-5.6251245,-1,-11.0454445,11.663687,6
MGYG000002497,Gut,4630,2.691886,-5.9409657,-1,-11.072231,11.355221,6
MGYG000002498,Gut,4285,2.462075,-6.1358633,-1,-10.907478,11.387892,6
MGYG000002499,Gut,4418,2.4688852,-6.1831117,-1,-10.916547,11.372308,6
MGYG000002500,Gut,4617,2.4771655,-6.1019573,-1,-10.973519,11.387321,6
MGYG000002501,Gut,4266,2.4927592,-6.1544166,-1,-10.92313,11.397698,6
MGYG000002502,Gut,4855,2.4799466,-6.162584,-1,-10.97253,11.40772,6
MGYG000002503,Gut,4304,2.4713442,-6.114091,-1,-10.938365,11.353517,6
MGYG000002504,Gut,4570,2.447449,-6.125621,-1,-11.001594,11.465305,6
MGYG000002505,Gut,1937,-0.46598232,4.8985405,5,-8.342223,8.280565,6
MGYG000002506,Gut,4835,2.549244,-5.471361,-1,-11.107941,11.663024,6
MGYG000002507,Gut,4538,2.5713875,-5.4187126,-1,-11.13038,11.681665,6
MGYG000002508,Gut,3874,2.8870308,-4.2797523,-1,-10.384157,11.649949,6
MGYG000002509,Gut,1866,6.37987,3.6492002,1,13.089838,-14.277846,-1
MGYG000002510,Gut,4780,2.7702756,-6.0680647,-1,-11.092372,11.337919,6
MGYG000002511,Gut,5116,2.7072039,-6.036734,-1,-11.10512,11.348694,6
MGYG000002512,Gut,3494,2.5457985,-4.9564433,-1,-10.263811,11.77176,6
MGYG000002513,Gut,3474,2.541357,-4.870265,-1,-10.285787,11.772553,6
MGYG000002514,Gut,3601,3.334195,-2.937373,-1,-10.251851,11.775468,6
MGYG000002515,Gut,4230,2.5685136,-5.40325,-1,-11.092154,11.645969,6
MGYG000002516,Gut,3186,3.329185,-2.943449,-1,-10.236041,11.817189,6
MGYG000002517,Gut,3130,-4.4672813,2.499237,5,11.1385765,-5.336832,7
MGYG000002518,Gut,4529,2.7542472,-5.958788,-1,-10.740097,11.254918,6
MGYG000002519,Gut,4364,2.4793813,-6.1549535,-1,-10.946468,11.383875,6
MGYG000002520,Gut,4804,2.727821,-6.06743,-1,-11.070797,11.352721,6
MGYG000002521,Gut,5663,2.539899,-5.6099205,-1,-11.057469,11.398665,6
MGYG000002522,Gut,2477,-3.9190683,7.784586,5,9.435586,-5.079621,7
MGYG000002523,Gut,2531,-2.4149752,3.6797202,5,3.08077,-5.0374956,8
MGYG000002524,Gut,3714,2.8595848,-4.311832,-1,-10.331953,11.654642,6
MGYG000002525,Gut,4418,2.8547938,-4.316279,-1,-10.374508,11.635185,6
MGYG000002526,Gut,4281,4.8708477,1.6756796,1,-10.245374,11.310244,6
MGYG000002527,Gut,3849,4.8135443,1.6693616,1,-10.206893,11.303996,6
MGYG000002528,Gut,2902,-6.2053547,2.0895476,5,9.823876,-6.3404217,7
MGYG000002529,Gut,3986,4.8159246,1.666603,1,-10.204307,11.320836,6
MGYG000002530,Gut,2297,-3.5583665,6.323592,5,0.6579864,-4.892274,8
MGYG000002531,Gut,3145,-3.5032504,8.16421,5,11.158627,-5.344511,7
MGYG000002532,Gut,3559,2.849209,-4.316193,-1,-10.191419,11.288929,6
MGYG000002533,Gut,4268,1.9253297,7.3991737,4,-10.200912,11.30948,6
MGYG000002534,Gut,5284,2.5309448,-5.629841,-1,-11.1118145,11.591258,6
MGYG000002535,Gut,4484,2.523898,-5.566102,-1,-11.110716,11.637868,6
MGYG000002536,Gut,2938,2.8662152,-4.3019457,-1,-10.181676,11.411752,6
MGYG000002537,Gut,2209,6.742954,2.164578,1,-5.9124517,3.017892,5
MGYG000002538,Gut,5048,2.7156913,-6.035137,-1,-11.144316,11.328595,6
MGYG000002539,Gut,1838,13.772867,3.1655645,0,11.596791,14.062944,1
MGYG000002540,Gut,3089,2.4326916,4.7752037,4,-2.12102,16.447502,2
MGYG000002541,Gut,2147,-1.1980712,2.1806488,5,-9.017427,8.838336,6
MGYG000002542,Gut,2733,1.2391552,9.6192045,3,13.3256445,5.297469,4
MGYG000002543,Gut,1603,-0.67407775,8.513002,-1,-5.9602103,10.3322525,6
MGYG000002544,Gut,2929,6.427016,3.2827992,1,12.894653,-14.484426,-1
MGYG000002545,Gut,2430,-1.368563,1.3334041,5,5.5147333,-5.2285004,8
MGYG000002546,Gut,2581,-1.2049791,1.3831586,5,2.6354117,-4.588087,8
MGYG000002547,Gut,2109,1.3050122,3.7605188,4,-6.477972,-1.5634145,5
MGYG000002548,Gut,2479,-0.6732141,12.328448,3,11.057765,5.69444,4
MGYG000002549,Gut,4372,1.9016238,4.880219,4,-3.0554147,15.6802435,2
MGYG000002551,Gut,1577,3.435145,-2.6785617,-1,-9.122853,8.744016,6
MGYG000002552,Gut,2483,-4.240242,7.7326193,5,11.545022,-5.358852,7
MGYG000002553,Gut,1241,-2.99132,6.2535567,5,2.1721482,-6.1265173,8
MGYG000002554,Gut,1326,1.1558195,11.205397,3,13.34216,3.8778827,4
MGYG000002555,Gut,1838,1.2664723,3.7203338,4,-6.5224695,-1.5248436,5
MGYG000002556,Gut,2046,3.7111127,5.7931333,4,-0.70662296,14.675812,3
MGYG000002557,Gut,1759,14.360627,4.883617,0,11.57283,14.618264,1
MGYG000002558,Gut,2399,3.875752,6.061079,4,-1.2824057,17.088753,2
MGYG000002559,Gut,2116,-3.7912679,8.535652,5,11.5603285,-5.418958,7
MGYG000002560,Gut,4004,2.1432006,4.7177157,4,-3.0070195,15.747633,2
MGYG000002561,Gut,3414,2.4238195,4.7097707,4,-2.9195404,15.831877,2
MGYG000002562,Gut,1452,-3.9132576,2.1076784,5,-7.1277604,-1.7965896,5
MGYG000002563,Gut,2574,-4.8387275,12.302792,2,10.369446,-3.0881085,8
MGYG000002564,Gut,1953,4.037048,4.436051,4,1.0464859,14.032899,3
MGYG000002565,Gut,1648,2.0205312,5.344446,4,-7.0246725,-1.0540038,5
MGYG000002566,Gut,1663,14.722433,6.425096,0,11.863932,15.158744,1
MGYG000002567,Gut,1650,4.0820975,5.0146365,4,-0.20176117,14.560518,3
MGYG000002568,Gut,2260,1.9868076,4.603984,4,-2.3500595,16.374228,2
MGYG000002570,Gut,1738,-3.1268215,6.926396,5,1.6936039,-4.683331,8
MGYG000002571,Gut,1075,-3.5706534,11.537934,2,-8.552377,-10.299344,0
MGYG000002572,Gut,1024,-3.8682773,12.417337,2,-8.572734,-10.183668,0
MGYG000002573,Gut,1780,-4.912932,2.3378189,5,0.9251374,-4.6894035,8
MGYG000002574,Gut,3389,-4.829591,11.488314,2,11.809787,2.5078468,4
MGYG000002575,Gut,1869,2.3828812,5.221835,4,-0.77025765,16.466108,2
MGYG000002576,Gut,1601,14.722791,6.4010577,0,11.942823,15.300512,1
MGYG000002578,Gut,1776,-1.0532343,4.9628263,5,-2.3632648,5.9127836,5
MGYG000002579,Gut,1615,1.0621734,10.1235075,3,13.611711,5.1749945,4
MGYG000002580,Gut,2504,-4.226007,7.748882,5,11.588088,-5.3731146,7
MGYG000002581,Gut,1184,-3.6823633,12.158373,2,-8.817482,-10.155618,0
MGYG000002582,Gut,1396,-0.26898837,8.671522,-1,-8.960436,8.319974,6
MGYG000002583,Gut,1368,-4.1239285,12.711642,2,-8.891432,-10.176111,0
MGYG000002584,Gut,1999,3.658341,3.9628215,4,-16.908817,10.575545,-1
MGYG000002585,Gut,2038,2.392774,4.7559466,4,-2.7380366,16.000212,2
MGYG000002586,Gut,1510,-4.0938826,7.1797132,5,7.6392126,-3.1551712,8
MGYG000002587,Gut,3285,1.5079768,4.9919744,4,-3.2171245,16.212334,2
MGYG000002588,Gut,2070,-2.1106348,0.14549883,5,5.2104754,-3.411822,8
MGYG000002589,Gut,2387,-2.06278,0.70851195,5,3.6885252,-2.9489064,8
MGYG000002590,Gut,850,-1.7602726,12.761911,3,-2.7194624,-14.862952,0
MGYG000002591,Gut,1597,1.2466534,7.152575,4,-8.3952265,7.75276,6
MGYG000002592,Gut,2228,4.002304,3.2372906,4,1.3183663,13.193286,3
MGYG000002593,Gut,1352,1.1839902,9.792271,3,13.659023,5.275082,4
MGYG000002594,Gut,2028,1.2408814,11.149439,3,13.395258,4.0140243,4
MGYG000002595,Gut,1595,-2.1021276,0.71763235,5,4.4403124,-3.155632,8
MGYG000002596,Gut,2355,-4.3264866,2.5182986,5,9.585047,-6.4741216,7
MGYG000002597,Gut,1424,4.0009694,4.415419,4,7.808814,-3.01379,8
MGYG000002599,Gut,1710,6.9559307,2.7060847,1,12.4314,12.924902,1
MGYG000002600,Gut,1979,-4.3134856,2.6765869,5,7.663642,-3.1223822,8
MGYG000002601,Gut,2175,-1.8373463,0.8155917,5,3.6879737,-2.962589,8
MGYG000002602,Gut,1876,-3.6554465,8.426441,5,6.1694536,-3.312631,8
MGYG000002603,Gut,1985,3.2493615,6.856027,4,-1.1192124,17.437435,2
MGYG000002604,Gut,1652,-1.5317589,1.2772038,5,4.179766,-3.6792865,8
MGYG000002605,Gut,1306,-2.3083968,8.675891,5,-12.327014,1.6479611,-1
MGYG000002606,Gut,1837,4.2015915,5.3381047,4,-0.44135764,14.528439,3
MGYG000002607,Gut,1048,-2.4981594,13.096271,3,-2.7382324,-15.036286,0
MGYG000002608,Gut,1748,4.229398,5.002705,4,-0.22263928,14.548275,3
MGYG000002609,Gut,2671,-4.132738,7.4034467,5,11.202881,-5.1977496,7
MGYG000002610,Gut,1928,-1.0690995,1.1688988,5,5.4875436,-5.243757,8
MGYG000002612,Gut,1856,-2.1608198,0.76398987,5,4.4242907,-3.164333,8
MGYG000002613,Gut,2109,3.9424758,6.269107,4,-1.0688199,17.141657,2
MGYG000002614,Gut,2013,2.0011451,4.638753,4,-2.3452249,16.395151,2
MGYG000002616,Gut,1400,-1.4342262,5.50715,5,-2.6146572,5.899502,5
MGYG000002617,Gut,1764,-2.02764,1.0327902,5,4.8165236,-3.2695642,8
MGYG000002619,Gut,2341,-1.0694603,1.1457,5,5.4821744,-5.2370863,8
MGYG000002620,Gut,2802,-0.98054457,1.8606684,5,-3.5891163,0.714595,5
MGYG000002621,Gut,2702,2.5719645,4.7612195,4,-2.487654,16.286644,2
MGYG000002622,Gut,2602,2.1414974,4.538144,4,-2.3767743,16.342663,2
MGYG000002623,Gut,2239,-5.0875325,2.3057377,5,5.9986806,-3.2883549,8
MGYG000002624,Gut,1006,-2.1820893,4.374215,5,2.9801102,-7.8156757,8
MGYG000002625,Gut,2180,-4.9145646,2.369115,5,3.6744137,-3.9058027,8
MGYG000002626,Gut,1893,-3.647648,6.4295125,5,6.0108805,-3.3286312,8
MGYG000002627,Gut,1994,-1.9085225,0.4456575,5,4.199964,-3.7225697,8
MGYG000002628,Gut,2291,-4.649844,1.8969513,5,9.107254,-4.841203,7
MGYG000002629,Gut,778,2.4928067,6.172424,4,3.109723,-5.7725673,8
MGYG000002630,Gut,1217,0.51120025,14.011931,-1,-7.0866804,-1.0475954,5
MGYG000002631,Gut,1733,3.4545882,-2.658554,-1,-9.13563,8.743689,6
MGYG000002633,Gut,2292,-6.036497,2.0051055,5,11.489323,-5.6612415,7
MGYG000002634,Gut,1811,3.4192796,-2.7056682,-1,-9.096465,8.76067,6
MGYG000002635,Gut,1485,-3.9011157,10.5548725,2,12.735301,3.4047396,4
MGYG000002636,Gut,1523,2.9920685,6.760909,4,-0.63770443,16.908745,2
MGYG000002637,Gut,1716,3.0528922,6.7766385,4,-0.72580653,16.977442,2
MGYG000002638,Gut,2308,-3.9613717,7.4957175,5,9.424242,-5.0402026,7
MGYG000002639,Gut,1528,3.4079092,-2.711584,-1,-9.117198,8.746313,6
MGYG000002640,Gut,1673,0.68167406,14.179701,-1,-7.0458045,-0.9533956,5
MGYG000002641,Gut,2244,-1.0852419,1.1322727,5,5.4797616,-5.2316275,8
MGYG000002642,Gut,1585,0.7291946,14.229549,-1,-7.080756,-0.9201117,5
MGYG000002643,Gut,2258,0.94045514,6.796793,4,-7.8764505,8.017904,6
MGYG000002645,Gut,1666,0.6950181,14.193693,-1,-7.055544,-0.9224331,5
MGYG000002646,Gut,1360,0.70940894,14.2097225,-1,-7.1087346,-0.8516086,5
MGYG000002648,Gut,1448,-1.5036889,5.0805817,5,-2.3708048,5.909736,5
MGYG000002649,Gut,862,-1.7238845,7.8675137,5,-2.7359955,5.8090186,5
MGYG000002650,Gut,2073,-0.57334584,4.0577636,5,-16.583189,10.178734,-1
MGYG000002651,Gut,1948,-1.0989078,1.1476609,5,5.493515,-5.251167,8
MGYG000002652,Gut,1580,1.0654522,6.701457,4,0.53903925,14.493863,3
MGYG000002653,Gut,2196,3.0399907,6.451193,4,-1.070127,17.202633,2
MGYG000002654,Gut,856,-2.2810614,5.536269,5,2.909036,-7.8467417,8
MGYG000002655,Gut,1348,-3.9948883,6.853814,5,9.133021,-4.497495,7
MGYG000002656,Gut,1396,-3.791179,5.277611,5,4.444231,-2.3733165,8
MGYG000002657,Gut,2548,-5.715677,2.1950068,5,10.99978,-5.250153,7
MGYG000002658,Gut,1760,-4.198321,3.0418963,5,9.217792,-4.785955,7
MGYG000002659,Gut,1790,-2.103438,6.6114464,5,-6.721852,-2.3612592,5
MGYG000002660,Gut,1052,-2.626829,5.8301,5,-12.019456,1.9719187,-1
MGYG000002661,Gut,1840,-3.2119737,5.460122,5,0.6421378,-4.882767,8
MGYG000002662,Gut,1442,2.459813,5.6482463,4,0.5349021,14.594395,3
MGYG000002663,Gut,1452,4.1087456,6.2543535,4,-0.97077787,16.992348,2
MGYG000002664,Gut,1511,2.3904097,5.414813,4,0.50251114,14.532868,3
MGYG000002665,Gut,1406,-0.037849404,8.145423,-1,-12.304369,1.7019445,-1
MGYG000002666,Gut,516,-1.6334665,5.8061943,5,-2.6933944,5.844576,5
MGYG000002667,Gut,1569,-3.7642071,5.281754,5,4.480684,-2.3750546,8
MGYG000002668,Gut,1813,3.5217836,6.605506,4,-0.965051,17.036707,2
MGYG000002669,Gut,1078,0.025205074,8.057946,-1,-12.335923,1.7112346,-1
MGYG000002670,Gut,2154,-4.1427784,7.495405,5,11.332836,-5.48886,7
MGYG000002671,Gut,2016,-2.9866254,7.8637967,5,4.818817,1.5032834,-1
MGYG000002672,Gut,1787,-3.4824963,6.074605,5,2.5987525,-5.8760123,8
MGYG000002673,Gut,2478,-2.23477,0.2366585,5,5.2934995,-3.2695851,8
MGYG000002674,Gut,1614,4.174178,3.1890078,4,1.2904251,13.285859,3
MGYG000002675,Gut,1731,4.141674,5.4240875,4,1.2474829,13.379766,3
MGYG000002676,Gut,1710,-2.4149752,4.3872333,5,2.6482012,-6.0278583,8
MGYG000002677,Gut,1331,-2.121345,1.9787248,5,2.471091,-5.458086,8
MGYG000002678,Gut,1140,-2.1498837,4.4064145,5,2.9632015,-7.8129563,8
MGYG000002680,Gut,2724,-2.233832,0.30941236,5,5.274565,-3.3983984,8
MGYG000002681,Gut,1711,-2.1977477,2.4368095,5,3.115428,-5.5449615,8
MGYG000002682,Gut,2108,-2.1212454,0.60462606,5,5.091909,-3.2631578,8
MGYG000002683,Gut,2332,-3.116093,6.087702,5,1.5105468,-5.773604,8
MGYG000002684,Gut,1822,-2.6113043,2.574459,5,2.6360738,-4.615239,8
MGYG000002685,Gut,2403,-2.5993621,3.0473256,5,1.5970376,-5.70249,8
MGYG000002686,Gut,1293,6.7118616,3.3804924,1,13.329075,-14.027616,-1
MGYG000002687,Gut,2183,-0.5564659,2.0599933,5,-3.5903232,0.7162151,5
MGYG000002688,Gut,1283,-2.329108,4.1278863,5,2.985755,-7.803973,8
MGYG000002689,Gut,1867,-1.9180374,0.7712958,5,3.7377734,-3.871803,8
MGYG000002690,Gut,1702,14.275941,4.264536,0,11.192628,15.081484,1
MGYG000002691,Gut,2714,-2.0665686,0.6947945,5,5.279256,-3.3914006,8
MGYG000002692,Gut,908,13.330732,3.0523236,0,10.492311,16.066046,1
MGYG000002693,Gut,2428,-4.2419004,1.9923334,5,9.890427,-6.2662764,7
MGYG000002694,Gut,1899,-2.157582,1.5346159,5,2.302305,-4.9715333,8
MGYG000002695,Gut,1571,-2.8566353,3.9173212,5,2.5421996,-5.833141,8
MGYG000002696,Gut,2117,-2.3416092,0.42909396,5,4.9899344,-2.648101,8
MGYG000002697,Gut,1996,-2.0120833,2.0550296,5,2.3713658,-4.971206,8
MGYG000002698,Gut,1203,-1.4248352,1.5990019,5,3.9457574,-3.844613,8
MGYG000002699,Gut,2710,-1.388988,2.2835972,5,3.2763448,-4.9696712,8
MGYG000002701,Gut,1212,-1.9892534,2.3599107,5,2.9813817,-6.293829,8
MGYG000002702,Gut,2098,-1.9612124,2.3192363,5,2.400836,-4.885261,8
MGYG000002703,Gut,1894,-0.38011822,4.9102044,5,-8.317725,8.282334,6
MGYG000002704,Gut,2385,-2.149943,0.45548123,5,5.1946177,-3.3174646,8
MGYG000002705,Gut,2372,-1.9406397,2.0481458,5,2.4011455,-4.9332314,8
MGYG000002706,Gut,1950,-0.25512677,2.2981784,5,-3.5765533,0.72779155,5
MGYG000002707,Gut,2305,-2.3288188,0.48536238,5,5.286283,-3.4182076,8
MGYG000002708,Gut,2389,-2.5896103,2.4930375,5,2.6191592,-4.7278557,8
MGYG000002709,Gut,1730,-2.1038105,2.0285478,5,2.323619,-5.0976086,8
MGYG000002710,Gut,1999,-1.374448,3.3372152,5,3.9724047,-3.1203096,8
MGYG000002711,Gut,2857,-2.013745,1.9071038,5,2.4297218,-4.9396286,8
MGYG000002712,Gut,2034,6.6271143,3.1273193,1,12.970745,-14.404852,-1
MGYG000002713,Gut,1944,-3.1274896,6.151796,5,1.5101744,-5.85349,8
MGYG000002714,Gut,1416,14.572479,7.6030126,0,11.633477,15.885793,1
MGYG000002715,Gut,1939,-1.483305,3.5407796,5,4.683994,-3.302802,8
MGYG000002716,Gut,1644,-3.7659652,5.2590876,5,4.4825025,-2.372308,8
MGYG000002717,Gut,3862,2.1810043,4.6703324,4,-3.04826,15.681402,2
MGYG000002718,Gut,2423,-1.6457579,2.7873445,5,5.5613003,-3.6921139,8
MGYG000002719,Gut,2362,-2.506453,2.5471506,5,1.7294579,-5.577046,8
MGYG000002720,Gut,1898,-1.6836244,1.3822094,5,4.4451566,-3.1553671,8
MGYG000002721,Gut,2294,4.1285458,5.6708775,4,-0.8712496,14.412714,3
MGYG000002722,Gut,1502,3.9283776,3.3283262,4,1.0221727,13.556386,3
MGYG000002723,Gut,1537,-3.6318655,5.3189178,5,2.5290627,-6.006464,8
MGYG000002724,Gut,1758,-2.1445327,0.6954872,5,4.473091,-3.1280272,8
MGYG000002725,Gut,2332,4.2041826,5.0864124,4,-0.8950511,14.303303,3
MGYG000002726,Gut,2026,-1.710024,1.6481661,5,5.1689177,-3.2877686,8
MGYG000002727,Gut,2376,-2.0520983,0.35974288,5,5.191443,-3.3595715,8
MGYG000002728,Gut,1539,14.596574,7.003485,0,11.347976,16.064213,1
MGYG000002729,Gut,1031,13.91321,3.474743,0,10.521805,16.035852,1
MGYG000002730,Gut,1419,14.591204,7.767905,0,11.644752,16.018728,1
MGYG000002731,Gut,897,14.617303,8.063094,0,11.808567,15.87525,1
MGYG000002732,Gut,1464,14.609466,7.372349,0,11.678905,16.14504,1
MGYG000002733,Gut,1641,13.851409,3.5725358,0,11.339591,15.831891,1
MGYG000002734,Gut,1637,14.559994,5.239999,0,11.374355,15.99077,1
MGYG000002735,Gut,1670,14.611511,5.613129,0,11.351791,15.314453,1
MGYG000002736,Gut,1886,-2.5030112,4.556074,5,1.8112339,-4.7192645,8
MGYG000002737,Gut,1602,4.18043,6.2125278,4,-0.9878866,16.94096,2
MGYG000002738,Gut,3138,-5.112255,1.5367622,5,9.51387,-5.816536,7
MGYG000002739,Gut,1426,14.58711,7.8218894,0,11.543877,16.055838,1
MGYG000002740,Gut,1593,14.629305,6.1541376,0,11.580534,16.162577,1
MGYG000002741,Gut,1652,14.523082,4.9012327,0,11.289759,15.76236,1
MGYG000002742,Gut,1639,14.583271,5.2307835,0,11.102954,15.809737,1
MGYG000002743,Gut,1603,14.637308,6.548864,0,11.2436285,15.917551,1
MGYG000002744,Gut,1731,14.328419,4.798119,0,10.950378,14.805405,1
MGYG000002745,Gut,1714,14.538805,5.424102,0,10.957953,15.009386,1
MGYG000002746,Gut,1552,14.511932,4.757125,0,11.63875,16.153543,1
MGYG000002747,Gut,1639,14.179333,3.4816358,0,11.206251,15.901416,1
MGYG000002748,Gut,1660,14.512608,5.2395773,0,11.14121,15.606944,1
MGYG000002749,Gut,1334,14.629792,7.7878885,0,11.573582,16.215494,1
MGYG000002750,Gut,1475,14.66005,7.0970483,0,11.74532,16.027523,1
MGYG000002751,Gut,1728,14.303732,4.33363,0,11.019168,14.913655,1
MGYG000002752,Gut,1607,14.259229,4.2882576,0,11.363233,15.9728565,1
MGYG000002753,Gut,1287,-1.1238419,3.3672335,5,4.4977756,-2.346672,8
MGYG000002754,Gut,1709,13.974694,4.0386443,0,10.917599,15.178719,1
MGYG000002755,Gut,1682,14.3658085,4.687658,0,11.080224,15.531443,1
MGYG000002756,Gut,3208,-4.309144,1.2682605,5,9.4413,-5.9384856,7
MGYG000002757,Gut,1724,14.107352,3.8276458,0,11.254809,15.08696,1
MGYG000002758,Gut,1654,-3.186161,6.2458153,5,1.4856011,-5.83338,8
MGYG000002759,Gut,1613,14.611358,6.933857,0,11.472891,15.499959,1
MGYG000002760,Gut,1739,13.954242,3.7799425,0,10.828546,14.702643,1
MGYG000002761,Gut,1011,6.2549148,4.035327,1,13.403458,-13.9466715,-1
MGYG000002762,Gut,2413,4.0227566,5.1306534,4,-0.95865524,14.292322,3
MGYG000002763,Gut,1659,14.242859,4.034752,0,11.15952,15.605576,1
MGYG000002764,Gut,1573,14.638982,6.0490355,0,11.178706,15.839547,1
MGYG000002765,Gut,1487,13.751835,3.7086704,0,10.968121,15.813808,1
MGYG000002766,Gut,1451,14.566827,7.722891,0,11.582445,16.144472,1
MGYG000002767,Gut,735,14.09057,3.4367552,0,10.498403,16.05518,1
MGYG000002768,Gut,1040,-2.239595,5.6404266,5,3.328507,-7.4187813,8
MGYG000002769,Gut,1032,-3.839396,12.314914,2,-8.407824,-10.123735,0
MGYG000002770,Gut,2167,-1.5558921,11.407322,3,16.28665,1.9066067,4
MGYG000002771,Gut,1399,-2.9734106,7.1943865,5,1.3297323,-3.3608847,8
MGYG000002772,Gut,2423,-6.1544213,1.9833783,5,9.532922,-6.410454,7
MGYG000002773,Gut,1224,-3.6272585,11.741691,2,-8.815307,-10.204097,0
MGYG000002774,Gut,2737,1.3230513,9.464603,3,13.131435,5.280275,4
MGYG000002775,Gut,1720,14.08064,3.5756721,0,11.0312195,14.8474245,1
MGYG000002776,Gut,1486,-1.6192521,1.2354752,5,4.8420596,-3.1319048,8
MGYG000002777,Gut,1271,-3.628862,2.4658298,5,-7.1520047,-1.7915637,5
MGYG000002778,Gut,1671,13.880055,3.9228983,0,11.374225,15.457674,1
MGYG000002779,Gut,2584,-2.3514218,3.5804665,5,16.30817,1.8920382,4
MGYG000002780,Gut,2199,-1.2441597,1.2016383,5,5.0645847,-4.933307,8
MGYG000002781,Gut,1488,-2.196002,4.3940034,5,2.872078,-7.8872886,8
MGYG000002782,Gut,1748,6.7937093,3.0018415,1,12.429827,12.922528,1
MGYG000002783,Gut,1674,2.621736,6.0506306,4,-0.72008485,16.437313,2
MGYG000002784,Gut,1472,3.77951,7.461997,4,0.6824935,14.932693,3
MGYG000002785,Gut,1467,-6.0543637,2.0144541,5,9.634613,-5.915606,7
MGYG000002786,Gut,1339,-1.3208733,5.398571,5,4.5667496,4.590975,-1
MGYG000002787,Gut,2876,1.2474581,9.601828,3,13.242965,5.272867,4
MGYG000002788,Gut,1065,-1.6935861,3.798108,5,3.1617658,-7.5741577,8
MGYG000002789,Gut,1679,1.1564549,9.886337,3,13.618179,5.2308936,4
MGYG000002790,Gut,936,-1.733617,3.846665,5,3.174582,-7.52622,8
MGYG000002791,Gut,1336,-5.0289006,2.3602407,5,6.024895,-3.2885008,8
MGYG000002792,Gut,1252,-3.63204,2.4657452,5,-7.2211957,-1.7695576,5
MGYG000002793,Gut,1089,14.614372,7.866822,0,11.704482,16.169264,1
MGYG000002794,Gut,1566,-1.658188,1.3614972,5,4.4228415,-3.1829953,8
MGYG000002795,Gut,1441,-1.2039903,3.2339578,5,3.8884554,-3.2302225,8
MGYG000002797,Gut,932,-3.3492174,11.746612,2,-8.499753,-10.149352,0
MGYG000002798,Gut,1150,-4.0152793,12.57807,2,-8.714717,-10.212533,0
MGYG000002799,Gut,908,-2.93769,13.512139,3,-2.5625875,-14.768147,0
MGYG000002800,Gut,2365,2.068921,5.310343,4,-6.4664183,-1.5720221,5
MGYG000002801,Gut,1547,7.00153,2.8074055,1,12.518944,12.841346,1
MGYG000002802,Gut,2015,-3.8276958,5.1675525,5,4.603914,-2.2343142,8
MGYG000002803,Gut,1462,-2.4537249,8.49826,5,-12.274147,1.6727896,-1
MGYG000002804,Gut,1026,-2.008639,13.189292,3,-2.6516469,-15.13772,0
MGYG000002805,Gut,1743,-3.0062835,6.167285,5,1.6196846,-3.6065576,8
MGYG000002807,Gut,1459,-3.2010255,6.6964135,5,1.3527681,-3.388724,8
MGYG000002808,Gut,1170,14.6421175,7.7252145,0,11.2758045,15.622192,1
MGYG000002809,Gut,1551,-1.084229,1.0746701,5,5.49196,-5.2756143,8
MGYG000002810,Gut,1509,-3.6740932,5.286344,5,2.5266938,-6.0122094,8
MGYG000002811,Gut,1204,-3.6067398,11.983562,2,-8.8506565,-10.2747555,0
MGYG000002812,Gut,741,-3.0120122,13.420859,3,-2.5473073,-14.68402,0
MGYG000002813,Gut,1558,-0.78871053,8.273458,-1,-6.0556045,10.2377,6
MGYG000002814,Gut,872,-2.5258453,13.1454115,3,-2.7352798,-14.874451,0
MGYG000002815,Gut,1545,-3.7039251,10.779176,2,8.707555,-2.0499692,8
MGYG000002816,Gut,4516,2.5251646,-5.5468597,-1,-11.104465,11.655478,6
MGYG000002817,Gut,5323,3.2101169,3.2933729,4,9.746334,5.796865,4
MGYG000002818,Gut,3753,-4.159301,11.360403,2,10.347887,-3.1229317,8
MGYG000002819,Gut,1661,0.7183291,14.2188835,-1,-7.033386,-0.98324364,5
MGYG000002820,Gut,794,-1.6127238,4.746514,5,-7.1237783,-1.6934377,5
MGYG000002821,Gut,1650,-2.368638,9.3430605,5,8.6319475,-2.1424341,8
MGYG000002822,Gut,913,1.1807417,11.028868,3,13.387264,3.9488578,4
MGYG000002823,Gut,4016,2.4931238,-6.1618705,-1,-10.942768,11.384816,6
MGYG000002824,Gut,1602,14.618516,5.942735,0,11.911171,15.241067,1
MGYG000002825,Gut,4509,2.6020696,-5.6749926,-1,-11.134527,11.327902,6
MGYG000002826,Gut,940,0.86087555,11.394836,3,13.446284,3.9719157,4
MGYG000002827,Gut,4630,5.609146,2.3569531,1,-9.6294155,10.290715,6
MGYG000002828,Gut,1752,-2.2691169,0.1167132,5,5.2404394,-3.4014192,8
MGYG000002829,Gut,4718,-3.4983206,1.306251,5,8.629475,-5.253797,7
MGYG000002830,Gut,1595,0.7254357,14.225733,-1,-7.0214953,-0.9753787,5
MGYG000002831,Gut,1198,-2.2076046,5.4067645,5,3.4721124,-7.2182255,8
MGYG000002832,Gut,1803,3.3001707,6.812787,4,-0.98889035,16.937784,2
MGYG000002834,Gut,2426,3.2192764,6.8837824,4,-1.1084356,17.454576,2
MGYG000002835,Gut,2480,-4.6142445,2.422633,5,9.805638,-5.7928786,7
MGYG000002836,Gut,3815,-3.6864364,8.273986,5,10.127009,-4.6998878,7
MGYG000002837,Gut,2933,-4.724041,1.8553804,5,9.500837,-6.0575137,7
MGYG000002838,Gut,3164,-4.246984,1.7554551,5,9.277053,-6.3347893,7
MGYG000002839,Gut,1523,-0.34838971,11.593213,3,13.2523775,3.9545686,4
MGYG000002840,Gut,2424,-2.1167216,0.2618348,5,5.052408,-3.190339,8
MGYG000002841,Gut,2302,1.3205512,1.768067,-1,4.9089084,-2.4126987,8
MGYG000002842,Gut,530,2.2451978,7.176419,4,12.596374,12.719529,1
MGYG000002843,Gut,1465,0.88749444,11.381053,3,13.446562,4.024937,4
MGYG000002844,Gut,1784,14.195105,3.938502,0,11.039723,14.538078,1
MGYG000002845,Gut,2531,-4.9851093,1.8659686,5,9.502119,-6.5117893,7
MGYG000002846,Gut,2862,-0.84993607,2.0251257,5,-3.5936298,0.7103944,5
MGYG000002847,Gut,1624,14.330674,4.9509583,0,11.366918,15.838134,1
MGYG000002848,Gut,1535,-3.0282948,7.0274057,5,1.333422,-3.3608325,8
MGYG000002849,Gut,1620,14.646535,5.8953867,0,11.271545,15.774387,1
MGYG000002850,Gut,1490,14.65473,6.0898685,0,11.53177,15.982248,1
MGYG000002851,Gut,1672,14.468582,5.469744,0,11.008497,15.310307,1
MGYG000002852,Gut,1687,14.133823,3.7906678,0,11.006004,15.307101,1
MGYG000002853,Gut,1595,14.618939,5.3761225,0,11.32482,15.829464,1
MGYG000002854,Gut,1812,-3.9113803,11.565786,2,8.702645,-2.7651947,8
MGYG000002855,Gut,1504,14.72292,7.1563015,0,11.381554,15.816771,1
MGYG000002857,Gut,2044,-3.4032815,1.7813438,5,2.6061227,-4.8106422,8
MGYG000002858,Gut,1722,13.846362,3.6929317,0,10.962072,14.849896,1
MGYG000002859,Gut,1801,13.491438,3.0870762,0,11.055826,14.430752,1
MGYG000002860,Gut,1682,14.374796,4.833843,0,10.989162,15.05605,1
MGYG000002861,Gut,1968,1.3109905,3.77472,4,-6.510103,-1.5755196,5
MGYG000002863,Gut,1556,-1.688458,2.9639215,5,5.6056023,-3.6972754,8
MGYG000002864,Gut,1587,14.710866,6.445472,0,11.354721,15.8756075,1
MGYG000002865,Gut,1493,14.3373375,4.4808493,0,11.341041,16.135698,1
MGYG000002866,Gut,1280,14.611603,7.2765274,0,11.91041,16.01119,1
MGYG000002867,Gut,1440,4.190276,3.1728897,4,1.230094,13.395779,3
MGYG000002868,Gut,1206,2.794464,5.364405,4,-0.41194868,14.646956,3
MGYG000002869,Gut,1667,14.560606,5.7610383,0,11.047904,15.470893,1
MGYG000002870,Gut,870,-1.7029305,12.829665,3,-2.5531807,-14.8673725,0
MGYG000002871,Gut,1161,14.660785,7.4890313,0,11.379822,15.9591875,1
MGYG000002872,Gut,2344,-3.5994837,5.2538233,5,2.310457,-5.5598116,8
MGYG000002873,Gut,1306,-1.4695667,5.5371466,5,-2.5933876,5.9091144,5
MGYG000002874,Gut,2040,-2.4137163,1.3859099,5,4.6894383,-2.2413006,8
MGYG000002875,Gut,1833,4.346533,5.208091,4,-0.40258595,14.538747,3
MGYG000002876,Gut,1915,-4.0727115,6.9810143,5,7.5793304,-3.2393708,8
MGYG000002877,Gut,1808,4.2987585,6.255953,4,-1.1111404,17.000935,2
MGYG000002878,Gut,1921,-3.9675467,7.2118344,5,1.3738841,14.123896,3
MGYG000002879,Gut,474,-2.2194855,4.6898465,5,-5.502478,-9.217847,0
MGYG000002880,Gut,1756,-3.4089131,7.276179,5,1.1087545,-4.7968345,8
MGYG000002881,Gut,1018,-3.6426318,5.874127,5,0.9586778,-4.634997,8
MGYG000002882,Gut,1909,-2.1071987,0.604243,5,4.4691753,-3.1861253,8
MGYG000002883,Gut,1225,-2.2557592,8.665505,5,-12.323018,1.7409959,-1
MGYG000002884,Gut,1483,-2.8237457,7.601899,5,-12.253069,1.7170129,-1
MGYG000002885,Gut,2775,5.91211,1.6119846,1,-9.714895,10.3416605,6
MGYG000002886,Gut,3647,5.679104,1.7241992,1,-9.308482,10.150768,6
MGYG000002887,Gut,1275,-3.9414978,10.564934,2,8.715415,-2.0431724,8
MGYG000002888,Gut,1951,6.3926454,1.6355063,1,-5.8359594,3.0511353,5
MGYG000002889,Gut,4065,2.7594714,-6.045714,-1,-10.722238,11.192439,6
MGYG000002890,Gut,1405,1.1946586,11.1518135,3,13.374729,3.919837,4
MGYG000002891,Gut,1592,1.1893408,11.171613,3,13.367161,3.9196885,4
MGYG000002892,Gut,1060,-3.7062056,10.758698,2,8.715647,-2.036745,8
MGYG000002893,Gut,1764,3.4498022,-2.6589365,-1,-9.101036,8.738617,6
MGYG000002894,Gut,1770,6.354329,1.515621,1,-6.3885913,2.8308747,5
MGYG000002895,Gut,1229,6.4286547,1.536873,1,-6.3005204,2.9180212,5
MGYG000002896,Gut,1045,-2.36623,9.326525,5,8.649918,-2.115177,8
MGYG000002897,Gut,1610,6.383586,1.1201603,1,-6.4861813,2.8460414,5
MGYG000002898,Gut,1901,3.4069362,-2.6612184,-1,-9.084748,8.750259,6
MGYG000002899,Gut,1581,6.3705373,1.0932112,1,-6.424569,2.8873637,5
MGYG000002900,Gut,1972,6.740108,2.1682377,1,-6.279023,2.8139613,5
MGYG000002901,Gut,994,-3.718185,10.762114,2,8.670596,-2.0833595,8
MGYG000002902,Gut,825,0.6559029,14.143225,-1,-7.0944066,-1.0454727,5
MGYG000002903,Gut,1088,-1.5526357,4.7890162,5,-7.150085,-1.6751039,5
MGYG000002904,Gut,4819,2.5271864,-5.6046963,-1,-11.049854,11.38,6
MGYG000002905,Gut,1904,2.7569182,6.208511,4,-0.64604545,14.680482,3
MGYG000002907,Gut,3132,-1.4889681,5.5185895,5,-6.3027573,-1.6806754,5
MGYG000002908,Gut,1131,2.2181263,7.155019,4,12.627487,12.686348,1
MGYG000002909,Gut,1044,-1.8199006,12.675682,3,13.4227915,3.9209635,4
MGYG000002910,Gut,1556,6.3415003,3.414382,1,13.195923,-14.167647,-1
MGYG000002911,Gut,1683,14.053242,3.340288,0,11.26697,15.139577,1
MGYG000002912,Gut,1324,-2.5412176,5.5657344,5,3.0017912,-7.7000566,8
MGYG000002913,Gut,1615,-2.2686775,4.618353,5,2.0227551,-5.828537,8
MGYG000002914,Gut,1177,6.8868217,2.9068122,1,12.493889,12.853903,1
MGYG000002915,Gut,1401,14.671909,6.306756,0,11.410376,15.928275,1
MGYG000002916,Gut,1517,14.358338,4.3759203,0,11.471969,16.031548,1
MGYG000002917,Gut,1674,14.245092,4.351741,0,11.160635,15.242039,1
MGYG000002918,Gut,1670,14.089333,3.60992,0,11.31638,15.694405,1
MGYG000002919,Gut,1840,13.682123,3.054403,0,11.123667,14.280535,1
MGYG000002920,Gut,1604,4.0832343,5.9827228,4,-0.1806429,14.541439,3
MGYG000002921,Gut,1073,14.599518,7.919464,0,11.796224,15.833342,1
MGYG000002922,Gut,1625,4.097068,4.532137,4,1.2700541,14.048537,3
MGYG000002923,Gut,1545,14.611976,6.24325,0,11.571285,15.942801,1
MGYG000002924,Gut,2158,6.9181685,2.9375267,1,12.954749,-14.419801,-1
MGYG000002925,Gut,1081,-1.8268526,12.653424,3,-2.6289425,-15.243352,0
MGYG000002926,Gut,1615,-2.1778333,0.5238816,5,4.425935,-3.2578332,8
MGYG000002927,Gut,1348,14.660388,7.5981317,0,11.801481,15.874204,1
MGYG000002928,Gut,946,13.565124,3.0446029,0,10.486199,16.06683,1
MGYG000002929,Gut,1214,14.677564,6.7316713,0,11.907125,15.859935,1
MGYG000002930,Gut,1906,2.6525,6.717103,4,-0.7643145,16.521484,2
MGYG000002931,Gut,587,3.804979,7.434204,4,0.68579125,14.937362,3
MGYG000002932,Gut,1784,13.832923,3.178646,0,10.968066,14.457279,1
MGYG000002933,Gut,2395,1.9071932,5.0914536,4,-2.3566737,16.353848,2
MGYG000002934,Gut,2538,-2.4568303,2.9954822,5,5.1447406,-4.264009,8
MGYG000002935,Gut,2117,2.1793435,5.0014796,4,-2.3277097,16.4191,2
MGYG000002936,Gut,1542,14.567979,6.985404,0,11.633999,15.878094,1
MGYG000002937,Gut,2656,-1.5151004,4.8033633,5,10.518399,5.7968264,4
MGYG000002938,Gut,2243,-3.6760116,8.162715,5,10.37509,-3.0913265,8
MGYG000002939,Gut,2767,0.291475,11.113296,3,12.803235,5.235655,4
MGYG000002940,Gut,1024,3.662431,3.9869554,4,-7.6836557,2.9814405,5
MGYG000002941,Gut,1484,6.4374948,1.3998449,1,-6.4627786,2.8485773,5
MGYG000002942,Gut,443,0.5301866,8.252214,-1,-5.7573977,-8.600117,0
MGYG000002943,Gut,2397,6.724577,2.168936,1,-6.166096,2.846537,5
MGYG000002944,Gut,2353,-2.2421708,0.013389927,5,5.281524,-3.4711466,8
MGYG000002945,Gut,3563,-4.032262,1.8272007,5,8.914857,-6.1078095,7
MGYG000002946,Gut,3792,-2.4834356,1.1017878,5,8.632185,-5.243891,7
MGYG000002947,Gut,1569,13.654381,3.493334,0,11.448764,16.005856,1
MGYG000002948,Gut,1754,13.891254,3.4744895,0,11.029287,14.593515,1
MGYG000002949,Gut,4132,-5.299405,1.9014083,5,8.791003,-6.0043797,7
MGYG000002950.1,Gut,1215,-3.8846948,10.5043745,2,12.929323,3.5826702,4
MGYG000002951,Gut,451,-2.3632636,8.515438,5,-5.7534866,-8.610471,0
MGYG000002952,Gut,966,-1.3025248,11.480116,3,15.964959,2.1978729,4
MGYG000002953,Gut,3221,-2.30429,0.068600096,5,5.3427024,-3.4803839,8
MGYG000002954,Gut,2097,-4.1113696,6.8459187,5,7.5635867,-3.2262475,8
MGYG000002955,Gut,1807,-0.2539034,2.2972791,5,-3.6026225,0.7012802,5
MGYG000002956,Gut,1080,1.0486178,10.121862,3,13.803577,5.4383826,4
MGYG000002957,Gut,1428,6.4387746,3.486316,1,13.184268,-14.177368,-1
MGYG000002958,Gut,1736,13.929677,3.2327135,0,10.945781,14.756898,1
MGYG000002959,Gut,1455,-3.9761422,10.632014,2,8.4704,-2.3381934,8
MGYG000002960,Gut,2120,3.241602,6.8490424,4,-1.0920135,17.422012,2
MGYG000002961,Gut,1688,14.142477,3.8504982,0,11.868069,15.042471,1
MGYG000002962,Gut,2867,-4.977126,12.182395,2,10.635868,-3.3510075,8
MGYG000002963,Gut,4148,-1.3297462,11.504804,3,10.197543,-4.7141223,7
MGYG000002964,Gut,2072,-1.9708176,1.5191401,5,5.122648,-3.2813153,8
MGYG000002965,Gut,1827,-2.5762565,2.2935154,5,2.3629262,-4.6280065,8
MGYG000002966,Gut,3706,-4.726689,1.688175,5,9.099691,-5.889395,7
MGYG000002967,Gut,2435,0.25383374,11.137437,3,12.771988,5.24882,4
MGYG000002968,Gut,1721,14.289845,4.7028913,0,10.988556,14.883749,1
MGYG000002969,Gut,1631,-2.8391855,2.7307205,5,-6.749358,-2.3028593,5
MGYG000002970,Gut,1618,14.495295,5.5568504,0,11.259591,15.844081,1
MGYG000002971,Gut,1609,14.180271,3.595438,0,11.243013,15.783097,1
MGYG000002972,Gut,1121,2.3671756,6.9812603,4,12.60134,12.711304,1
MGYG000002974,Gut,2035,-3.6632354,2.2364488,5,9.985211,-6.012522,7
MGYG000002975,Gut,1533,-4.0924487,7.0060186,5,7.5875034,-3.1749892,8
MGYG000002976,Gut,481,0.5040859,8.219359,-1,-5.7694054,-8.577086,0
MGYG000002977,Gut,1032,2.1807096,7.198817,4,-7.6562967,2.981047,5
MGYG000002978,Gut,1734,14.398797,5.0035224,0,10.932934,14.801488,1
MGYG000002980,Gut,1835,-1.9916266,2.7358875,5,1.7742795,-3.8194542,8
MGYG000002981,Gut,1721,13.468645,3.2119923,0,10.978635,14.823503,1
MGYG000002982,Gut,918,0.9592763,11.389604,3,13.459576,3.9526215,4
MGYG000002983,Gut,1019,-2.085857,12.919624,3,13.425036,3.918583,4
MGYG000002984,Gut,1362,-2.839902,5.830895,5,2.154323,-6.0544224,8
MGYG000002985,Gut,2096,-5.659388,1.4364203,5,9.698363,-5.7174683,7
MGYG000002986,Gut,1660,-1.9878322,12.842013,3,13.427379,3.9112337,4
MGYG000002987,Gut,536,0.52503604,8.229938,-1,-5.761937,-8.592663,0
MGYG000002988,Gut,1603,6.665141,2.2283556,1,-6.4407573,2.8119035,5
MGYG000002989,Gut,2464,-5.692604,1.490827,5,9.736663,-5.769603,7
MGYG000002990,Gut,1388,-4.0216274,1.38768,5,-7.1608567,-1.7765357,5
MGYG000002991,Gut,1709,14.057797,3.8357062,0,10.934761,14.858605,1
MGYG000002992,Gut,2108,-6.0464225,1.9626852,5,9.558789,-6.4884787,7
MGYG000002993,Gut,2139,-1.3506256,3.221656,5,3.8906717,-3.0659864,8
MGYG000002994,Gut,1974,1.312228,3.7790504,4,-6.493279,-1.5930519,5
MGYG000002995,Gut,3926,-2.5417218,1.1008068,5,8.615987,-5.2676487,7
MGYG000002996,Gut,1979,-0.22831763,2.3155596,5,-3.5650668,0.7386707,5
MGYG000002997,Gut,1384,1.0796862,10.598452,3,13.4526005,4.1276665,4
MGYG000002998,Gut,1050,2.2065938,7.179536,4,12.619652,12.689014,1
MGYG000002999,Gut,656,6.434419,1.4098971,1,-6.4529595,3.14215,5
MGYG000003000,Gut,1113,6.443382,1.4114503,1,-6.45435,3.2094576,5
MGYG000003001,Gut,1660,-1.4333092,3.4613163,5,9.221441,-4.7042055,7
MGYG000003002,Gut,1717,1.210089,11.102586,3,13.400269,4.002329,4
MGYG000003003,Gut,1456,2.2294097,7.1177,4,13.37449,-13.951508,-1
MGYG000003004,Gut,2171,-2.522193,2.3538432,5,2.3682249,-4.664039,8
MGYG000003005,Gut,2180,-3.7181716,6.1715584,5,0.8776808,-4.7127857,8
MGYG000003006,Gut,1389,14.680742,6.744124,0,11.503031,16.267576,1
MGYG000003007,Gut,1762,13.868394,3.1542325,0,10.975497,14.590834,1
MGYG000003008,Gut,509,0.5332348,8.24164,-1,-5.7767253,-8.576264,0
MGYG000003009,Gut,1047,-4.220428,1.2618693,5,9.312925,-4.825176,7
MGYG000003010,Gut,1262,-0.36350584,11.614181,3,13.321066,3.9282792,4
MGYG000003011,Gut,1677,14.154866,3.9415858,0,10.964121,15.474701,1
MGYG000003012,Gut,2866,-5.4761634,1.747892,5,9.5867815,-5.8273487,7
MGYG000003013,Gut,2070,-4.250479,1.2345471,5,9.411322,-4.92038,7
MGYG000003014,Gut,1382,6.4353013,1.3996739,1,-6.4823756,2.8009079,5
MGYG000003015,Gut,1667,3.457387,-2.651901,-1,-9.110484,8.737783,6
MGYG000003016,Gut,3389,5.487815,1.835388,1,-9.777955,10.406501,6
MGYG000003017,Gut,1835,1.1824796,6.803128,4,-7.9845695,8.02099,6
MGYG000003018,Gut,1871,3.9492428,3.2219334,4,1.1756427,13.348782,3
MGYG000003019,Gut,1129,4.1384754,3.18524,4,1.1241037,13.555629,3
MGYG000003020,Gut,1169,14.604687,7.3956494,0,11.844382,15.977409,1
MGYG000003021,Gut,615,3.437593,-2.678353,-1,-9.127899,8.730648,6
MGYG000003022,Gut,2009,0.999375,6.7608643,4,-7.854831,8.019732,6
MGYG000003023,Gut,1618,0.97786206,6.766501,4,-7.839039,8.027862,6
MGYG000003024,Gut,1635,14.571262,5.6448703,0,11.166613,15.749844,1
MGYG000003025,Gut,1589,14.617579,6.500696,0,11.465253,15.946954,1
MGYG000003026,Gut,1534,14.5772085,6.770028,0,11.509031,16.091553,1
MGYG000003027,Gut,1245,14.6722355,7.462181,0,11.534013,15.627026,1
MGYG000003028,Gut,1576,14.537792,7.450432,0,11.457366,15.920552,1
MGYG000003029,Gut,1593,14.57458,5.399114,0,11.489158,16.06035,1
MGYG000003030,Gut,1593,14.606043,6.230252,0,11.618958,15.821896,1
MGYG000003031,Gut,1552,14.632669,6.332974,0,11.737299,16.14738,1
MGYG000003032,Gut,1631,14.4557495,4.395092,0,11.243995,15.935008,1
MGYG000003033,Gut,1587,14.591875,6.0656223,0,11.456356,15.981339,1
MGYG000003034,Gut,1541,14.680935,6.642499,0,11.382759,15.921958,1
MGYG000003035,Gut,2454,4.0649514,5.169497,4,-0.99089795,14.266151,3
MGYG000003036,Gut,1683,14.233324,4.416634,0,10.986544,15.370145,1
MGYG000003037,Gut,1634,13.862951,3.6778202,0,11.322537,15.834274,1
MGYG000003038,Gut,1411,14.577806,6.846054,0,11.821495,15.828095,1
MGYG000003039,Gut,1480,13.602123,3.055644,0,10.799773,15.850423,1
MGYG000003040,Gut,1059,14.672371,7.4393806,0,11.161076,15.66913,1
MGYG000003041,Gut,1704,14.348829,4.1625233,0,10.974213,15.363918,1
MGYG000003042,Gut,2226,-1.1647553,1.176382,5,5.1687856,-5.0086985,8
MGYG000003043,Gut,1609,14.625053,6.1416483,0,11.481054,16.14888,1
MGYG000003044,Gut,1693,14.276803,3.7155483,0,11.05911,15.271311,1
MGYG000003045,Gut,1516,14.562762,6.8942432,0,11.3671875,16.155249,1
MGYG000003046,Gut,1644,14.141208,4.149843,0,11.236268,15.713212,1
MGYG000003047,Gut,1431,14.5290165,6.9856,0,11.609851,16.005556,1
MGYG000003048,Gut,1394,14.537793,7.413865,0,11.581053,15.946072,1
MGYG000003050,Gut,1259,14.5461035,7.7151227,0,11.704544,16.135197,1
MGYG000003051,Gut,1689,14.298497,4.4198155,0,11.054386,15.15548,1
MGYG000003052,Gut,1775,13.914834,3.2985854,0,10.97383,14.486191,1
MGYG000003053,Gut,1711,14.046562,3.5913575,0,10.953344,14.999854,1
MGYG000003054,Gut,1418,-3.2971315,7.0335665,5,1.3511257,-3.3766477,8
MGYG000003055,Gut,1598,-5.0809174,2.8244686,5,1.8920734,-4.6890697,8
MGYG000003056,Gut,2066,-4.883042,11.506959,2,11.846691,2.5464864,4
MGYG000003057,Gut,1923,-1.8643099,0.861055,5,3.631796,-2.8947117,8
MGYG000003058,Gut,1316,-4.191818,12.702754,2,-8.901997,-10.217753,0
MGYG000003059,Gut,1620,-1.847818,3.6144867,5,1.5802174,-3.6096056,8
MGYG000003060,Gut,1553,3.449067,-2.666515,-1,-9.155116,8.779668,6
MGYG000003061,Gut,1155,14.680815,7.9018536,0,11.304564,15.869079,1
MGYG000003062,Gut,1704,14.651965,6.447258,0,11.029009,15.12234,1
MGYG000003063,Gut,3289,-3.9697068,2.0444405,5,9.534354,-5.572416,7
MGYG000003064,Gut,2614,2.2625577,5.2772536,4,-2.568521,16.171965,2
MGYG000003065,Gut,2346,-6.090268,1.9221413,5,9.484886,-6.418736,7
MGYG000003066,Gut,1683,14.320274,3.6062376,0,10.989687,15.363693,1
MGYG000003067,Gut,1439,14.747979,7.298048,0,11.586839,16.096027,1
MGYG000003068,Gut,1423,-3.3339689,7.1289334,5,1.7207478,-5.9123726,8
MGYG000003069,Gut,1666,5.8366623,2.3049219,1,-7.700451,2.9746442,5
MGYG000003070,Gut,1462,-3.183697,3.9597402,5,2.7308822,-6.125185,8
MGYG000003071,Gut,1122,0.79543483,14.297979,-1,-7.084341,-0.8933185,5
MGYG000003072,Gut,6003,2.6506135,3.8796651,4,9.689296,5.7839823,4
MGYG000003073,Gut,1559,14.528197,5.3195806,0,11.94027,15.479635,1
MGYG000003074,Gut,2172,-3.9730048,1.5764267,5,9.138084,-4.8845057,7
MGYG000003075,Gut,1745,14.158355,3.387578,0,10.971374,14.694243,1
MGYG000003076,Gut,2257,1.3859061,5.010371,4,-3.153446,16.712759,2
MGYG000003077,Gut,1548,-2.96375,7.6776967,5,-12.248047,1.6436838,-1
MGYG000003078,Gut,1684,14.692906,6.6347237,0,10.960107,15.373015,1
MGYG000003079,Gut,1748,13.981852,3.504833,0,10.933736,14.73526,1
MGYG000003081,Gut,1639,14.615273,5.6523433,0,11.38512,15.625473,1
MGYG000003083,Gut,1695,13.777774,3.734561,0,10.886058,15.135078,1
MGYG000003084,Gut,1560,-3.5652344,5.7448926,5,2.6764731,-6.156621,8
MGYG000003086,Gut,1020,-3.9746773,12.671794,2,-8.64234,-10.160622,0
MGYG000003087,Gut,1946,-3.4602437,2.983827,5,16.154362,2.0381532,4
MGYG000003090,Gut,1076,-0.9477724,11.669748,3,-2.627006,-15.243506,0
MGYG000003091,Gut,2435,1.7823671,5.064257,4,-2.7709832,16.338182,2
MGYG000003093,Gut,1702,14.352154,4.558504,0,10.924733,14.991905,1
MGYG000003094,Gut,2465,2.0542614,4.408648,4,-2.4174101,16.3472,2
MGYG000003095,Gut,1208,-2.071326,12.968169,3,-2.3727095,-14.886851,0
MGYG000003096,Gut,1600,14.622704,5.9346952,0,11.254521,15.818101,1
MGYG000003097,Gut,3083,1.9923035,4.605288,4,-2.43247,16.258451,2
MGYG000003099,Gut,2301,1.5984197,5.2470345,4,-0.9162208,14.680442,3
MGYG000003100,Gut,1458,-2.864867,5.2458863,5,3.8754117,-4.2837296,8
MGYG000003104,Gut,1701,-3.2714636,7.302171,5,1.2498674,-4.798141,8
MGYG000003107,Gut,1731,14.112044,3.4417052,0,10.912836,14.754677,1
MGYG000003108,Gut,1408,14.734802,7.090845,0,11.599253,16.307272,1
MGYG000003109,Gut,966,14.674277,8.045758,0,11.592464,16.16551,1
MGYG000003110,Gut,742,-3.8008068,12.078784,2,-8.504252,-10.340333,0
MGYG000003111,Gut,706,-2.0148203,8.42332,5,-5.57294,-9.251387,0
MGYG000003112,Gut,1130,-3.2234688,6.8538384,5,1.742409,-4.7341948,8
MGYG000003113,Gut,1897,6.7203727,2.208408,1,-6.397743,2.834984,5
MGYG000003114,Gut,2991,-4.962579,12.172556,2,10.565303,-3.2869074,8
MGYG000003115,Gut,2769,2.7428303,-6.0038705,-1,-10.906867,11.365198,6
MGYG000003116,Gut,2146,-4.9074464,12.142311,2,10.332702,-3.069238,8
MGYG000003117,Gut,1457,-3.7592032,10.647312,2,8.412309,-2.3829455,8
MGYG000003118,Gut,1839,3.4747179,-2.6244414,-1,-9.104519,8.736158,6
MGYG000003119,Gut,1993,2.6058278,6.6586156,4,-0.6836751,14.819926,3
MGYG000003120,Gut,1318,2.2339735,7.147781,4,-7.684876,2.9946058,5
MGYG000003121,Gut,1570,-1.8782005,12.689506,3,13.402355,3.9155228,4
MGYG000003122,Gut,1764,13.723778,3.5775273,0,10.935142,14.507711,1
MGYG000003123,Gut,3281,2.6362112,-6.0216537,-1,-10.75016,11.237856,6
MGYG000003124,Gut,1301,6.4730196,1.4793507,1,-6.422844,3.2027106,5
MGYG000003125,Gut,2126,6.4620247,1.4132857,1,-5.7973266,3.0700657,5
MGYG000003126,Gut,1819,3.441303,-2.6720176,-1,-9.106381,8.747575,6
MGYG000003127,Gut,2146,2.478158,-6.012245,-1,-10.717728,11.167762,6
MGYG000003128,Gut,1561,6.3893714,1.4975656,1,-5.777807,3.0778263,5
MGYG000003129,Gut,1552,-3.8091652,10.861767,2,8.732491,-2.0310369,8
MGYG000003130,Gut,1148,6.3937244,1.4060329,1,-6.4441032,2.8380399,5
MGYG000003131,Gut,3152,0.09125802,8.035864,-1,-6.321013,-1.5830748,5
MGYG000003132,Gut,2320,1.9491158,5.272314,4,-2.672163,15.943307,2
MGYG000003133,Gut,3372,-0.34284595,11.534121,3,10.260094,5.8337474,4
MGYG000003134,Gut,1703,1.2042158,11.11255,3,13.355731,3.8973217,4
MGYG000003135,Gut,1605,6.694798,2.177581,1,-6.3494663,2.9054317,5
MGYG000003136,Gut,1634,1.2028563,11.127775,3,13.366481,3.903352,4
MGYG000003137,Gut,7253,5.753899,2.4921985,1,-9.579266,10.253136,6
MGYG000003138,Gut,1677,1.219376,11.106487,3,13.353046,3.8969471,4
MGYG000003139,Gut,2187,-4.8444104,11.980087,2,10.427938,-3.046103,8
MGYG000003140,Gut,1521,6.3292117,1.6220355,1,-6.4521933,2.7888043,5
MGYG000003142,Gut,3131,-4.8371315,12.075583,2,10.400571,-3.1247137,8
MGYG000003143,Gut,3436,-4.4910617,11.732701,2,10.409204,-3.0884078,8
MGYG000003144,Gut,3843,4.8344417,1.6856375,1,-10.21049,11.326183,6
MGYG000003145,Gut,1798,6.663189,2.2320664,1,-6.371491,2.8166015,5
MGYG000003146,Gut,1841,1.19508,11.141096,3,13.378217,3.9449196,4
MGYG000003147,Gut,3837,-4.665873,1.4564551,5,8.66775,-5.850686,7
MGYG000003148,Gut,1658,-5.953263,2.3522725,5,9.55325,-6.4701147,7
MGYG000003149,Gut,1385,-4.1078477,7.0612483,5,8.936759,-4.2328677,7
MGYG000003150,Gut,1469,-3.910778,10.546556,2,8.454209,-2.3493693,8
MGYG000003152,Gut,2028,3.5717483,4.6495667,4,-0.71208096,17.027733,2
MGYG000003153,Gut,1853,-2.4485676,1.7068157,5,1.458932,-3.4276311,8
MGYG000003154,Gut,1550,-1.7480059,4.4386144,5,-16.890942,10.524343,-1
MGYG000003155,Gut,1166,-1.439752,5.540382,5,-2.5640416,5.9444337,5
MGYG000003156,Gut,1559,-3.4676762,7.3041396,5,1.3706863,-3.392572,8
MGYG000003157,Gut,1348,14.569643,7.50004,0,11.608844,16.189644,1
MGYG000003158,Gut,1725,4.245509,5.2709646,4,-0.22964242,14.554015,3
MGYG000003159,Gut,1389,14.624894,7.50313,0,11.420014,16.280117,1
MGYG000003160,Gut,1448,-1.8738382,2.511345,5,2.1370661,-5.411473,8
MGYG000003161,Gut,1690,-3.2262194,6.9443097,5,1.409201,-3.4212415,8
MGYG000003162,Gut,1197,-3.526919,5.909236,5,0.9642336,-4.8359227,8
MGYG000003163,Gut,2243,2.1559355,4.8239017,4,-2.3445415,16.412907,2
MGYG000003164,Gut,2179,4.0264883,5.177648,4,-0.8874574,14.239246,3
MGYG000003165,Gut,1832,-4.305917,7.5114884,5,11.645018,-5.848363,7
MGYG000003166,Gut,2001,-1.0655302,1.1195585,5,5.4275045,-5.1794276,8
MGYG000003167,Gut,1119,14.569246,7.718929,0,11.627073,16.064268,1
MGYG000003168,Gut,1463,14.618428,7.52525,0,11.389375,16.006544,1
MGYG000003169,Gut,1175,-1.8753817,4.0835943,5,3.328807,-7.2198157,8
MGYG000003170,Gut,1647,5.8338375,3.348754,1,-7.9686065,8.024138,6
MGYG000003171,Gut,1616,-2.1312032,4.9433246,5,1.6081451,-3.6309235,8
MGYG000003172,Gut,1319,4.197377,5.1664786,4,-0.7028087,14.423793,3
MGYG000003173,Gut,1618,14.298834,4.539192,0,11.384939,15.902301,1
MGYG000003174,Gut,1776,14.1595335,4.0084114,0,11.065316,14.49656,1
MGYG000003175,Gut,1021,14.566689,7.7976456,0,11.592989,16.259447,1
MGYG000003176,Gut,1641,-1.8776891,4.8740816,5,1.4056438,-3.4219885,8
MGYG000003177,Gut,1674,3.8752837,6.0074735,4,-0.2970985,14.589575,3
MGYG000003178,Gut,2723,2.7080612,-6.0575447,-1,-11.093922,11.347886,6
MGYG000003179,Gut,1190,-1.8598429,3.9161222,5,3.1082165,-7.6011167,8
MGYG000003180,Gut,1653,14.467174,5.020967,0,11.116947,15.619046,1
MGYG000003181,Gut,1531,14.561024,7.275681,0,11.71735,16.041677,1
MGYG000003182,Gut,627,-2.4754784,8.429627,5,-5.55652,-9.185116,0
MGYG000003183,Gut,1697,14.350019,4.042554,0,11.283909,15.134151,1
MGYG000003184,Gut,3648,2.7785451,-6.037501,-1,-10.676241,11.225105,6
MGYG000003185,Gut,1500,-2.7092264,2.2350821,5,7.2773414,-3.0373776,8
MGYG000003186,Gut,1630,6.3547277,1.527853,1,-6.3931527,2.869379,5
MGYG000003187,Gut,4239,2.477532,-6.1778164,-1,-10.942803,11.343718,6
MGYG000003188,Gut,1678,0.67446905,14.174352,-1,-7.0626574,-0.9433074,5
MGYG000003189,Gut,2000,3.4479098,-2.6716356,-1,-9.103751,8.760457,6
MGYG000003190,Gut,1740,0.6439354,14.140489,-1,-7.066098,-0.92754275,5
MGYG000003191,Gut,1546,14.676993,6.219152,0,11.875746,15.848689,1
MGYG000003192,Gut,3283,-5.418789,1.9283484,5,9.371674,-5.955027,7
MGYG000003193,Gut,1984,3.9855306,4.430159,4,1.0703748,14.027461,3
MGYG000003194,Gut,1575,3.5201519,5.9994197,4,-0.3515052,14.605967,3
MGYG000003195,Gut,1574,-3.7576334,10.72134,2,8.696381,-2.063595,8
MGYG000003196,Gut,2100,6.4581885,1.4014244,1,-5.800031,3.08589,5
MGYG000003197,Gut,1561,0.6548188,14.148558,-1,-7.053797,-1.0201867,5
MGYG000003198,Gut,2202,4.1178684,5.4707136,4,-0.71213055,14.450141,3
MGYG000003199,Gut,1761,4.0934453,5.6424465,4,-0.39705086,14.547874,3
MGYG000003200,Gut,2138,4.069675,5.7132716,4,-0.7918749,14.444228,3
MGYG000003201,Gut,1886,4.375439,5.453243,4,-0.70312285,14.451563,3
MGYG000003202,Gut,1665,4.2628307,5.27808,4,-0.39509904,14.524031,3
MGYG000003203,Gut,3768,1.1569437,5.452716,4,-3.211325,16.73139,2
MGYG000003204,Gut,2016,1.8386732,5.2200065,4,-0.810007,14.645369,3
MGYG000003205,Gut,2007,-1.7830318,4.817159,5,-16.863447,10.497981,-1
MGYG000003206,Gut,1455,14.591304,8.158511,0,11.758316,15.733719,1
MGYG000003207,Gut,1420,-3.2806954,5.856946,5,2.5538309,-6.084845,8
MGYG000003208,Gut,5464,6.070178,1.5688912,1,-9.689833,10.326292,6
MGYG000003209,Gut,1656,13.918993,4.0420394,0,11.181246,15.612754,1
MGYG000003210,Gut,1720,-3.631938,2.5971487,5,7.5747185,-3.2110667,8
MGYG000003211,Gut,1635,-2.078317,1.7999603,5,2.3297055,-5.036742,8
MGYG000003212,Gut,1342,-1.76903,2.8672986,5,2.9022875,-7.8607564,8
MGYG000003213,Gut,1622,14.446755,5.5792484,0,11.361515,15.701179,1
MGYG000003214,Gut,4684,-2.6750896,2.2531357,5,9.138521,-5.8233514,7
MGYG000003215,Gut,2166,-6.0048237,1.9405029,5,11.324204,-5.508417,7
MGYG000003216,Gut,1421,-2.6705804,5.750076,5,2.967538,-7.764241,8
MGYG000003217,Gut,1170,-1.573055,5.3756466,5,-2.6885514,5.8538256,5
MGYG000003218,Gut,1368,-2.0732005,6.5802255,5,3.0489168,-5.94372,8
MGYG000003219,Gut,1372,-3.289515,5.75189,5,2.6618521,-6.054319,8
MGYG000003220,Gut,1576,-2.4361684,6.778,5,2.3935516,-5.764415,8
MGYG000003221,Gut,2664,1.8015043,5.1106815,4,-2.6108232,16.10533,2
MGYG000003222,Gut,1011,-2.694754,13.299607,3,-2.416,-14.962703,0
MGYG000003223,Gut,1466,4.2464776,4.9995375,4,-0.21233423,14.578754,3
MGYG000003224,Gut,2256,-1.4842464,2.9659855,5,3.6307867,-4.842847,8
MGYG000003225,Gut,1770,14.069733,4.2593045,0,10.907174,14.491767,1
MGYG000003226,Gut,1989,-2.1614716,4.394301,5,2.8663685,-7.90925,8
MGYG000003228,Gut,1588,14.683157,6.0733624,0,11.379674,15.9535,1
MGYG000003229,Gut,1376,14.704105,6.7198095,0,11.494387,15.936512,1
MGYG000003230,Gut,1404,-1.7868743,12.440228,3,4.5250597,4.6302805,-1
MGYG000003231,Gut,1651,14.367068,4.9594316,0,11.120391,15.579929,1
MGYG000003233,Gut,2041,3.507427,6.360691,4,-0.6541252,14.688865,3
MGYG000003234,Gut,1650,14.502537,5.4453144,0,11.149924,15.903926,1
MGYG000003235,Gut,879,-2.8717835,5.797027,5,3.0811198,-7.560626,8
MGYG000003236,Gut,2280,-2.0172718,1.9698638,5,2.4099925,-4.90174,8
MGYG000003237,Gut,3199,-0.39722547,3.981351,5,-16.49647,10.089726,-1
MGYG000003238,Gut,1200,-1.8564364,0.64888877,5,1.5931101,-5.0677075,8
MGYG000003239,Gut,2060,-5.5450454,2.3996425,5,11.63672,-5.855384,7
MGYG000003240,Gut,2895,1.1850029,5.4607015,4,-3.1814146,16.69956,2
MGYG000003241,Gut,1553,-3.1054187,7.2613053,5,1.3497672,-3.3695276,8
MGYG000003242,Gut,1791,2.461973,5.6943936,4,-0.73299396,16.46285,2
MGYG000003243,Gut,1679,-2.7492425,5.855377,5,2.190381,-5.751554,8
MGYG000003244,Gut,1501,14.619622,5.8985634,0,11.783892,16.12741,1
MGYG000003245,Gut,1873,-4.31528,2.5572503,5,9.608797,-6.5016975,7
MGYG000003246,Gut,1212,-1.8941591,4.031124,5,3.0206406,-7.747011,8
MGYG000003247,Gut,1339,-2.0940032,4.3291535,5,3.021841,-7.7503853,8
MGYG000003248,Gut,1692,-1.8546785,3.8611908,5,2.9332488,-7.8188744,8
MGYG000003249,Gut,2020,-0.3179453,4.106954,5,-16.570717,10.168135,-1
MGYG000003250,Gut,1162,-3.5408127,4.9770184,5,3.2183576,-7.4586473,8
MGYG000003251,Gut,1273,3.7985854,7.3983912,4,0.682095,14.998717,3
MGYG000003252,Gut,5971,1.9457319,4.823592,4,-3.1081772,15.623529,2
MGYG000003253,Gut,1802,-1.5274136,3.0277061,5,2.8262098,-7.956367,8
MGYG000003254,Gut,1250,4.037266,3.2046978,4,1.226563,13.317502,3
MGYG000003255,Gut,1653,3.8623276,5.8948393,4,-0.34455308,14.589984,3
MGYG000003256,Gut,1800,4.029526,5.4687967,4,-0.5239966,14.424755,3
MGYG000003257,Gut,1076,-1.7688788,12.217843,3,4.6798387,4.479652,-1
MGYG000003258,Gut,1456,-1.3810347,3.2341425,5,2.982394,-7.7573934,8
MGYG000003259,Gut,1783,3.8904,4.6884556,4,3.819565,-4.2855926,8
MGYG000003260,Gut,1298,14.737906,7.4590597,0,11.678589,16.282253,1
MGYG000003261,Gut,1777,14.661002,5.9749975,0,11.153025,14.762111,1
MGYG000003262,Gut,1445,-1.8151239,2.5242589,5,3.972829,-4.1793685,8
MGYG000003263,Gut,1625,-1.8561567,3.4297974,5,3.8657703,-3.2415621,8
MGYG000003264,Gut,1270,-1.852739,2.5437026,5,3.9270966,-4.204136,8
MGYG000003266,Gut,1664,14.308604,3.6900861,0,10.979734,15.329884,1
MGYG000003267,Gut,1493,5.718009,1.7145525,1,-9.301277,10.11698,6
MGYG000003268,Gut,1816,3.7163386,6.3775325,4,-0.91546035,17.120264,2
MGYG000003269,Gut,1890,-1.8827957,0.8305887,5,3.652402,-2.9417298,8
MGYG000003270,Gut,1607,3.365096,6.2156787,4,-0.4614721,14.612024,3
MGYG000003271,Gut,1127,-2.7048674,3.0240889,5,-6.5636435,-1.567368,5
MGYG000003273,Gut,1139,-4.0623136,7.9692674,5,11.561031,-5.6750946,7
MGYG000003274,Gut,1710,14.069196,3.5537884,0,11.092085,14.962769,1
MGYG000003275,Gut,1687,13.845517,3.4976575,0,10.968393,15.222246,1
MGYG000003276,Gut,1690,14.0034895,3.3391578,0,11.643106,14.887163,1
MGYG000003277,Gut,2630,3.9324405,5.6353865,4,-1.0130175,14.380181,3
MGYG000003278,Gut,1605,-1.8058541,2.0490975,5,2.1398685,-5.858704,8
MGYG000003279,Gut,2349,4.0532794,3.2074332,4,1.3734895,13.135507,3
MGYG000003280,Gut,1143,-4.0931435,12.687342,2,-8.648757,-10.273337,0
MGYG000003282,Gut,2277,1.585617,5.2247863,4,-1.1382965,14.811109,3
MGYG000003283,Gut,1023,-1.4420385,5.5075827,5,-2.7145803,5.8299527,5
MGYG000003284,Gut,1381,-3.6711354,12.247847,2,-8.979917,-10.216249,0
MGYG000003285,Gut,1182,-1.4441581,5.6062775,5,-2.6093116,5.907812,5
MGYG000003287,Gut,2368,2.9830375,6.7545114,4,-0.6827459,17.08002,2
MGYG000003288,Gut,1836,1.0363059,6.5225244,4,-7.9900703,8.028604,6
MGYG000003289,Gut,843,-1.8788531,3.8244963,5,2.2622015,-6.252968,8
MGYG000003290,Gut,1042,-1.2153413,6.705468,5,3.4521904,-7.3247285,8
MGYG000003291,Gut,1723,-1.0878445,1.1386579,5,5.51601,-5.2707376,8
MGYG000003292,Gut,1117,3.3617113,5.0527916,4,4.807976,4.3529873,-1
MGYG000003293,Gut,1669,-2.0957353,0.628076,5,3.7308025,-3.0821621,8
MGYG000003294,Gut,1689,-2.6874723,2.605506,5,-6.322904,-1.4083172,5
MGYG000003295,Gut,1522,-1.7548866,4.7246747,5,-16.89366,10.528702,-1
MGYG000003296,Gut,1575,-1.8254652,1.3049037,5,2.0837333,-5.8901114,8
MGYG000003297,Gut,1207,-1.6712023,1.0484296,5,4.937333,-3.222179,8
MGYG000003298,Gut,1343,7.011587,2.803136,1,12.43527,12.9067745,1
MGYG000003299,Gut,822,-1.6954412,0.8033706,5,3.7653627,-3.8858314,8
MGYG000003300,Gut,1340,2.399313,5.41073,4,0.6922201,14.909968,3
MGYG000003301,Gut,1086,6.4656844,3.7490022,1,-0.6373784,16.385649,2
MGYG000003302,Gut,1220,0.8147643,6.2806177,4,4.783325,4.379142,-1
MGYG000003303,Gut,1801,6.2910953,3.5020518,1,13.136502,-14.228275,-1
MGYG000003304,Gut,809,-1.6337858,2.78626,5,3.1008754,-6.844309,8
MGYG000003305,Gut,866,4.090079,5.2470446,4,4.085633,-3.7568002,8
MGYG000003306,Gut,1588,-1.984082,2.8586411,5,2.4820826,-6.0139847,8
MGYG000003307,Gut,1457,-3.5855174,6.375237,5,1.5378762,-3.5754638,8
MGYG000003308,Gut,1797,-1.3280853,3.0737188,5,3.263021,-5.098229,8
MGYG000003309,Gut,1447,-1.9347116,0.34808636,5,4.8316298,-3.249421,8
MGYG000003310,Gut,1364,-2.29112,5.559951,5,2.8995843,-7.8469934,8
MGYG000003311,Gut,1653,-1.8827517,1.1307136,5,4.156162,-3.4290285,8
MGYG000003312,Gut,3549,2.0671115,4.9222813,4,-3.007384,15.714154,2
MGYG000003313,Gut,1899,-2.474176,2.8995848,5,2.4684894,-4.7694554,8
MGYG000003314,Gut,1568,6.404551,1.316765,1,-6.4954557,2.795072,5
MGYG000003315,Gut,1116,14.583576,8.179458,0,11.21748,15.906741,1
MGYG000003317,Gut,2368,1.2191371,9.631248,3,13.368598,5.299175,4
MGYG000003318,Gut,1696,1.0239174,6.570272,4,-8.070973,8.016077,6
MGYG000003319,Gut,1367,-3.1861956,5.6004076,5,0.7174053,-4.975168,8
MGYG000003320,Gut,2023,-1.5547867,11.391525,3,16.232603,1.9641523,4
MGYG000003321,Gut,535,-1.2301445,7.0633435,5,-2.864704,5.683431,5
MGYG000003322,Gut,1182,14.583666,8.172785,0,11.407711,15.442643,1
MGYG000003323,Gut,1630,-1.2799318,1.1752582,5,5.4946275,-5.246438,8
MGYG000003324,Gut,1687,1.960458,4.308096,4,7.7047195,-3.0905867,8
MGYG000003326,Gut,2429,-5.183345,1.4828259,5,9.630989,-5.8279376,7
MGYG000003327,Gut,2298,-2.226658,0.16518515,5,5.317153,-3.4300303,8
MGYG000003328,Gut,1283,14.569261,8.179586,0,11.372711,16.164309,1
MGYG000003329,Gut,1398,0.5522154,14.052918,-1,-7.0552793,-0.9889864,5
MGYG000003330,Gut,1701,-0.4406269,8.508913,-1,-5.925486,10.366447,6
MGYG000003332,Gut,1926,3.9398375,6.5817027,4,-0.92073274,17.231493,2
MGYG000003334,Gut,1782,1.0448228,10.117896,3,13.7914,5.4240932,4
MGYG000003335,Gut,2701,-4.0720487,1.9937828,5,9.73478,-5.6094637,7
MGYG000003337,Gut,2040,-3.6072602,7.3861575,5,0.89528435,-4.707322,8
MGYG000003338,Gut,2422,1.8742081,5.2743673,4,-2.6162422,15.953854,2
MGYG000003339,Gut,1810,13.491164,3.2322168,0,11.190431,14.317309,1
MGYG000003341,Gut,1563,14.697678,6.716256,0,11.379736,15.892433,1
MGYG000003343,Gut,1950,2.067338,5.4276757,4,-6.9247155,-1.0816948,5
MGYG000003344,Gut,1847,-3.386716,1.3700492,5,-7.1422706,-1.7931659,5
MGYG000003345,Gut,1333,0.79554135,14.298775,-1,-7.0880575,-0.8826069,5
MGYG000003346,Gut,2481,4.188851,6.080931,4,-1.1962484,17.132168,2
MGYG000003347,Gut,1427,3.2481668,6.882088,4,-1.093219,17.42911,2
MGYG000003348,Gut,1754,-3.3350484,1.3386543,5,-7.1694713,-1.7854233,5
MGYG000003351,Gut,4832,2.0395787,4.868433,4,-3.098555,15.627858,2
MGYG000003352,Gut,2220,0.9764256,6.752257,4,-7.8148084,8.010125,6
MGYG000003353,Gut,2047,2.8850045,6.3046646,4,-0.7318925,17.033443,2
MGYG000003355,Gut,4021,-1.3046794,11.541379,3,10.187955,-4.7423725,7
MGYG000003356,Gut,934,2.2290685,7.1558466,4,12.620059,12.688484,1
MGYG000003357,Gut,1546,1.1106104,10.743193,3,13.434796,4.078942,4
MGYG000003358,Gut,4531,2.6275952,-5.779514,-1,-11.072212,11.453774,6
MGYG000003359,Gut,4954,3.3194282,3.276496,4,9.660392,5.768644,4
MGYG000003360,Gut,4382,2.533264,-5.953199,-1,-10.920203,11.379719,6
MGYG000003361,Gut,1763,6.6521125,3.102069,1,12.29638,13.107418,1
MGYG000003362,Gut,3062,2.0366654,5.3138103,4,-2.7192335,15.938567,2
MGYG000003363,Gut,3066,2.1430452,5.176551,4,-2.596688,16.085407,2
MGYG000003364,Gut,1651,14.287885,4.9089937,0,11.099046,15.513485,1
MGYG000003365.1,Gut,3885,2.554573,-6.1608014,-1,-10.848725,11.299963,6
MGYG000003366,Gut,2296,-3.7992039,7.597259,5,9.441112,-5.05762,7
MGYG000003367,Gut,2750,2.1372404,5.2753196,4,-2.5836709,16.178991,2
MGYG000003368,Gut,1726,-2.3600698,9.360935,5,8.654703,-2.117627,8
MGYG000003369,Gut,1659,-3.6986427,10.702935,2,8.748698,-2.004875,8
MGYG000003370,Gut,1728,1.2149037,11.103693,3,13.364732,3.9027915,4
MGYG000003371.1,Gut,2993,5.867042,2.6014085,1,-9.407389,10.174468,6
MGYG000003372,Gut,4590,2.5158987,-5.5649633,-1,-11.132496,11.6686,6
MGYG000003373,Gut,1260,2.2302034,7.1524825,4,12.6176195,12.69886,1
MGYG000003374,Gut,1785,2.6733902,6.760898,4,-0.69377404,16.935764,2
MGYG000003375,Gut,2495,6.4090242,1.5273325,1,-5.8074007,3.0581408,5
MGYG000003376,Gut,1069,-4.49535,12.3484955,2,12.792508,3.4681435,4
MGYG000003377,Gut,4574,2.5224423,-5.874787,-1,-11.001979,11.394579,6
MGYG000003378,Gut,4245,2.564133,-6.0381236,-1,-10.737887,11.2157345,6
MGYG000003379,Gut,4056,2.4405096,-6.0192,-1,-10.745955,11.198381,6
MGYG000003380,Gut,2142,6.455115,1.4136497,1,-5.7719574,3.1017234,5
MGYG000003381,Gut,2402,-3.9233704,7.553173,5,9.435623,-5.0274568,7
MGYG000003382,Gut,4213,2.485717,-6.003902,-1,-10.725946,11.160746,6
MGYG000003383,Gut,2381,5.756046,2.3751764,1,-7.6943836,2.9706006,5
MGYG000003385.1,Gut,1034,-1.9079987,12.589724,3,4.8158636,4.3384414,-1
MGYG000003386,Gut,4399,2.4593196,-5.9201784,-1,-10.735444,11.206546,6
MGYG000003387,Gut,4057,5.6734543,1.8287965,1,-9.67328,10.348942,6
MGYG000003388,Gut,1927,-1.3170913,5.4107637,5,-8.996703,8.840673,6
MGYG000003389,Gut,2381,5.9866548,3.2540016,1,-9.285501,10.135332,6
MGYG000003390,Gut,4544,2.5526443,-6.150568,-1,-10.962699,11.4099655,6
MGYG000003391,Gut,1744,-1.8125626,12.624471,3,13.469019,3.9783409,4
MGYG000003392,Gut,1631,1.2324783,11.165974,3,13.336786,3.886296,4
MGYG000003393,Gut,4292,2.4938886,-5.9891396,-1,-10.726539,11.210209,6
MGYG000003394,Gut,1803,3.425674,-2.6972072,-1,-9.068423,8.710954,6
MGYG000003395,Gut,4538,2.6297503,-5.8293114,-1,-10.961062,11.461775,6
MGYG000003396,Gut,3445,-4.9774685,12.182843,2,10.590912,-3.2679753,8
MGYG000003397.1,Gut,1487,0.6661771,14.157516,-1,-7.0463004,-1.0567733,5
MGYG000003398.1,Gut,962,-0.52830505,8.408076,-1,-6.088505,10.198511,6
MGYG000003399,Gut,4542,2.7444267,-5.963658,-1,-10.702627,11.24461,6
MGYG000003400,Gut,3660,5.6772814,1.7270886,1,-9.335235,10.164146,6
MGYG000003401,Gut,2239,-0.6366382,12.330455,3,11.074027,5.7043314,4
MGYG000003402,Gut,4906,3.1354094,3.319546,4,9.660652,5.7797217,4
MGYG000003403,Gut,3898,5.6612935,1.7319995,1,-9.337251,10.157657,6
MGYG000003404,Gut,1128,0.93967766,10.809919,3,13.431638,4.3783703,4
MGYG000003405,Gut,1534,1.1776985,9.915116,3,13.574884,5.1192756,4
MGYG000003406,Gut,1513,0.7372173,14.235793,-1,-7.0577545,-1.0729132,5
MGYG000003407,Gut,871,-2.2844064,8.859772,5,4.814519,4.329809,-1
MGYG000003408,Gut,712,-1.9880024,8.371541,5,-5.5346384,-9.249392,0
MGYG000003409,Gut,2293,-2.0324976,0.83020216,5,3.698709,-2.910881,8
MGYG000003410,Gut,1284,-2.2870162,5.5407104,5,2.983887,-7.753386,8
MGYG000003411,Gut,878,1.0595409,10.996762,3,4.813487,4.343262,-1
MGYG000003412,Gut,1877,-1.6709598,2.9120219,5,2.1747394,-5.698941,8
MGYG000003413,Gut,1510,-1.3926327,1.3094457,5,-16.943512,10.5826,-1
MGYG000003414,Gut,1497,1.8774252,9.763116,3,-9.363874,9.828984,6
MGYG000003415,Gut,1186,3.445678,6.5755973,4,1.1790916,13.493107,3
MGYG000003416,Gut,1549,-3.9237971,10.895005,2,10.494311,-3.2192576,8
MGYG000003417,Gut,2618,-1.5896026,1.7616243,5,3.482539,-4.945959,8
MGYG000003418,Gut,1820,13.884539,3.5956047,0,11.590765,14.125422,1
MGYG000003419,Gut,1574,3.2139888,6.223446,4,0.16281721,14.683849,3
MGYG000003420,Gut,1567,3.3572524,6.7305226,4,-0.80319303,16.544413,2
MGYG000003421,Gut,2347,-3.2881923,4.900311,5,0.5741529,-4.9522095,8
MGYG000003422,Gut,1444,-4.1353045,7.5894837,5,11.158835,-5.410794,7
MGYG000003423,Gut,1869,3.2879033,6.5052032,4,-0.8626126,14.976094,3
MGYG000003424,Gut,1922,3.2396219,6.1713924,4,-0.7794756,14.535856,3
MGYG000003425,Gut,3919,-3.5291438,8.088326,5,11.372111,-5.573601,7
MGYG000003426,Gut,786,0.8197379,6.280121,4,4.807354,4.3547955,-1
MGYG000003427,Gut,2945,-5.190628,1.7189157,5,9.568946,-5.986206,7
MGYG000003428,Gut,1480,-1.9984528,4.994507,5,1.5777767,-3.5894012,8
MGYG000003429,Gut,1372,3.3584046,6.07789,4,-0.33310118,14.618493,3
MGYG000003430,Gut,1306,-3.0952942,7.0603976,5,1.3610965,-3.3883214,8
MGYG000003431,Gut,1793,-3.69122,7.300029,5,0.9011941,-4.702435,8
MGYG000003432,Gut,1772,-3.2367995,5.6937857,5,1.6164523,-3.5871005,8
MGYG000003433,Gut,1562,3.605358,6.591497,4,-0.15607026,14.609923,3
MGYG000003434,Gut,1141,3.579666,5.722071,4,-0.32270744,14.634459,3
MGYG000003435,Gut,1697,3.2357342,6.789895,4,4.02738,-4.687625,8
MGYG000003436,Gut,1648,-1.59209,12.720524,3,-8.984796,8.355618,6
MGYG000003437,Gut,1817,-3.1302063,7.1329203,5,1.3853323,-3.399553,8
MGYG000003438,Gut,1031,-0.63440126,8.349238,-1,-6.0892315,10.203922,6
MGYG000003440,Gut,1821,-0.055076376,8.783062,-1,-8.974893,8.33963,6
MGYG000003441,Gut,892,5.9324656,3.2448964,1,-8.03631,7.9938426,6
MGYG000003442,Gut,1723,-4.1956735,3.0537727,5,9.235424,-4.7612214,7
MGYG000003443,Gut,829,6.067288,3.276216,1,-16.771812,10.398099,-1
MGYG000003444,Gut,1085,4.0454416,4.5734973,4,1.2301643,13.990978,3
MGYG000003445,Gut,1328,4.0905905,4.5088053,4,1.2128068,13.971183,3
MGYG000003446,Gut,1323,3.0625348,6.3712616,4,0.4888,14.76169,3
MGYG000003447,Gut,1020,-1.4082935,1.4971842,5,-16.920105,10.559066,-1
MGYG000003448,Gut,829,4.0284543,4.5985684,4,1.1927731,13.9313755,3
MGYG000003449,Gut,1716,-1.7366635,4.6900015,5,-16.90617,10.540645,-1
MGYG000003450,Gut,1397,-2.0800643,4.282941,5,2.5606935,-6.288128,8
MGYG000003451,Gut,1494,-0.36620393,4.910996,5,-8.348772,8.283098,6
MGYG000003452,Gut,1750,5.770431,2.3972547,1,-7.704361,2.9795933,5
MGYG000003453,Gut,583,-2.5811388,8.037645,5,-5.8979316,-9.465259,0
MGYG000003454,Gut,1652,-0.05775136,8.873498,-1,-8.970088,8.341315,6
MGYG000003455,Gut,1077,4.574642,4.1750894,4,5.4228387,7.4430013,-1
MGYG000003456,Gut,1804,-1.9892286,3.286692,5,2.3599985,-5.8521075,8
MGYG000003457,Gut,1586,3.2907178,6.734786,4,4.0252295,-4.6374083,8
MGYG000003458,Gut,2191,-5.8437533,2.3047144,5,11.632482,-5.7801085,7
MGYG000003459,Gut,765,-2.2157164,8.730026,5,-5.525432,-9.227423,0
MGYG000003460,Gut,1747,2.561686,6.7843456,4,-0.7675635,16.494635,2
MGYG000003461,Gut,1599,4.0193753,6.2213774,4,-0.8526555,17.092375,2
MGYG000003462,Gut,1832,13.816136,3.4011564,0,11.412472,14.199906,1
MGYG000003463,Gut,1711,6.778277,2.9477313,1,-8.974851,8.324398,6
MGYG000003464,Gut,687,-1.7591356,8.003746,5,-5.5683055,-9.268473,0
MGYG000003465,Gut,1610,-3.1289694,5.469584,5,2.6617403,-6.0805364,8
MGYG000003466,Gut,1960,-2.4394906,8.843834,5,4.8198814,1.5038561,-1
MGYG000003467,Gut,1426,3.2511635,6.262992,4,1.2324492,13.435455,3
MGYG000003468,Gut,780,-3.3621566,7.2414393,5,2.3984096,-6.5214624,8
MGYG000003469,Gut,1421,3.6523993,6.7811475,4,1.1826127,13.530385,3
MGYG000003470,Gut,1539,3.4242735,6.652059,4,-0.7639776,16.463907,2
MGYG000003471,Gut,1056,-2.7958236,7.1832724,5,2.2515388,-6.3555007,8
MGYG000003472,Gut,1517,3.61902,6.8086624,4,1.1673366,13.55322,3
MGYG000003473,Gut,1684,-3.5506024,7.2328596,5,1.6080673,-3.5878007,8
MGYG000003474,Gut,1029,-2.9321926,7.0774603,5,2.9997609,-7.0228715,8
MGYG000003475,Gut,1946,-2.0580807,6.6817236,5,-6.3115005,-1.4376254,5
MGYG000003476,Gut,1116,3.2353404,5.005184,4,4.79967,4.361582,-1
MGYG000003477,Gut,1636,-2.1517386,0.77927023,5,-6.526363,-2.1032584,5
MGYG000003479,Gut,1675,-1.7683898,4.735559,5,-16.868502,10.501992,-1
MGYG000003480,Gut,1893,3.860853,6.5441055,4,-0.9144913,17.15688,2
MGYG000003481,Gut,1264,-3.9908252,12.651869,2,-9.021241,-10.145412,0
MGYG000003482,Gut,1953,-1.5001214,3.6699834,5,-6.3103504,-1.4171728,5
MGYG000003483,Gut,2164,6.1796336,3.1245596,1,-16.750803,10.3735695,-1
MGYG000003484,Gut,1843,-3.0995734,5.5521398,5,1.6328483,-3.5611513,8
MGYG000003485,Gut,793,-2.2000206,8.677519,5,-5.5066957,-9.26238,0
MGYG000003486,Gut,2519,-4.4065657,1.3779833,5,10.954356,-5.2135286,7
MGYG000003488,Gut,1833,-3.5465121,6.024872,5,1.6051458,-3.5781808,8
MGYG000003489,Gut,1849,2.907091,6.124609,4,-0.76225483,16.496195,2
MGYG000003490,Gut,1754,-1.7019318,1.2475846,5,3.5032208,-4.951927,8
MGYG000003491,Gut,1724,-3.165148,8.296267,5,-8.97596,8.333546,6
MGYG000003492,Gut,1199,3.6872764,5.983879,4,-0.30683827,14.610121,3
MGYG000003493,Gut,2134,3.4008715,6.6876607,4,-1.1126457,17.201471,2
MGYG000003494,Gut,1757,-3.186996,5.951127,5,0.6627143,-4.8888655,8
MGYG000003496,Gut,1841,-3.2367008,4.295062,5,0.68362576,-4.87021,8
MGYG000003497,Gut,1170,3.2422004,6.2210603,4,0.29982874,14.740323,3
MGYG000003498,Gut,1450,-1.37955,6.6191025,5,-0.2953851,14.652256,3
MGYG000003499,Gut,732,6.4681635,3.7615464,1,-16.807333,10.435635,-1
MGYG000003500,Gut,1738,-3.8582847,6.880191,5,11.5754795,-5.6402683,7
MGYG000003501,Gut,1441,-3.8743644,12.520268,2,-8.97016,-10.241654,0
MGYG000003503,Gut,1164,-2.2589343,5.565753,5,3.1156592,-7.581457,8
MGYG000003504,Gut,1402,-1.230107,6.5933433,5,2.9565039,-7.7973824,8
MGYG000003505,Gut,1692,-1.4406418,5.2114844,5,-2.3633587,5.912712,5
MGYG000003506,Gut,851,-2.4407701,8.594202,5,-12.292413,1.6669338,-1
MGYG000003507,Gut,1130,-1.2056297,11.825709,3,4.7838116,4.377017,-1
MGYG000003508,Gut,1250,-2.2625434,4.907357,5,2.970462,-7.7507534,8
MGYG000003509,Gut,1011,-2.6230311,6.195254,5,2.1733854,-6.200671,8
MGYG000003510,Gut,1346,-3.3879147,5.956013,5,1.580849,-3.5641584,8
MGYG000003511,Gut,1430,2.0636046,5.4803944,4,0.40952298,14.724297,3
MGYG000003512,Gut,2238,-1.3552508,1.6487573,5,3.5384004,-4.901006,8
MGYG000003513,Gut,1829,3.7805157,6.5093465,4,-1.0222133,17.068916,2
MGYG000003514,Gut,1974,0.5961015,5.9130707,4,-0.8205847,14.7992735,3
MGYG000003515,Gut,1341,3.775649,6.5150685,4,-0.98657113,16.890856,2
MGYG000003516,Gut,1447,-2.5253198,9.194481,5,5.3837914,7.4828277,-1
MGYG000003517,Gut,2278,-5.391808,2.4805913,5,11.256137,-5.477204,7
MGYG000003518,Gut,1026,-2.8905954,13.4692545,3,-2.6620924,-14.648916,0
MGYG000003519,Gut,413,-1.9667002,8.326838,5,-5.5404515,-9.227917,0
MGYG000003520,Gut,1932,3.9463964,4.5332975,4,1.3944092,14.1542635,3
MGYG000003521,Gut,2154,2.5590518,5.903107,4,-2.745341,16.387026,2
MGYG000003522,Gut,446,-2.0022323,8.462118,5,-5.535187,-9.227251,0
MGYG000003523,Gut,763,-1.2142924,6.52904,5,3.45866,-7.2959447,8
MGYG000003524,Gut,1047,-3.4788465,6.0504565,5,1.7480365,-3.6213655,8
MGYG000003525,Gut,1646,4.024308,4.7062173,4,1.2894651,14.0611,3
MGYG000003526,Gut,1505,-1.7700869,2.9779599,5,3.947024,-4.228204,8
MGYG000003528,Gut,2297,6.574716,2.6881058,1,-16.613554,10.214563,-1
MGYG000003529,Gut,1355,-3.3841846,5.359501,5,2.5921504,-6.146874,8
MGYG000003530,Gut,1550,4.1353817,4.5596204,4,1.3021405,14.042551,3
MGYG000003531,Gut,1422,4.588516,4.14973,4,5.4401383,7.426015,-1
MGYG000003532,Gut,1419,-1.0864099,6.6426506,5,0.33081788,14.734939,3
MGYG000003533,Gut,2000,3.258826,6.213211,4,-0.7693978,14.613167,3
MGYG000003534,Gut,2013,-2.9996362,7.924337,5,4.8198504,1.5048242,-1
MGYG000003535,Gut,1698,3.8951735,6.507503,4,-0.9415468,16.930424,2
MGYG000003536,Gut,1268,-1.7717725,4.754778,5,-16.89112,10.52137,-1
MGYG000003538,Gut,1249,-2.7213695,6.466334,5,2.227288,-6.2984695,8
MGYG000003539,Gut,1387,3.133823,6.2402134,4,1.1818374,13.515648,3
MGYG000003540,Gut,1449,-3.4547734,8.04257,5,1.1452799,13.947795,3
MGYG000003541,Gut,872,-3.2881525,8.18015,5,5.3876953,7.479182,-1
MGYG000003542,Gut,1492,3.6386123,6.8817577,4,1.1715742,13.526897,3
MGYG000003543.1,Gut,2237,3.4052932,6.2190547,4,-0.7441552,16.172157,2
MGYG000003544,Gut,1156,3.618869,6.8092666,4,1.1843482,13.506964,3
MGYG000003545,Gut,1115,-3.3429983,8.176162,5,1.5587614,-3.5829744,8
MGYG000003546,Gut,2092,-2.3338625,9.298754,5,-0.8119451,14.7728,3
MGYG000003547,Gut,1147,-2.7289593,6.0717015,5,2.2259223,-6.311099,8
MGYG000003548,Gut,1559,-1.6368315,6.357904,5,2.83785,-7.9403853,8
MGYG000003549,Gut,1187,-2.159335,6.0871677,5,3.0949492,-7.5345163,8
MGYG000003550,Gut,2616,-4.218092,11.563398,2,10.541394,-3.2623487,8
MGYG000003551,Gut,1396,-2.360624,8.436495,5,-12.290972,1.7264001,-1
MGYG000003552,Gut,2296,-5.913207,2.2592924,5,11.627328,-5.772599,7
MGYG000003553,Gut,1593,2.977546,6.0660725,4,0.5068553,14.584582,3
MGYG000003554,Gut,1572,-3.4295998,8.040511,5,1.1328225,13.931628,3
MGYG000003555,Gut,975,-3.2780325,6.4046583,5,2.2390487,-6.3519683,8
MGYG000003556,Gut,1626,3.4465327,6.5342455,4,1.246192,13.400919,3
MGYG000003557,Gut,871,-3.3594625,8.094871,5,1.5005115,-3.507845,8
MGYG000003558,Gut,1268,-2.9510775,7.128115,5,2.4794798,-6.460802,8
MGYG000003559,Gut,1281,3.7178984,6.2242637,4,-0.6228443,16.16724,2
MGYG000003560,Gut,1137,-3.456185,7.304624,5,1.7657932,-6.067646,8
MGYG000003561,Gut,1063,-1.6365805,0.97406405,5,2.517639,-6.574136,8
MGYG000003562,Gut,669,2.9045284,6.3908505,4,3.4618618,-7.3073277,8
MGYG000003563,Gut,1320,-3.3286176,8.269342,5,1.1283237,13.920599,3
MGYG000003564,Gut,1291,-3.5114775,7.6289916,5,1.1195692,13.935578,3
MGYG000003565,Gut,1452,2.685865,6.1058235,4,0.53015685,14.608632,3
MGYG000003566,Gut,1557,3.6296093,6.3508363,4,0.5341376,14.565944,3
MGYG000003567,Gut,1941,3.8622818,4.555332,4,4.021158,-4.7377644,8
MGYG000003568,Gut,969,-1.4110367,12.299927,3,4.8021603,4.3592677,-1
MGYG000003569,Gut,2277,-3.020628,7.93258,5,4.8217216,1.5022969,-1
MGYG000003570,Gut,2484,-2.9927032,7.8769984,5,4.820175,1.5006802,-1
MGYG000003571,Gut,1270,-1.8545564,3.3022578,5,3.865751,-3.2226853,8
MGYG000003572,Gut,1415,3.3361986,6.4022555,4,-1.0404953,16.976625,2
MGYG000003573,Gut,1574,4.062703,4.596706,4,1.2847286,14.053474,3
MGYG000003574,Gut,2479,-1.8464257,0.88303286,5,3.670272,-2.9576073,8
MGYG000003575,Gut,1772,-2.9890213,7.8493567,5,4.817372,1.501535,-1
MGYG000003576,Gut,1518,-2.9040427,6.5375137,5,1.5605612,-3.560849,8
MGYG000003577,Gut,1339,-1.7973357,12.920973,3,4.546715,4.6084843,-1
MGYG000003578,Gut,2920,-4.228945,2.2394164,5,10.945653,-5.1973686,7
MGYG000003580,Gut,624,-2.109039,8.442922,5,-5.5444245,-9.248694,0
MGYG000003581,Gut,1868,-3.6276462,11.41182,2,1.75121,-4.701388,8
MGYG000003582,Gut,1307,-2.0950813,3.025176,5,2.5996718,-6.3513246,8
MGYG000003583,Gut,1781,-3.479836,7.587733,5,0.97388774,-4.6952424,8
MGYG000003584,Gut,1317,-2.238835,5.621455,5,2.929947,-7.7814937,8
MGYG000003585,Gut,1601,-2.10401,0.7857412,5,-6.5432687,-2.0918312,5
MGYG000003586,Gut,1912,-4.3941298,2.7561533,5,16.105448,2.0757523,4
MGYG000003587,Gut,1374,-3.4906962,7.3318534,5,1.1289657,-4.7935038,8
MGYG000003589,Gut,2557,-2.201258,0.61226803,5,5.258486,-3.3458762,8
MGYG000003590,Gut,2167,3.4705875,6.3824916,4,-0.6388171,14.632698,3
MGYG000003591,Gut,1580,-3.7988944,5.244093,5,1.683459,-3.6561816,8
MGYG000003592,Gut,1512,-0.6038147,8.385362,-1,-6.0802674,10.21354,6
MGYG000003593,Gut,3817,-4.184017,1.954318,5,8.877418,-5.0357466,7
MGYG000003594,Gut,2242,-4.617621,1.8874898,5,9.786365,-5.764217,7
MGYG000003595,Gut,1825,-3.3089375,5.492093,5,1.5348686,-5.838338,8
MGYG000003596,Gut,587,-1.9671324,7.4768457,5,-5.521295,-9.196653,0
MGYG000003597,Gut,1831,-4.2180314,3.0337095,5,9.261278,-4.73172,7
MGYG000003599,Gut,945,3.4050908,6.3940988,4,1.2205275,13.437875,3
MGYG000003600,Gut,1287,-1.5147631,1.0410649,5,4.396985,-3.2646763,8
MGYG000003601,Gut,1104,-3.6503816,5.683394,5,2.475057,-6.4660196,8
MGYG000003602,Gut,986,-4.3976107,2.3939097,5,5.390499,7.475911,-1
MGYG000003603,Gut,1352,2.469793,5.9015193,4,0.53120226,14.60237,3
MGYG000003604,Gut,1225,3.200457,6.189512,4,1.1583488,13.560562,3
MGYG000003605.1,Gut,1624,3.606833,6.7297697,4,1.2030911,13.509297,3
MGYG000003606,Gut,1048,-1.888711,12.638225,3,4.522309,4.6338077,-1
MGYG000003607,Gut,1414,3.887479,6.1224494,4,-0.68335265,16.21912,2
MGYG000003608,Gut,1051,3.2873328,6.7303104,4,-0.7180628,16.351072,2
MGYG000003609,Gut,882,-2.156148,5.9412875,5,3.1378322,-7.308125,8
MGYG000003610,Gut,1728,3.4368758,6.266612,4,-0.6956898,16.198408,2
MGYG000003611,Gut,1409,4.034685,4.9587903,4,-0.7263722,16.43036,2
MGYG000003612,Gut,1959,6.7791967,2.9164565,1,-8.998224,8.352983,6
MGYG000003613,Gut,2488,-4.2429857,1.2336996,5,10.951436,-5.2189407,7
MGYG000003614,Gut,1263,2.964916,6.125988,4,-0.7300309,16.452934,2
MGYG000003615,Gut,2514,-4.2716846,2.8034616,5,10.691422,-5.281308,7
MGYG000003616,Gut,1508,-4.079521,7.0033455,5,11.371314,-5.562713,7
MGYG000003617,Gut,1523,-0.57452637,8.422419,-1,-6.0754447,10.218618,6
MGYG000003618,Gut,1300,3.422354,6.350109,4,-0.31032637,14.632162,3
MGYG000003619,Gut,2380,-4.3010645,1.2718507,5,11.009071,-5.254662,7
MGYG000003620,Gut,2220,-4.4417834,2.6993363,5,16.092789,2.0885997,4
MGYG000003621,Gut,1486,-0.136218,8.893292,-1,-8.974718,8.320158,6
MGYG000003622,Gut,1968,3.4818308,6.4450846,4,-0.8620099,17.09742,2
MGYG000003623,Gut,1077,3.9957237,4.409513,4,7.63492,-3.1610866,8
MGYG000003624,Gut,1811,6.967103,2.8283367,1,12.383148,12.934805,1
MGYG000003625,Gut,2051,4.122071,5.166275,4,-6.2788825,-1.40991,5
MGYG000003626,Gut,2006,3.8666806,4.6517386,4,1.2923772,14.083045,3
MGYG000003627,Gut,1189,0.3206549,5.251243,4,-16.768639,10.391668,-1
MGYG000003628,Gut,1301,-3.5300348,7.2718906,5,1.4783231,-3.4757073,8
MGYG000003629,Gut,948,-1.8803089,4.628165,5,2.227892,-6.4829288,8
MGYG000003630,Gut,1427,3.9665415,5.5697737,4,0.5198403,14.586434,3
MGYG000003631,Gut,1010,6.2160273,3.1685228,1,-16.788134,10.416573,-1
MGYG000003632,Gut,1740,1.8488921,9.7620535,3,-9.335535,9.723446,6
MGYG000003633,Gut,943,2.678403,5.8658223,4,0.31369182,14.722222,3
MGYG000003634,Gut,1309,3.2662432,6.32559,4,0.4737807,14.705462,3
MGYG000003635,Gut,664,-3.3233724,3.279912,5,-6.766766,-2.2896962,5
MGYG000003636,Gut,1413,-2.298723,0.30884725,5,-16.699522,10.318456,-1
MGYG000003637,Gut,1313,-1.1817254,3.55032,5,-16.904354,10.539684,-1
MGYG000003638,Gut,1493,3.8183417,5.966425,4,-0.69266945,16.41981,2
MGYG000003639,Gut,1292,3.6187656,5.503196,4,-16.772682,10.399228,-1
MGYG000003640,Gut,1577,-4.0629478,7.3027096,5,11.4595995,-5.5502543,7
MGYG000003641,Gut,1536,-3.7316105,5.827172,5,1.6711856,-3.6467655,8
MGYG000003642,Gut,2230,6.172726,3.1222417,1,-16.724043,10.345196,-1
MGYG000003643,Gut,1464,6.674852,2.5450273,1,-16.79591,10.422945,-1
MGYG000003644,Gut,1631,-5.6633725,2.2825317,5,11.139196,-5.3760004,7
MGYG000003645,Gut,1523,-3.3982167,8.124202,5,1.1618499,13.947137,3
MGYG000003646,Gut,1050,-2.2543654,7.5395417,5,3.098346,-7.3396974,8
MGYG000003647,Gut,1027,-5.015312,2.370969,5,5.9993343,-3.2681057,8
MGYG000003648,Gut,2956,-3.4964912,8.115189,5,11.035306,-5.2688427,7
MGYG000003649,Gut,1862,3.5855849,6.433692,4,0.48653063,14.570087,3
MGYG000003650,Gut,1733,3.849549,6.5256624,4,-0.9050665,16.698212,2
MGYG000003651,Gut,1444,2.6156363,5.8470173,4,0.24597973,14.691718,3
MGYG000003652,Gut,650,-1.2255883,7.069329,5,-2.837599,5.7044272,5
MGYG000003653,Gut,1918,-1.5465748,11.393566,3,16.19968,1.9961617,4
MGYG000003654,Gut,1616,3.6779454,5.8977036,4,0.526037,14.520176,3
MGYG000003655,Gut,1936,4.101664,5.326604,4,-6.339519,-1.4407881,5
MGYG000003656,Gut,2084,-1.7154756,3.4859085,5,2.6595957,-4.7718062,8
MGYG000003657,Gut,1538,14.650014,7.9970813,0,11.516319,16.065834,1
MGYG000003658,Gut,1952,-2.3336232,0.98371065,5,3.7800486,-3.1129997,8
MGYG000003659,Gut,948,-2.8623333,13.425353,3,-2.6204448,-14.936295,0
MGYG000003660,Gut,583,-1.2525299,7.088584,5,-2.8308008,5.712254,5
MGYG000003661,Gut,2596,-4.322339,2.5556214,5,10.950137,-5.2213907,7
MGYG000003662,Gut,2099,2.890216,6.346444,4,-1.062069,17.170742,2
MGYG000003663,Gut,856,-2.8842938,13.457582,3,-2.6028135,-14.605839,0
MGYG000003664,Gut,2137,-1.3172033,3.1692786,5,3.9442885,-3.0614362,8
MGYG000003665,Gut,1054,-2.053578,13.189686,3,-2.7118454,-15.038379,0
MGYG000003666,Gut,1038,-2.3222384,8.64832,5,-12.305016,1.6777718,-1
MGYG000003667,Gut,729,-2.6291325,7.713306,5,-5.9323664,-9.450307,0
MGYG000003668,Gut,2183,-3.667181,5.3187494,5,4.6213975,-2.2262847,8
MGYG000003669,Gut,1253,-3.7342749,12.015778,2,-8.68902,-10.318232,0
MGYG000003670,Gut,882,-0.085187316,8.146597,-1,-12.349672,1.6581111,-1
MGYG000003671,Gut,902,-2.165211,13.152815,3,-2.6522417,-14.730255,0
MGYG000003672,Gut,913,-2.5114472,13.136131,3,-2.7037282,-14.9118805,0
MGYG000003674,Gut,1830,3.8008611,6.105449,4,-0.77468914,16.45794,2
MGYG000003675,Gut,2213,-1.2802249,1.5263608,5,5.4906263,-5.2425475,8
MGYG000003676,Gut,1467,-4.653712,2.5323436,5,9.846258,-5.6293845,7
MGYG000003677,Gut,934,2.9814842,6.389039,4,3.3636234,-7.218764,8
MGYG000003678,Gut,1988,-5.132477,1.8437296,5,10.973089,-5.2450194,7
MGYG000003679,Gut,2080,-2.9811733,7.8642197,5,4.8339114,1.484258,-1
MGYG000003680,Gut,1689,4.192275,6.1403975,4,-1.0257365,17.021904,2
MGYG000003681,Gut,3085,2.2748818,4.7633705,4,-2.6724703,16.011703,2
MGYG000003682,Gut,3343,-1.4903696,1.9727286,5,4.8478,-4.904217,8
MGYG000003683,Gut,1746,5.7467213,2.3799996,1,-7.7004824,2.9785726,5
MGYG000003684,Gut,5479,-3.8660035,1.5053358,5,8.746421,-5.7820015,7
MGYG000003685,Gut,1834,13.343883,2.967447,0,11.165007,14.2584505,1
MGYG000003686,Gut,3081,-1.5710943,3.5598164,5,5.259792,-3.5522013,8
MGYG000003687,Gut,5517,2.8717234,3.5980716,4,9.715417,5.7866764,4
MGYG000003688,Gut,1831,13.341245,3.0734825,0,11.754535,14.114448,1
MGYG000003689,Gut,2354,-0.92510045,11.300155,3,16.148033,2.042527,4
MGYG000003690,Gut,1843,1.0067896,10.150941,3,13.792771,5.3894315,4
MGYG000003691,Gut,2310,2.6886957,6.3665957,4,-0.66788095,17.034622,2
MGYG000003692,Gut,1856,13.4121275,3.0625124,0,11.689947,14.078257,1
MGYG000003693,Gut,3128,2.078353,4.448393,4,-2.520861,16.16963,2
MGYG000003694,Gut,3128,-5.898376,1.9533254,5,11.196168,-5.3876233,7
MGYG000003695,Gut,2988,-5.9522204,1.7131895,5,9.526056,-5.920494,7
MGYG000003696,Gut,1828,13.390366,3.0322187,0,11.663661,14.1334915,1
MGYG000003697,Gut,2867,3.203921,6.883474,4,-1.1224635,17.484997,2
MGYG000003698,Gut,1825,13.716594,3.1093078,0,11.712307,14.096933,1
MGYG000003699,Gut,2372,-1.1880647,11.462066,3,16.129715,2.061693,4
MGYG000003700,Gut,1811,13.390167,3.0652509,0,11.709756,14.139493,1
MGYG000003701,Gut,4497,1.4790628,4.9212794,4,-3.303833,16.100456,2
MGYG000003702,Gut,3055,-4.5032496,2.5580173,5,10.414109,-5.3827186,7
MGYG000003703,Gut,1752,13.944702,3.2632349,0,11.489502,14.437909,1
MGYG000003704,Gut,1386,-3.856148,7.1707516,5,9.76519,-2.8654478,8
MGYG000003705,Gut,2293,-3.647386,10.743245,2,10.2977295,-3.02007,8
MGYG000003706,Gut,1285,-6.011301,2.0441623,5,9.574995,-6.489168,7
MGYG000003707,Gut,1648,13.973866,3.4089043,0,11.133229,15.683249,1
MGYG000003708,Gut,2745,-3.523345,7.3786216,5,10.369388,-3.0925577,8
MGYG000003709,Gut,2800,0.35264486,11.128921,3,12.812582,5.22356,4
MGYG000003710,Gut,2083,1.1766846,9.663639,3,13.483823,5.203299,4
MGYG000003711,Gut,3815,5.6768146,1.7288069,1,-9.300212,10.176506,6
MGYG000003712,Gut,4557,2.7381825,-5.8504767,-1,-10.696841,11.247541,6
MGYG000003713,Gut,1755,-0.57839674,8.220468,-1,-5.8907046,10.401289,6
MGYG000003714,Gut,3319,0.32734475,11.1324215,3,12.80513,5.2322,4
MGYG000003715,Gut,3120,-4.1332593,1.2954906,5,9.19754,-6.2750697,7
MGYG000003716,Gut,971,6.4156504,1.5313574,1,-6.1531053,2.990267,5
MGYG000003717,Gut,1642,1.197805,11.168391,3,13.351959,3.8965838,4
MGYG000003718,Gut,1285,-3.5118008,8.180183,5,7.942607,-2.9030566,8
MGYG000003719,Gut,1095,-3.6175294,10.736322,2,8.461171,-2.3217194,8
MGYG000003720,Gut,736,-2.5833921,8.012677,5,8.475551,-2.2635205,8
MGYG000003721,Gut,1312,0.65905344,6.2815714,4,8.403133,-2.3961601,8
MGYG000003722,Gut,1440,3.980811,3.2384415,4,-6.675715,-2.0236964,5
MGYG000003723,Gut,1634,6.3431964,1.518265,1,-6.4408884,2.8114545,5
MGYG000003724,Gut,1282,-3.6816542,10.751853,2,8.730742,-2.0315843,8
MGYG000003725,Gut,763,2.1841729,7.1844096,4,-7.66984,2.985582,5
MGYG000003726,Gut,1286,-3.4996443,8.180496,5,7.992706,-2.8475223,8
MGYG000003727,Gut,1438,-3.8931859,10.5966015,2,8.47359,-2.3563392,8
MGYG000003728,Gut,1546,3.178406,6.3945065,4,-0.28260785,14.692283,3
MGYG000003729,Gut,1255,-3.7736979,10.782862,2,8.531664,-2.6746345,8
MGYG000003730,Gut,1008,2.1591942,7.2106237,4,-7.6704454,3.0028796,5
MGYG000003731,Gut,1364,-3.1231456,9.16919,5,-0.6723094,16.889065,2
MGYG000003732,Gut,1612,14.392848,4.45637,0,11.311279,16.00595,1
MGYG000003733,Gut,6646,5.738758,2.4678948,1,-9.602367,10.286273,6
MGYG000003734,Gut,4856,5.7225947,2.4263515,1,-9.557279,10.261945,6
MGYG000003735,Gut,1317,5.640442,3.625484,1,-8.887776,8.829468,6
MGYG000003736,Gut,3248,5.8103566,2.2838705,1,-9.540525,10.169378,6
MGYG000003737,Gut,1227,-1.8211043,3.9413092,5,3.136116,-7.5656457,8
MGYG000003738,Gut,1347,-3.148715,8.950745,5,8.482327,-2.2707293,8
MGYG000003739,Gut,1752,1.2090123,11.154744,3,13.351471,3.8735893,4
MGYG000003740,Gut,1373,-2.5537806,7.9822574,5,8.490927,-2.2701094,8
MGYG000003741,Gut,1145,0.59327775,5.632997,4,8.456452,-2.3549805,8
MGYG000003742,Gut,1863,2.8379328,6.3256145,4,-0.7983697,17.016304,2
MGYG000003743,Gut,1011,-2.7236798,6.498991,5,8.419538,-2.3830445,8
MGYG000003744,Gut,1492,3.7635288,3.4761646,4,1.2952859,14.068394,3
MGYG000003745,Gut,1006,2.345747,6.9844804,4,13.417684,-13.932119,-1
MGYG000003746,Gut,1327,3.818209,7.4048314,4,0.65337414,15.004563,3
MGYG000003747,Gut,1882,1.3037908,3.7561424,4,-6.4878545,-1.5264543,5
MGYG000003748,Gut,967,-3.6132247,8.19976,5,7.988916,-2.8795009,8
MGYG000003749,Gut,554,-4.0652914,12.7086735,2,-8.325623,-10.183543,0
MGYG000003750,Gut,1089,0.5682371,5.568707,4,8.46375,-2.3398728,8
MGYG000003751,Gut,1304,-3.8524058,10.582597,2,8.406138,-2.3854315,8
MGYG000003752,Gut,1635,-2.0025826,4.99245,5,1.5947994,-3.6264222,8
MGYG000003753,Gut,1712,-3.0850973,8.740847,5,8.588887,-2.1970017,8
MGYG000003754,Gut,1266,2.7935255,6.855405,4,0.6281402,14.911937,3
MGYG000003755,Gut,827,6.358766,1.0962433,1,-6.482852,2.858039,5
MGYG000003756,Gut,1172,6.3825307,1.1222677,1,-6.4785514,2.822855,5
MGYG000003757,Gut,1434,-3.5274808,10.842043,2,8.495601,-2.3090575,8
MGYG000003758,Gut,1129,-3.5837402,8.146658,5,8.009953,-2.858534,8
MGYG000003759,Gut,1295,-2.9234617,8.033802,5,8.442263,-2.3609023,8
MGYG000003760,Gut,1636,-3.6919656,10.734307,2,8.745854,-2.0139594,8
MGYG000003761,Gut,3962,5.6508937,1.7511016,1,-9.309947,10.134607,6
MGYG000003762,Gut,1990,6.434827,1.5143307,1,-5.8069096,3.0643475,5
MGYG000003763,Gut,1535,2.6813238,6.0995107,4,-0.66217464,16.883402,2
MGYG000003764,Gut,866,-0.5533785,8.394307,-1,-6.0093584,10.282709,6
MGYG000003765,Gut,1660,3.000484,6.2826734,4,-0.90435076,17.034258,2
MGYG000003766,Gut,917,-3.9919238,2.1517503,5,2.835357,-6.076746,8
MGYG000003767,Gut,873,2.1398606,7.2237744,4,-7.6773267,3.0103118,5
MGYG000003768,Gut,1484,-3.232889,1.7356657,5,1.943547,-4.963672,8
MGYG000003769,Gut,3845,-1.2875406,11.518793,3,10.183817,-4.727107,7
MGYG000003770,Gut,2482,-2.153013,0.14302249,5,5.3235345,-3.4552732,8
MGYG000003771,Gut,3196,-4.3915606,1.4005921,5,9.394033,-5.9941616,7
MGYG000003772,Gut,848,-1.4661461,4.633832,5,-7.1282096,-1.6779323,5
MGYG000003773,Gut,2479,-1.6038986,2.2395911,5,3.5816104,-4.8943844,8
MGYG000003774,Gut,1008,3.8032634,7.3963428,4,0.6772713,14.96013,3
MGYG000003775,Gut,1203,-3.6643739,10.683844,2,8.459523,-2.2910175,8
MGYG000003776,Gut,1036,-2.322834,2.486427,5,8.408078,-2.3800554,8
MGYG000003777,Gut,2064,-4.860283,1.8564404,5,8.897858,-6.128339,7
MGYG000003778,Gut,1227,-2.5061011,8.650169,5,8.512481,-2.250451,8
MGYG000003779,Gut,1175,-4.0256653,2.6059315,5,9.193896,-4.671836,7
MGYG000003780,Gut,1258,-3.7109876,10.703478,2,8.735837,-2.0204456,8
MGYG000003781,Gut,627,-4.086632,12.7000885,2,-8.288515,-10.146764,0
MGYG000003782.1,Gut,1405,-3.6547608,10.764272,2,8.738427,-2.009706,8
MGYG000003783,Gut,2642,-3.927384,1.8853283,5,9.626506,-6.1240664,7
MGYG000003784,Gut,1444,0.7337727,14.233932,-1,-7.085171,-0.90302026,5
MGYG000003785,Gut,1552,-3.6989408,10.682786,2,8.734587,-2.019837,8
MGYG000003786,Gut,1751,-4.3191767,2.5946064,5,9.230503,-4.7174864,7
MGYG000003787,Gut,1521,14.717714,6.6729107,0,11.518404,15.976385,1
MGYG000003788,Gut,1590,-1.0398417,2.6671321,5,-6.605398,-2.0197372,5
MGYG000003789,Gut,1658,-3.6994407,10.69654,2,8.72377,-2.0363321,8
MGYG000003790,Gut,1270,3.794371,7.4461746,4,0.6807496,14.946249,3
MGYG000003791,Gut,1811,6.2379503,1.749672,1,-5.834949,3.0646176,5
MGYG000003792,Gut,1849,6.284295,1.6576835,1,-5.807639,3.081836,5
MGYG000003793,Gut,1118,-2.7736695,1.8760602,5,8.450031,-2.344187,8
MGYG000003794,Gut,1800,2.7632437,6.4391093,4,-0.7394534,16.953957,2
MGYG000003795,Gut,1587,-1.8803885,4.9329195,5,-6.6210766,-1.4997909,5
MGYG000003796,Gut,1100,-3.9130778,10.561807,2,8.453285,-2.3376462,8
MGYG000003797,Gut,1534,1.1728404,11.12405,3,13.356937,3.89606,4
MGYG000003798,Gut,1634,14.728777,6.4779463,0,11.225611,15.820431,1
MGYG000003799,Gut,1597,3.3203635,6.3707075,4,-0.1023891,14.712459,3
MGYG000003800,Gut,1691,6.3646746,1.4828892,1,-6.4501777,2.8269548,5
MGYG000003801,Gut,1453,-2.3137434,2.5578778,5,8.497639,-2.2506094,8
MGYG000003802,Gut,1301,-3.8539922,10.546854,2,8.437861,-2.3407304,8
MGYG000003803,Gut,3388,2.4987502,-5.960237,-1,-10.715934,11.178223,6
MGYG000003804,Gut,1631,-2.9831367,8.221193,5,-0.42868137,14.81402,3
MGYG000003805,Gut,1855,6.2580466,1.6068325,1,-5.8004637,3.0764067,5
MGYG000003806,Gut,2242,6.460928,1.5072285,1,-5.814495,3.0828843,5
MGYG000003807,Gut,1021,-2.8019044,1.8753638,5,8.431651,-2.361929,8
MGYG000003808,Gut,1937,6.355599,2.7460732,1,-6.3708396,2.8171957,5
MGYG000003809,Gut,964,-2.590182,7.9367466,5,7.936763,-2.9249485,8
MGYG000003810,Gut,1509,6.3860965,1.1433518,1,-6.4915495,2.8286698,5
MGYG000003811,Gut,1949,6.3483353,1.5921966,1,-5.8792286,3.0087504,5
MGYG000003812,Gut,1681,3.2016232,6.377851,4,-0.78950936,16.963715,2
MGYG000003813,Gut,1231,2.400052,5.697542,4,0.63719136,14.9128895,3
MGYG000003814,Gut,1433,4.096841,6.186156,4,-0.6343898,16.727621,2
MGYG000003815,Gut,1518,-0.26795766,2.1438203,5,-6.759773,-2.281348,5
MGYG000003816,Gut,1986,4.2358656,5.0312657,4,-0.9625468,14.41277,3
MGYG000003817,Gut,916,-1.34647,5.4360986,5,-2.6804304,5.853131,5
MGYG000003818,Gut,1251,-1.2603458,6.3665338,5,3.3856518,-7.21237,8
MGYG000003819,Gut,2030,-2.1178415,0.23789209,5,4.9310703,-3.2759855,8
MGYG000003820,Gut,2167,1.3180182,1.7698113,-1,4.87647,-2.3920193,8
MGYG000003821,Gut,2425,-5.475595,1.7518433,5,9.66969,-5.778853,7
MGYG000003822,Gut,1916,-4.1045055,2.0994663,5,9.676244,-5.804758,7
MGYG000003823,Gut,1587,14.700089,7.2943387,0,11.293666,15.867304,1
MGYG000003824,Gut,1811,-1.9378192,0.46895054,5,3.7098775,-3.0181448,8
MGYG000003825,Gut,1773,-3.8347945,5.122555,5,4.5920296,-2.2320828,8
MGYG000003826,Gut,1521,-3.2905798,6.729642,5,1.2103169,-4.838316,8
MGYG000003827,Gut,1179,-1.360426,5.4297185,5,-2.6594372,5.869024,5
MGYG000003828,Gut,2376,-3.4529257,2.3271775,5,9.972285,-5.991539,7
MGYG000003829,Gut,1352,-2.7678483,8.160585,5,-12.337198,1.7088943,-1
MGYG000003830,Gut,1257,14.682441,7.93534,0,11.761239,16.06638,1
MGYG000003831,Gut,2347,3.9883618,4.942586,4,-0.95118326,14.320465,3
MGYG000003832,Gut,870,-2.9658535,13.525742,3,-2.7202332,-14.744639,0
MGYG000003833,Gut,1915,-1.1920696,2.3534324,5,3.6049047,-4.802167,8
MGYG000003834,Gut,2445,-3.7319643,2.816629,5,10.380244,-5.38586,7
MGYG000003835,Gut,2270,4.049169,5.60798,4,-0.74046427,14.450212,3
MGYG000003836,Gut,1457,1.1982027,7.1540203,4,-8.426828,7.7415204,6
MGYG000003837,Gut,1553,3.7836497,7.4536934,4,0.6607892,14.888379,3
MGYG000003838,Gut,2138,-2.463108,2.5312629,5,2.5279393,-4.815576,8
MGYG000003839,Gut,991,-2.1695962,4.1887603,5,2.4757295,-6.1927547,8
MGYG000003840,Gut,1062,-2.003644,3.1054087,5,2.5942914,-6.402322,8
MGYG000003841,Gut,1255,-2.0446494,2.6762364,5,2.190681,-5.9595685,8
MGYG000003842,Gut,1465,-3.1516786,6.9602065,5,1.3594084,-3.3853643,8
MGYG000003843,Gut,1816,-2.8467429,5.1391664,5,3.8873305,-4.2318788,8
MGYG000003844,Gut,2133,-3.5155885,6.2807326,5,0.64960635,-4.8959036,8
MGYG000003845,Gut,1073,-1.388738,5.4783607,5,-2.6636114,5.8684735,5
MGYG000003846,Gut,1527,-1.8164508,4.699677,5,-16.910788,10.544347,-1
MGYG000003847,Gut,1684,14.23012,3.7946599,0,10.918446,15.264063,1
MGYG000003849,Gut,1167,-1.2099482,6.5450096,5,3.4367561,-7.267581,8
MGYG000003850,Gut,957,-2.0391328,2.919525,5,3.8608243,-3.2551277,8
MGYG000003851,Gut,1651,14.2691145,4.505215,0,11.222897,15.651209,1
MGYG000003852,Gut,1584,1.9709045,7.2341833,4,-8.00761,7.9754796,6
MGYG000003853,Gut,1250,14.666921,8.077635,0,11.700787,16.265558,1
MGYG000003854,Gut,1939,-2.8830416,3.2872045,5,3.6640203,-3.9198806,8
MGYG000003855,Gut,1375,-2.500079,2.8617456,5,2.4200673,-5.291662,8
MGYG000003856,Gut,1698,4.130123,5.462692,4,-0.29490152,14.587208,3
MGYG000003857,Gut,1314,-2.4314687,8.114768,5,-12.243194,1.7177562,-1
MGYG000003858,Gut,2028,-3.6224594,6.00047,5,0.6214482,-4.918334,8
MGYG000003859,Gut,1094,-1.3301321,5.372331,5,-2.6902726,5.8413815,5
MGYG000003860,Gut,1767,-2.0982428,0.31323802,5,4.7629714,-3.0251286,8
MGYG000003861,Gut,1459,14.639714,7.9438767,0,11.535017,16.114164,1
MGYG000003862,Gut,1670,14.725558,6.562499,0,11.08876,15.467876,1
MGYG000003863,Gut,2191,-3.3917198,1.6602372,5,2.6422226,-4.792992,8
MGYG000003864,Gut,1522,14.652566,6.3436766,0,11.511803,16.132195,1
MGYG000003865,Gut,1692,14.386867,4.473534,0,11.043851,15.228872,1
MGYG000003867,Gut,2067,-3.2558103,6.956361,5,9.824001,-5.735382,7
MGYG000003868,Gut,2160,-2.1087046,6.5868683,5,-6.722,-2.3148127,5
MGYG000003869,Gut,2115,-2.1297307,0.11545287,5,5.148721,-3.2774286,8
MGYG000003870,Gut,1667,14.506817,5.165074,0,11.394186,15.528415,1
MGYG000003871,Gut,1397,-1.6045363,2.293172,5,3.375297,-4.970805,8
MGYG000003872,Gut,2456,-2.5167298,1.9011829,5,2.6517441,-4.812094,8
MGYG000003873,Gut,1708,14.088485,3.8345354,0,11.318841,15.075518,1
MGYG000003874,Gut,1772,-4.5931373,2.690912,5,16.13593,2.0558317,4
MGYG000003875,Gut,2600,-1.3823419,2.0535617,5,3.5595822,-4.881272,8
MGYG000003876,Gut,2294,-1.7964619,2.6256087,5,5.088534,-4.1259685,8
MGYG000003877,Gut,1321,-3.853123,5.157859,5,4.6189804,-2.217066,8
MGYG000003878,Gut,2210,2.9539578,6.3853292,4,-0.7763472,17.202644,2
MGYG000003879,Gut,1722,5.9618244,3.4505901,1,-8.037836,8.024779,6
MGYG000003880,Gut,1609,4.1432157,4.5876637,4,1.226003,14.009805,3
MGYG000003881,Gut,1515,3.644666,5.7529655,4,-0.40920863,14.71308,3
MGYG000003882,Gut,3442,2.7449157,-5.953833,-1,-11.073281,11.423585,6
MGYG000003883,Gut,3712,2.6492496,-6.017269,-1,-10.864075,11.33055,6
MGYG000003884,Gut,1904,-2.0770981,0.836826,5,3.662347,-2.9148226,8
MGYG000003885,Gut,1688,14.58773,5.7267547,0,10.922471,15.20774,1
MGYG000003886,Gut,1432,6.2627,3.9166198,1,13.388922,-13.9627075,-1
MGYG000003887,Gut,1037,-3.3358767,6.609437,5,2.185789,-6.111116,8
MGYG000003888,Gut,1541,4.6741505,4.0815406,4,5.4372573,7.4282837,-1
MGYG000003889,Gut,1604,-3.0132632,7.2198725,5,1.7159531,-4.7397313,8
MGYG000003890,Gut,1308,-2.809853,7.8585663,5,-12.319369,1.7058294,-1
MGYG000003891,Gut,2305,-1.4296365,2.863225,5,3.577468,-4.8829217,8
MGYG000003892,Gut,2549,-5.496454,1.9901574,5,11.081212,-5.3371215,7
MGYG000003893,Gut,2081,3.6240892,6.4678864,4,-0.8434432,17.254639,2
MGYG000003894,Gut,1621,14.472341,4.789296,0,11.381382,15.896645,1
MGYG000003895,Gut,885,-1.2526681,1.1517628,5,3.6383867,-3.9633107,8
MGYG000003896,Gut,1503,14.240119,3.8905275,0,11.73019,16.136148,1
MGYG000003897,Gut,897,3.7903814,7.4677925,4,0.6806472,14.954874,3
MGYG000003898,Gut,1298,-3.4830353,8.186641,5,8.015092,-2.8195903,8
MGYG000003899,Gut,2063,-1.1064417,1.0699782,5,5.464599,-5.217985,8
MGYG000003900,Gut,1496,14.605567,7.502682,0,11.899521,15.887084,1
MGYG000003901,Gut,1799,5.8999114,3.2679057,1,-7.946756,8.011277,6
MGYG000003902,Gut,1780,0.67796624,14.176942,-1,-7.0632634,-0.9615223,5
MGYG000003904,Gut,1774,-0.43484223,3.934589,5,-16.542772,10.14305,-1
MGYG000003905,Gut,1299,3.9423006,3.3329773,4,1.027279,13.575796,3
MGYG000003906,Gut,1678,14.242559,4.4096093,0,11.868375,15.060749,1
MGYG000003907,Gut,1169,-1.8550738,3.1279383,5,5.6358557,-3.7500284,8
MGYG000003908,Gut,2689,1.4108161,5.0403013,4,-2.9820786,16.508402,2
MGYG000003909,Gut,2026,-1.5605137,2.8509853,5,5.624321,-3.706762,8
MGYG000003910,Gut,2238,-2.080264,0.74673575,5,5.184814,-3.3081126,8
MGYG000003911,Gut,1638,-2.5153198,2.5890489,5,2.3769007,-4.889113,8
MGYG000003912,Gut,1897,3.5198133,6.4313064,4,-0.96913815,16.904251,2
MGYG000003913,Gut,1720,14.271946,4.1027927,0,11.757633,14.6875925,1
MGYG000003914,Gut,1962,5.8943505,3.2719061,1,-7.9266043,8.033404,6
MGYG000003915,Gut,1449,14.6580515,7.5775127,0,11.965635,15.440967,1
MGYG000003916,Gut,1719,-1.7678001,2.7557244,5,2.11321,-5.413616,8
MGYG000003917,Gut,1050,14.484051,8.030497,0,12.014174,15.713166,1
MGYG000003918,Gut,1507,-0.21226548,2.2802863,5,-3.5347836,0.7689812,5
MGYG000003919,Gut,1945,-4.876263,11.5011015,2,11.833828,2.5337224,4
MGYG000003920,Gut,1630,14.266122,4.4821525,0,11.932503,15.196858,1
MGYG000003921,Gut,2205,-1.1050609,1.2984142,5,5.1872497,-5.033409,8
MGYG000003922,Gut,3600,2.0268152,4.8738146,4,-2.9589245,15.757549,2
MGYG000003923,Gut,1670,14.26504,4.394146,0,11.705548,15.194516,1
MGYG000003924,Gut,1792,-0.21895058,2.303192,5,-3.5423272,0.7618093,5
MGYG000003925,Gut,2637,-4.19981,7.5204244,5,11.193481,-5.2302856,7
MGYG000003926,Gut,1715,3.888709,3.2181642,4,1.208084,13.3606615,3
MGYG000003927,Gut,2017,-3.521658,6.3560734,5,0.63921374,-4.9010167,8
MGYG000003928,Gut,1767,13.911539,3.173348,0,10.925119,14.526653,1
MGYG000003929,Gut,2668,-4.7308435,1.4795233,5,11.501755,-5.686226,7
MGYG000003930,Gut,1112,-3.0606625,7.527455,5,-12.283073,1.7264186,-1
MGYG000003931,Gut,1231,-3.5798662,5.234703,5,3.1943264,-7.4780016,8
MGYG000003932,Gut,1681,-3.009846,7.222085,5,1.6606551,-4.7395926,8
MGYG000003933,Gut,2756,-0.97722054,1.8733947,5,-3.5760148,0.72824895,5
MGYG000003934,Gut,1662,-2.1657524,4.339255,5,2.903961,-7.8655877,8
MGYG000003935,Gut,1068,-3.9645035,12.417349,2,-8.453561,-10.139924,0
MGYG000003936,Gut,1003,-3.932573,7.1897974,5,11.556431,-5.9376707,7
MGYG000003937,Gut,1983,-1.1347517,1.2359688,5,5.2058315,-5.0333314,8
MGYG000003938,Gut,2301,-2.4741971,0.8770647,5,4.6733727,-2.2382581,8
MGYG000003939,Gut,1176,-3.9278662,12.524795,2,-8.815288,-10.226746,0
MGYG000003940,Gut,976,-2.0185091,13.326167,3,-2.6383893,-14.712361,0
MGYG000003941,Gut,1712,4.2298503,3.2008739,4,1.274188,13.313607,3
MGYG000003942,Gut,1228,-3.6752937,12.219006,2,-8.934388,-10.227102,0
MGYG000003943,Gut,1706,-2.7848623,6.0702834,5,1.5899994,-5.8673897,8
MGYG000003944,Gut,1040,-2.5007095,13.080976,3,-2.6513667,-14.849757,0
MGYG000003945,Gut,1654,-1.4425544,3.1522338,5,3.8750205,-4.259995,8
MGYG000003946,Gut,836,13.464174,3.0375652,0,10.483388,16.066853,1
MGYG000003947,Gut,1273,-2.6956885,5.992208,5,2.2272685,-6.253781,8
MGYG000003948,Gut,1621,4.3088994,5.330775,4,1.256771,13.387608,3
MGYG000003949,Gut,2284,-5.747624,2.4058957,5,11.591448,-5.769424,7
MGYG000003950,Gut,1350,-2.087977,0.40401152,5,4.78791,-3.0018127,8
MGYG000003951,Gut,716,-2.7343938,13.303038,3,-2.6726227,-14.643822,0
MGYG000003952,Gut,1676,4.085383,3.156971,4,1.247478,13.35739,3
MGYG000003953,Gut,1011,-1.888426,3.7950363,5,3.00227,-7.7795315,8
MGYG000003954,Gut,1883,-3.739217,8.250965,5,11.479976,-5.540297,7
MGYG000003955,Gut,885,-2.9862554,7.055631,5,2.328538,-6.365073,8
MGYG000003956,Gut,1105,-1.6759768,12.499165,3,4.7217865,4.4385896,-1
MGYG000003957,Gut,3468,1.4914297,5.009853,4,-3.2066905,16.217625,2
MGYG000003958,Gut,1646,-1.7965016,4.735667,5,-16.881756,10.514932,-1
MGYG000003959,Gut,1820,-2.1848958,2.9885035,5,2.4119117,-5.796554,8
MGYG000003960,Gut,985,-2.2861407,5.638468,5,3.311895,-7.2875977,8
MGYG000003961,Gut,1833,-2.4502673,1.0000389,5,3.9792495,-4.264476,8
MGYG000003962,Gut,1529,4.6806026,4.0679154,4,5.4315133,7.4342837,-1
MGYG000003963,Gut,2025,-3.6076963,5.660039,5,2.4445646,-5.531789,8
MGYG000003964,Gut,1176,-1.8704764,3.9132054,5,2.8702233,-7.2709637,8
MGYG000003965,Gut,1441,-2.6349225,3.115457,5,-16.71367,10.332249,-1
MGYG000003966,Gut,1462,-2.4869409,2.1148932,5,2.5893419,-6.0786786,8
MGYG000003967,Gut,1596,-2.7947686,5.1338015,5,2.8017766,-5.792679,8
MGYG000003968,Gut,1331,14.643795,7.948273,0,11.643541,16.041782,1
MGYG000003969,Gut,1544,1.2082839,7.1410155,4,-8.396607,7.7758684,6
MGYG000003970,Gut,2672,-3.9367607,2.0177846,5,9.335125,-5.79339,7
MGYG000003971,Gut,1555,1.9345124,4.295535,4,7.7949634,-3.0357177,8
MGYG000003972,Gut,1542,-2.8417768,5.3361626,5,2.8541563,-5.7844768,8
MGYG000003973,Gut,1561,-3.3793123,5.21696,5,2.566627,-6.0210395,8
MGYG000003974,Gut,1122,-3.8378012,12.258501,2,-8.573661,-10.339634,0
MGYG000003975,Gut,2078,-2.2053852,0.07836501,5,5.20812,-3.2695322,8
MGYG000003976,Gut,947,14.59176,8.068808,0,11.432949,15.963156,1
MGYG000003977,Gut,1151,-3.6910386,12.322545,2,-8.79314,-10.187717,0
MGYG000003978,Gut,2027,-3.8823442,5.1202364,5,4.6230664,-2.2086825,8
MGYG000003979,Gut,1540,-1.866117,3.5075743,5,2.5732121,-6.035479,8
MGYG000003980,Gut,2306,-1.9499356,0.9517593,5,5.1903305,-2.9237814,8
MGYG000003981,Gut,1016,-1.9502153,13.086046,3,-2.6374497,-15.133354,0
MGYG000003982,Gut,1324,14.716393,7.837961,0,11.483806,16.230848,1
MGYG000003983,Gut,1655,14.557582,5.3373847,0,11.067328,15.565443,1
MGYG000003984,Gut,1774,-5.938079,2.3409843,5,9.605575,-6.4627633,7
MGYG000003985,Gut,1603,4.221842,5.29213,4,-0.6080098,14.500874,3
MGYG000003986,Gut,1743,4.1545334,5.3275876,4,-0.23237307,14.530948,3
MGYG000003987,Gut,2163,-1.9540415,2.4956095,5,1.7619977,-3.789837,8
MGYG000003989,Gut,1819,4.0691223,3.211362,4,1.2833962,13.27973,3
MGYG000003990,Gut,1775,-3.5442538,8.523049,5,1.7187426,-4.7065763,8
MGYG000003991,Gut,1443,4.1513233,4.653989,4,1.233812,13.991497,3
MGYG000003992,Gut,2404,3.7901402,6.193664,4,-1.919013,16.599993,2
MGYG000003993,Gut,1479,4.012728,3.340824,4,1.1663431,13.539872,3
MGYG000003994,Gut,1910,4.1702294,5.5477777,4,-0.9138679,14.740803,3
MGYG000003995,Gut,1238,-2.7467604,8.295784,5,-12.391029,1.7870618,-1
MGYG000003996,Gut,1353,-1.9937247,3.3524256,5,2.6211774,-6.1708922,8
MGYG000003997,Gut,1331,-3.3767273,5.885556,5,2.5305243,-6.1734276,8
MGYG000003998,Gut,1019,-1.8074828,12.907046,3,-2.507014,-14.947997,0
MGYG000003999,Gut,1408,1.2080297,7.137836,4,-8.435632,7.765692,6
MGYG000004000,Gut,1034,-4.0897007,12.6295395,2,-8.434343,-10.120106,0
MGYG000004001,Gut,1689,14.43081,3.8338985,0,11.025337,15.134976,1
MGYG000004002,Gut,2568,1.1816564,5.44879,4,-3.2110598,16.728273,2
MGYG000004003,Gut,4176,1.9488333,4.8116713,4,-3.0819728,15.656095,2
MGYG000004004,Gut,1687,-1.6768205,1.371245,5,4.4440136,-3.1387947,8
MGYG000004005,Gut,1311,-3.9177833,12.432772,2,-8.880593,-10.207527,0
MGYG000004006,Gut,2167,4.2246056,3.185271,4,1.3638526,13.227973,3
MGYG000004007,Gut,583,-2.3891282,8.932928,5,-5.531658,-9.23386,0
MGYG000004008,Gut,852,-2.3047736,13.096115,3,-2.5967143,-14.664363,0
MGYG000004009,Gut,1434,4.271055,6.239057,4,-1.0319315,16.956833,2
MGYG000004010,Gut,1638,-2.4816236,5.587577,5,2.346629,-5.8112607,8
MGYG000004011,Gut,1725,14.081083,3.5932102,0,11.243294,14.832154,1
MGYG000004012,Gut,729,-2.027862,13.321003,3,-2.7291243,-14.729356,0
MGYG000004013,Gut,1468,14.661337,7.137976,0,11.5082,15.926966,1
MGYG000004014,Gut,877,-2.7863631,13.315189,3,-2.5302997,-14.617698,0
MGYG000004015,Gut,3556,-0.2623896,11.510848,3,10.298602,5.855202,4
MGYG000004016,Gut,1833,-4.480159,2.5691273,5,7.577303,-3.1708694,8
MGYG000004017,Gut,2807,-1.4253691,2.3301444,5,3.3043559,-4.972582,8
MGYG000004018,Gut,1798,13.895462,3.1882737,0,10.978273,14.385618,1
MGYG000004019,Gut,2553,2.6918933,4.7411776,4,-2.4520972,16.376066,2
MGYG000004020,Gut,1389,-2.0951588,4.3218603,5,2.97362,-7.821356,8
MGYG000004021,Gut,1866,4.1014376,5.5178437,4,-0.86716956,14.774675,3
MGYG000004022,Gut,2191,-3.0863414,3.5549722,5,2.4312017,-4.913365,8
MGYG000004023,Gut,1503,14.670807,6.9606338,0,11.46609,16.152422,1
MGYG000004024,Gut,1255,-3.6815295,5.8454423,5,2.5437045,-6.0539775,8
MGYG000004025,Gut,876,-2.4681795,13.005997,3,-2.4959,-14.963727,0
MGYG000004026,Gut,1887,4.2984033,5.12297,4,-0.4489733,14.4976845,3
MGYG000004027,Gut,1648,-3.114493,6.2140203,5,1.5028262,-3.5146475,8
MGYG000004028,Gut,2124,-1.6953852,1.3369603,5,4.4360967,-3.1042545,8
MGYG000004029,Gut,1473,-1.7472421,12.227749,3,4.5836396,4.574106,-1
MGYG000004030,Gut,1916,-3.451135,5.8663893,5,2.5883238,-5.8487616,8
MGYG000004031,Gut,1646,13.959855,3.3790925,0,11.129342,15.784569,1
MGYG000004032,Gut,1310,-2.9038022,5.9443617,5,2.0752172,-5.6112075,8
MGYG000004033,Gut,1460,-2.5350325,5.611068,5,2.541241,-5.9126954,8
MGYG000004034,Gut,1900,-1.8423874,2.6354532,5,3.9637659,-4.1781826,8
MGYG000004035,Gut,1787,-3.9625962,2.18235,5,2.5814998,-5.8727403,8
MGYG000004036,Gut,2167,-3.0039334,6.2077017,5,1.5416828,-5.8303833,8
MGYG000004037,Gut,1688,4.168495,5.589769,4,-0.9034959,14.819666,3
MGYG000004038,Gut,1022,-2.8420062,13.435153,3,-2.7523944,-14.893607,0
MGYG000004039,Gut,2505,-4.993094,1.620885,5,10.88402,-5.203192,7
MGYG000004040,Gut,1351,14.639318,8.085148,0,11.537993,16.174732,1
MGYG000004041,Gut,1768,6.4463634,3.4602935,1,13.108258,-14.258855,-1
MGYG000004042,Gut,1710,4.1765127,5.181121,4,-0.29930708,14.498162,3
MGYG000004043,Gut,1515,4.3606157,5.073026,4,-0.46858752,14.460179,3
MGYG000004044,Gut,2066,-2.9888787,5.0766673,5,3.3403628,-4.998307,8
MGYG000004045,Gut,2121,1.0446001,10.129795,3,13.735943,5.408628,4
MGYG000004046,Gut,1631,1.2230405,9.7081585,3,13.634261,5.265153,4
MGYG000004047,Gut,1280,-3.7294233,12.383182,2,-8.899212,-10.281386,0
MGYG000004048,Gut,1607,13.712668,3.530979,0,11.116742,15.794424,1
MGYG000004049,Gut,1386,-2.974135,6.132926,5,2.2382987,-6.0840073,8
MGYG000004050,Gut,1612,3.93283,4.500562,4,1.2466283,13.992524,3
MGYG000004051,Gut,1048,-2.8938932,13.492665,3,-2.6248674,-14.8810215,0
MGYG000004052,Gut,2146,-1.4705085,2.216737,5,3.5414317,-4.9050875,8
MGYG000004053,Gut,1575,-1.7886066,4.729308,5,-16.885391,10.518345,-1
MGYG000004054,Gut,1569,14.499701,4.2453337,0,11.764337,16.09415,1
MGYG000004055,Gut,2047,-4.0470285,8.072431,5,11.484823,-6.005355,7
MGYG000004056,Gut,1707,3.8806298,3.1952305,4,1.2000177,13.344865,3
MGYG000004057,Gut,938,-3.8220608,6.2975154,5,0.98008734,-4.620675,8
MGYG000004058,Gut,1585,14.6145315,5.7878766,0,11.4971485,16.045668,1
MGYG000004059,Gut,2017,-3.8625402,5.1754217,5,4.6644382,-2.2144184,8
MGYG000004061,Gut,1235,-3.564883,6.0196543,5,7.4749827,-3.1792376,8
MGYG000004062,Gut,1864,-3.8053524,5.094718,5,4.6131134,-2.2119215,8
MGYG000004063,Gut,1674,-0.37101132,4.9080944,5,-8.349496,8.3107605,6
MGYG000004064,Gut,1975,-1.97952,5.061381,5,1.5203853,-5.8106146,8
MGYG000004066,Gut,1637,14.551625,4.4672236,0,11.240149,15.827859,1
MGYG000004067,Gut,1624,-3.319875,7.3991385,5,6.165616,-3.2992733,8
MGYG000004068,Gut,1881,-2.2761233,0.10855503,5,5.102469,-3.3486133,8
MGYG000004069,Gut,812,13.750724,3.3052192,0,10.532268,16.062399,1
MGYG000004070,Gut,1798,-2.867548,5.2441335,5,3.9090576,-4.2104907,8
MGYG000004071,Gut,1811,-1.3267585,3.4436195,5,4.4848094,-3.1616259,8
MGYG000004072,Gut,1916,-3.0847485,6.068429,5,1.5818086,-5.8355384,8
MGYG000004073,Gut,1376,-4.213097,12.724879,2,-8.918391,-10.226828,0
MGYG000004074,Gut,2653,-2.3791409,0.62890613,5,5.3346853,-3.3962188,8
MGYG000004075,Gut,2274,-1.8048635,2.404604,5,2.3731804,-4.931324,8
MGYG000004076,Gut,1366,-2.0599997,2.0599906,5,2.2679305,-5.4235897,8
MGYG000004077,Gut,950,-0.86488444,11.247588,3,16.12523,2.064651,4
MGYG000004078,Gut,1320,-3.6279044,12.063459,2,-8.80493,-10.247723,0
MGYG000004079,Gut,1484,-4.0968165,2.070348,5,2.684804,-5.9424887,8
MGYG000004080,Gut,1337,2.2073455,7.15688,4,-6.5024753,2.823398,5
MGYG000004081,Gut,1899,-1.3460739,3.2390387,5,2.6536164,-5.8102083,8
MGYG000004082,Gut,2304,-3.7303855,1.7120647,5,10.933767,-5.556545,7
MGYG000004083,Gut,1525,6.2983675,3.9628901,1,13.327254,-14.025555,-1
MGYG000004084,Gut,864,-2.6659799,13.265654,3,-2.6898568,-14.801838,0
MGYG000004085,Gut,1794,-2.402371,4.0993075,5,1.7454709,-5.668604,8
MGYG000004086,Gut,900,-2.5844038,13.153448,3,-2.68718,-14.934161,0
MGYG000004087,Gut,2927,-4.11574,1.2623495,5,9.026919,-5.052178,7
MGYG000004088,Gut,2294,-1.5483218,1.7058723,5,3.4965088,-4.9293385,8
MGYG000004089,Gut,1383,-1.6583226,2.9623828,5,2.3680065,-5.8499904,8
MGYG000004090,Gut,2051,3.7399433,5.653755,4,-0.7187831,14.691468,3
MGYG000004091,Gut,1536,14.694005,6.3934984,0,11.634991,16.2325,1
MGYG000004092,Gut,1608,-1.9642198,0.90873617,5,4.472723,-3.1687799,8
MGYG000004093,Gut,2611,-2.8095884,2.8264065,5,6.828404,-3.216102,8
MGYG000004094,Gut,2750,2.0085237,4.9804196,4,-2.6175573,16.145714,2
MGYG000004095,Gut,1301,-0.9963784,2.6230829,5,-7.111529,-1.824413,5
MGYG000004096,Gut,1472,1.7084255,7.2891335,4,-7.996824,8.044526,6
MGYG000004097,Gut,1676,14.053502,3.570559,0,10.976795,15.473848,1
MGYG000004098,Gut,1757,-2.228282,4.1798224,5,2.4926162,-5.9002705,8
MGYG000004099,Gut,1533,-2.8121872,6.075709,5,1.3325157,-3.3529453,8
MGYG000004100,Gut,1164,-1.4944816,1.7056342,5,4.0224047,-3.8048942,8
MGYG000004101,Gut,978,-2.0165434,13.333172,3,-2.636323,-14.753279,0
MGYG000004102,Gut,1010,-2.927675,13.508854,3,-2.6688795,-14.671097,0
MGYG000004103,Gut,1112,-3.675235,12.31957,2,-8.723646,-10.224288,0
MGYG000004104,Gut,1473,-1.6720535,2.69455,5,3.6894393,-4.0810018,8
MGYG000004105,Gut,1884,3.8194766,3.3630767,4,1.1948422,13.3349085,3
MGYG000004106,Gut,1541,-1.7371485,3.4568257,5,2.1916401,-5.87991,8
MGYG000004107,Gut,1716,-1.5754151,1.4768378,5,3.5688186,-4.8906813,8
MGYG000004108,Gut,1797,-3.132281,5.7600603,5,1.9825698,-5.814228,8
MGYG000004109,Gut,1710,-2.1112542,5.08594,5,1.6552398,-5.8436546,8
MGYG000004110,Gut,1501,-1.0560994,2.60641,5,-7.1057262,-1.7827866,5
MGYG000004111,Gut,1606,-1.8752116,1.0714883,5,4.18706,-3.4317498,8
MGYG000004112,Gut,1413,6.4436216,3.250619,1,13.193256,-14.168397,-1
MGYG000004113,Gut,1877,-3.4423,5.324017,5,2.3660688,-5.798523,8
MGYG000004114,Gut,2531,-5.152791,1.7953165,5,10.930917,-5.192744,7
MGYG000004115,Gut,1806,-5.205918,2.6568382,5,1.9280787,-4.662442,8
MGYG000004116,Gut,3033,-2.1206536,1.5995225,5,2.4002557,-4.91071,8
MGYG000004117,Gut,919,-2.0296552,13.342598,3,-2.6259308,-14.729971,0
MGYG000004118,Gut,1262,-2.003078,6.6486344,5,2.9411619,-5.9806066,8
MGYG000004119,Gut,1248,-2.1267967,12.18606,3,-8.911491,-10.177628,0
MGYG000004120,Gut,1144,-1.6970966,12.710555,3,-2.6536102,-15.248695,0
MGYG000004121,Gut,1776,14.509757,5.5702987,0,10.943474,14.523138,1
MGYG000004122,Gut,1969,-1.6140486,0.9084476,5,4.1405272,-3.721207,8
MGYG000004123,Gut,1707,-3.286938,3.928009,5,7.4902463,-3.1646454,8
MGYG000004124,Gut,1560,-3.1412084,5.985277,5,2.398331,-5.9071794,8
MGYG000004125,Gut,1822,-1.3454045,3.2618978,5,2.6384203,-5.8485656,8
MGYG000004126,Gut,2920,-1.2422818,1.3357033,5,4.964609,-4.9167,8
MGYG000004127,Gut,1825,6.7451644,2.1244905,1,-6.044121,2.868714,5
MGYG000004128,Gut,1765,-2.6759431,5.131544,5,1.7046093,-5.761089,8
MGYG000004129,Gut,2020,-2.1219294,0.06037178,5,2.7540069,-4.741185,8
MGYG000004130,Gut,1967,-3.8463073,5.103452,5,4.630853,-2.2211463,8
MGYG000004131,Gut,1395,-2.9895265,6.1901455,5,2.2246702,-6.1251173,8
MGYG000004132,Gut,2076,-3.9580953,7.301095,5,11.546613,-5.887682,7
MGYG000004133,Gut,1814,-3.1051254,6.35106,5,1.6206731,-5.8495464,8
MGYG000004134,Gut,1584,2.2458043,7.107756,4,13.401593,-13.949507,-1
MGYG000004135,Gut,1385,-1.553471,2.9284458,5,5.5810437,-3.7036755,8
MGYG000004136,Gut,3247,-3.7787747,1.8977481,5,9.637361,-5.574628,7
MGYG000004137,Gut,1973,-1.3165458,3.3851805,5,4.549487,-2.2941773,8
MGYG000004138,Gut,1579,6.699563,3.3048296,1,13.307907,-14.050244,-1
MGYG000004139,Gut,1842,-2.4520829,0.784151,5,4.657514,-2.2116945,8
MGYG000004140,Gut,2276,-6.0391665,1.8512071,5,10.043298,-5.9924183,7
MGYG000004141,Gut,1726,14.002527,3.8931167,0,10.875386,14.757927,1
MGYG000004142,Gut,1934,-2.2802088,0.11848681,5,5.0272365,-3.4091423,8
MGYG000004143,Gut,2268,-1.1226825,1.8344883,5,4.952702,-4.839768,8
MGYG000004144,Gut,1093,-2.830252,5.676388,5,1.5594263,-5.440505,8
MGYG000004145,Gut,1632,-2.8004274,5.3673263,5,2.5457463,-5.8862653,8
MGYG000004146,Gut,1880,-2.0060892,2.085382,5,2.2957282,-4.997033,8
MGYG000004148,Gut,1615,14.657407,6.1796284,0,11.349871,15.847375,1
MGYG000004149,Gut,1002,-1.9873328,12.41791,3,-2.6537519,-15.109659,0
MGYG000004150,Gut,2978,-0.8366871,1.7052704,5,-9.5510845,10.138346,6
MGYG000004151,Gut,6027,5.7096853,1.8239238,1,-9.65037,10.257349,6
MGYG000004152,Gut,1612,14.701326,6.430048,0,11.295623,15.904727,1
MGYG000004153,Gut,2458,-0.93618757,2.4397123,5,3.1900053,-4.881204,8
MGYG000004154,Gut,1602,-1.6934583,2.338976,5,3.635716,-4.859299,8
MGYG000004155,Gut,1135,-3.8006,11.9995575,2,-8.583259,-10.232002,0
MGYG000004156,Gut,1742,13.965362,3.660291,0,11.194002,14.732948,1
MGYG000004157,Gut,2009,-2.8794265,3.0308595,5,1.7581078,-5.646507,8
MGYG000004158,Gut,1522,-3.6395187,2.339806,5,-7.1480036,-1.78759,5
MGYG000004159,Gut,2207,-1.9842507,2.138285,5,2.3624382,-4.9586535,8
MGYG000004160,Gut,1622,-2.758635,5.3564034,5,2.804817,-5.8206663,8
MGYG000004161,Gut,1740,14.020462,3.3475058,0,10.942922,14.77956,1
MGYG000004162,Gut,883,-2.5848508,13.180681,3,-2.7122445,-14.935702,0
MGYG000004163,Gut,2084,-2.1663127,0.03335967,5,5.234555,-3.2332854,8
MGYG000004164,Gut,1744,-3.0319393,5.7614536,5,1.5605537,-5.852802,8
MGYG000004165,Gut,1757,-1.5232385,3.5738685,5,4.6580787,-3.284318,8
MGYG000004166,Gut,1969,4.0695915,5.5158935,4,-0.6977588,14.447698,3
MGYG000004167,Gut,969,-2.6602218,13.266765,3,-2.7260132,-14.918528,0
MGYG000004168,Gut,3242,-1.5417364,2.312868,5,3.6336136,-4.9180803,8
MGYG000004169,Gut,2021,-4.9855347,1.716008,5,10.942331,-5.2601085,7
MGYG000004170,Gut,897,-2.748006,13.302073,3,-2.6940997,-14.818965,0
MGYG000004171,Gut,1875,-4.2338843,2.634127,5,7.3691516,-3.2246544,8
MGYG000004172,Gut,2313,3.9670506,3.2732503,4,1.2829349,13.242202,3
MGYG000004173,Gut,1710,-3.9197493,6.5957465,5,7.6307025,-3.1741164,8
MGYG000004174,Gut,1893,-1.2534956,2.2046695,5,3.56138,-4.8967185,8
MGYG000004175,Gut,988,-2.9655604,13.517142,3,-2.692044,-15.131347,0
MGYG000004176,Gut,2231,-0.086932346,11.179696,3,10.308381,5.8575015,4
MGYG000004177,Gut,828,-2.5517561,13.081525,3,-2.6199303,-14.646759,0
MGYG000004178,Gut,1126,-3.792039,12.033398,2,-8.490542,-10.3308,0
MGYG000004179,Gut,1545,-1.2333055,2.8339736,5,3.8481493,-4.3442764,8
MGYG000004180,Gut,3506,1.4148489,5.010697,4,-3.2279148,16.198969,2
MGYG000004181,Gut,1681,14.35836,3.9178405,0,11.749075,14.963413,1
MGYG000004182,Gut,2563,2.1645498,4.407632,4,-2.386034,16.350967,2
MGYG000004183,Gut,1857,6.4379454,3.3583462,1,13.086788,-14.278698,-1
MGYG000004184,Gut,2015,-2.5395129,2.2147179,5,2.466845,-4.8590856,8
MGYG000004185,Gut,2409,2.6693435,4.7661386,4,-2.455823,16.360842,2
MGYG000004186,Gut,1667,14.529603,5.305396,0,11.034048,15.429651,1
MGYG000004187,Gut,1586,5.857816,3.3926594,1,-7.988419,8.007377,6
MGYG000004188,Gut,2552,2.649093,4.7442555,4,-2.4800546,16.365358,2
MGYG000004189,Gut,1646,6.3932576,3.6124673,1,13.151418,-14.213208,-1
MGYG000004191,Gut,1138,-4.042784,12.65028,2,-8.753447,-10.159344,0
MGYG000004192,Gut,1096,-3.8039227,12.122855,2,-8.547106,-10.190505,0
MGYG000004193,Gut,1818,-2.861965,6.173595,5,1.5619667,-5.8760605,8
MGYG000004194,Gut,1856,-2.620221,5.9219437,5,2.08746,-5.8945017,8
MGYG000004195,Gut,1294,-3.9598505,12.644519,2,-8.916671,-10.20229,0
MGYG000004196,Gut,1780,-2.1327188,0.507683,5,4.4677753,-3.184226,8
MGYG000004197,Gut,1846,1.5837173,5.3669086,4,1.1801202,13.302826,3
MGYG000004198,Gut,1740,-4.134108,7.0062203,5,7.5652785,-3.1915803,8
MGYG000004199,Gut,1198,-1.6514264,12.4268875,3,4.6862826,4.4736457,-1
MGYG000004200,Gut,1579,-3.7811513,5.3192167,5,4.4877286,-2.3649526,8
MGYG000004201,Gut,2028,-2.0060742,0.84285355,5,3.7355654,-3.0279818,8
MGYG000004202,Gut,325,-1.9605991,8.331536,5,-5.5061593,-9.22989,0
MGYG000004203,Gut,2430,-4.8166695,1.7093102,5,10.950913,-5.218416,7
MGYG000004204,Gut,841,-2.8798878,13.448632,3,-2.5939825,-14.595806,0
MGYG000004205,Gut,1433,4.031396,5.121547,4,1.2792153,14.01562,3
MGYG000004206,Gut,1842,-1.4362737,3.4913037,5,4.6453943,-3.2630265,8
MGYG000004207,Gut,1706,-1.1899967,6.535761,5,-0.8308949,16.597542,2
MGYG000004208,Gut,2089,4.0676937,4.9646587,4,-0.83746076,14.320777,3
MGYG000004209,Gut,1730,13.837373,3.602059,0,10.861186,14.644367,1
MGYG000004210,Gut,1956,-3.8986254,7.112486,5,11.525389,-5.8920574,7
MGYG000004211,Gut,810,-0.95489186,11.661104,3,-2.72829,-14.963859,0
MGYG000004212,Gut,1132,-3.6328626,11.918308,2,-8.847675,-10.266143,0
MGYG000004213,Gut,2096,4.1033497,5.657282,4,-0.7414408,14.499063,3
MGYG000004214,Gut,1617,-1.639156,3.482389,5,2.4713564,-6.005835,8
MGYG000004215,Gut,1131,-3.6026537,11.492609,2,-8.600143,-10.328921,0
MGYG000004216,Gut,942,-2.0661833,12.674576,3,-2.6581492,-14.691365,0
MGYG000004217,Gut,1241,14.602442,8.018966,0,11.648301,16.216497,1
MGYG000004218,Gut,933,-1.7219822,12.84667,3,-2.4693484,-14.829426,0
MGYG000004219,Gut,1955,4.053524,5.576026,4,-0.66034156,14.506195,3
MGYG000004220,Gut,1725,13.8833885,3.3417094,0,10.905527,14.823122,1
MGYG000004221,Gut,1471,-2.0748694,4.126079,5,2.8795555,-7.888721,8
MGYG000004222,Gut,1184,-3.6557133,11.95654,2,-8.796938,-10.278594,0
MGYG000004223,Gut,1937,-3.13895,5.645256,5,1.5471044,-5.834725,8
MGYG000004224,Gut,1934,-3.8912373,2.2613516,5,2.9794848,-4.9652724,8
MGYG000004226,Gut,877,-2.5492857,13.195435,3,-2.5741236,-14.692084,0
MGYG000004227,Gut,1267,14.643036,7.1651664,0,11.244098,16.07471,1
MGYG000004228,Gut,1080,-3.5800536,12.326758,2,-2.679067,-15.171232,0
MGYG000004229,Gut,1520,-2.7615397,5.8947654,5,2.2322881,-5.935657,8
MGYG000004230,Gut,3043,-4.973912,12.162384,2,10.58363,-3.3010426,8
MGYG000004231,Gut,1985,-2.0343375,5.0243387,5,2.0472443,-5.7102375,8
MGYG000004232,Gut,2371,-4.7113414,12.214209,2,10.329647,-3.0459447,8
MGYG000004233,Gut,2536,-4.581563,2.4351158,5,9.815574,-5.667011,7
MGYG000004234,Gut,2233,-1.696198,12.011332,3,16.29632,1.9029372,4
MGYG000004235,Gut,2005,-2.4937775,3.3626294,5,3.020995,-5.167547,8
MGYG000004236,Gut,1856,-5.233087,2.6592443,5,1.9426029,-4.676852,8
MGYG000004237,Gut,1216,-3.7286758,12.388966,2,-8.919811,-10.187999,0
MGYG000004238,Gut,1175,6.260207,3.5414693,1,13.155156,-14.208005,-1
MGYG000004239,Gut,1239,13.78619,3.1146216,0,10.730606,15.888018,1
MGYG000004240,Gut,1534,14.631376,5.4976325,0,11.56026,16.151352,1
MGYG000004241,Gut,1643,3.5996966,5.403984,4,1.3059112,13.389188,3
MGYG000004242,Gut,945,-2.662142,13.262506,3,-2.5193107,-14.722382,0
MGYG000004243,Gut,1360,-2.911987,6.2016397,5,1.6631633,-5.919164,8
MGYG000004244,Gut,1646,-3.3682482,6.7187767,5,1.2497294,-4.8310966,8
MGYG000004245,Gut,1773,-2.9459102,5.2470827,5,3.9221773,-4.176669,8
MGYG000004246,Gut,1737,-2.6146522,2.9901943,5,2.5725682,-5.893973,8
MGYG000004247,Gut,1332,6.732351,3.39113,1,13.317323,-14.040458,-1
MGYG000004248,Gut,1780,-1.2694316,3.2217767,5,3.9004893,-3.156952,8
MGYG000004249,Gut,1080,-1.7276703,12.066912,3,-2.6552923,-15.170764,0
MGYG000004250,Gut,2675,-5.1029015,1.8262239,5,10.90075,-5.178828,7
MGYG000004251,Gut,1375,-0.37911612,4.908485,5,-8.325267,8.259675,6
MGYG000004252,Gut,1770,-2.087867,0.3527094,5,4.8582253,-3.0468976,8
MGYG000004253,Gut,1934,-0.54234004,2.027161,5,-3.5810506,0.7229947,5
MGYG000004254,Gut,897,-2.6259956,13.231332,3,-2.4186435,-14.680744,0
MGYG000004255,Gut,1803,4.1146297,5.1887445,4,-0.28428316,14.557762,3
MGYG000004256,Gut,1917,-3.7243326,5.2648478,5,1.6588233,-3.6304193,8
MGYG000004257,Gut,1427,6.985541,2.811,1,12.539991,12.821917,1
MGYG000004258,Gut,1740,14.016722,3.342182,0,11.720543,14.640196,1
MGYG000004259,Gut,1375,2.2570443,7.1235476,4,12.6048765,12.725987,1
MGYG000004260,Gut,1025,-3.8879406,12.438106,2,-8.472831,-10.173612,0
MGYG000004261,Gut,632,-1.9919422,13.112387,3,-2.8011675,-14.782538,0
MGYG000004262,Gut,2443,-1.9663361,1.3346609,5,3.6814373,-2.9460654,8
MGYG000004263,Gut,2676,-3.9244235,1.8303549,5,9.403991,-6.436981,7
MGYG000004264,Gut,1135,6.3141327,3.542444,1,13.109901,-14.256949,-1
MGYG000004265,Gut,2087,-3.507008,7.218464,5,1.7642282,-3.791923,8
MGYG000004266,Gut,1666,1.1779239,11.181989,3,13.359202,3.9088964,4
MGYG000004267,Gut,1518,3.794293,7.4659557,4,0.67259765,14.942161,3
MGYG000004268,Gut,906,6.654623,2.1695442,1,-6.4065447,2.8356984,5
MGYG000004269,Gut,2487,-5.5404654,1.4968776,5,9.577915,-5.8211627,7
MGYG000004270,Gut,1074,3.623488,7.296597,4,0.7104681,14.9602,3
MGYG000004271,Gut,2779,-6.1426067,2.031488,5,11.139765,-5.2930675,7
MGYG000004272,Gut,1635,-2.6771805,3.7692354,5,-7.0234947,-1.7308987,5
MGYG000004274,Gut,1702,14.486187,5.247345,0,11.878373,15.050967,1
MGYG000004275,Gut,1837,-4.86665,2.4016209,5,0.9347579,-4.70223,8
MGYG000004276,Gut,1730,-1.5085849,3.622125,5,4.6612034,-3.3031447,8
MGYG000004277,Gut,1601,0.7059834,14.206393,-1,-7.073004,-0.9146636,5
MGYG000004278,Gut,1418,2.2320004,7.122468,4,13.444788,-13.907238,-1
MGYG000004279,Gut,1435,-2.968832,6.130281,5,2.1990921,-6.0340295,8
MGYG000004280,Gut,1481,14.718622,7.4882884,0,11.832808,15.919437,1
MGYG000004281,Gut,3537,1.5078217,4.976357,4,-3.2128317,16.191801,2
MGYG000004282,Gut,1944,-3.6112926,5.4017525,5,0.89046234,-4.826755,8
MGYG000004283,Gut,1512,-2.2780144,12.915782,3,5.381101,7.4867735,-1
MGYG000004284,Gut,1604,14.512924,4.1035843,0,11.837856,15.720019,1
MGYG000004285,Gut,2123,-3.8020341,7.1404705,5,6.0163937,-3.3139644,8
MGYG000004286,Gut,1729,14.153281,4.313463,0,11.594473,14.784903,1
MGYG000004287,Gut,1955,1.18686,9.765099,3,13.609357,5.2808714,4
MGYG000004288,Gut,1931,-0.8951758,11.297827,3,16.132515,2.0577621,4
MGYG000004289,Gut,1545,1.8756809,5.268103,4,-6.6941814,-1.4315292,5
MGYG000004290,Gut,2419,4.0077243,3.2290812,4,1.3407958,13.169795,3
MGYG000004291,Gut,1325,2.6336234,6.016444,4,-0.61836755,16.58163,2
MGYG000004292,Gut,1777,-2.0228112,2.0531173,5,2.15811,-5.14808,8
MGYG000004293,Gut,452,0.5336185,8.242746,-1,-5.7577224,-8.603186,0
MGYG000004294,Gut,1740,13.532334,3.5539184,0,10.931876,14.61285,1
MGYG000004295,Gut,3646,3.34304,-2.940275,-1,-10.261401,11.785432,6
MGYG000004296,Gut,2368,-5.996123,1.796152,5,9.771901,-5.8376513,7
MGYG000004297,Gut,1658,14.360428,4.3065395,0,11.119611,15.705361,1
MGYG000004298,Gut,1640,-1.4279002,5.339643,5,-2.3702047,5.91572,5
MGYG000004299,Gut,856,-2.8157125,13.419117,3,-2.7103395,-14.764483,0
MGYG000004300,Gut,1045,-2.209944,5.618814,5,3.0943074,-7.489127,8
MGYG000004301,Gut,1518,14.65849,6.618973,0,11.627182,16.173048,1
MGYG000004302,Gut,1347,-1.5948769,12.7236805,3,4.547814,4.6086884,-1
MGYG000004303,Gut,1153,-2.623238,13.250111,3,-2.6333735,-15.210577,0
MGYG000004304,Gut,1097,-3.4361863,7.3308644,5,0.97797775,-4.706205,8
MGYG000004305,Gut,1571,14.713806,6.344986,0,11.261397,15.977524,1
MGYG000004306,Gut,1165,-3.8516986,12.30026,2,-8.539627,-10.172878,0
MGYG000004307,Gut,1478,13.9171095,3.7356172,0,11.024786,15.946478,1
MGYG000004308,Gut,1784,-3.2285066,4.112974,5,7.591121,-3.1968794,8
MGYG000004309,Gut,2019,-4.2992496,10.920624,2,11.839055,2.5403228,4
MGYG000004310,Gut,1415,-2.2530801,5.5375943,5,2.8977923,-7.8647647,8
MGYG000004311,Gut,1169,-3.7178476,12.008885,2,-8.5017185,-10.297643,0
MGYG000004312,Gut,1522,-4.3710537,2.2660463,5,5.4345484,7.430343,-1
MGYG000004313,Gut,1733,3.4297895,-2.6597257,-1,-9.100519,8.75931,6
MGYG000004314,Gut,1573,6.3761544,1.1144018,1,-6.4976606,2.8096192,5
MGYG000004315,Gut,880,-4.130361,12.602063,2,12.778556,3.4568312,4
MGYG000004316,Gut,1643,-0.33793762,11.580495,3,13.277652,3.9204228,4
MGYG000004317,Gut,2143,-4.135004,7.6750965,5,11.628444,-5.4261575,7
MGYG000004318,Gut,1022,13.763697,3.0903256,0,10.533109,16.039627,1
MGYG000004319,Gut,1055,-4.066457,12.652194,2,-8.45335,-10.171005,0
MGYG000004320,Gut,1702,14.332311,4.7019315,0,10.934546,15.087656,1
MGYG000004321,Gut,1717,1.0174527,10.947068,3,13.413764,4.049345,4
MGYG000004322,Gut,1064,-2.6651852,8.006756,5,-5.9747972,-9.467736,0
MGYG000004323,Gut,1640,-2.9923513,6.0278916,5,1.5638859,-3.5584655,8
MGYG000004324,Gut,1466,14.606717,7.4831433,0,11.749405,16.230547,1
MGYG000004325,Gut,1643,14.559311,5.269674,0,11.302309,15.789425,1
MGYG000004326,Gut,1205,14.605429,7.209019,0,11.3386345,15.881927,1
MGYG000004327,Gut,1473,-3.8332555,5.2123027,5,4.450959,-2.3493817,8
MGYG000004328,Gut,1779,13.682581,3.125542,0,10.977272,14.366556,1
MGYG000004329,Gut,1802,3.0036945,6.167677,4,-0.77828306,16.526134,2
MGYG000004330,Gut,1674,14.457394,5.1207952,0,11.767158,15.20878,1
MGYG000004331,Gut,1619,14.622995,5.5786076,0,11.213247,15.909645,1
MGYG000004332,Gut,1709,14.226523,4.307376,0,11.015719,14.936878,1
MGYG000004333,Gut,589,-2.0337992,13.278627,3,-2.7098384,-14.704092,0
MGYG000004334,Gut,1755,-3.2495787,7.081816,5,1.7239043,-4.7106867,8
MGYG000004335,Gut,1800,13.970016,3.5082054,0,11.012,14.4507265,1
MGYG000004336,Gut,1965,-1.006362,1.1509371,5,5.5091047,-5.2594585,8
MGYG000004337,Gut,1667,-2.150994,6.236375,5,-6.7544804,-2.3149023,5
MGYG000004338,Gut,948,-1.2970217,5.4242315,5,-2.7293496,5.808361,5
MGYG000004339,Gut,1414,4.5984664,4.14614,4,5.440935,7.424635,-1
MGYG000004340,Gut,1870,-1.2126493,1.0935152,5,5.4857774,-5.2408357,8
MGYG000004341,Gut,1916,-2.0765545,0.4894521,5,3.7983394,-3.1271641,8
MGYG000004342,Gut,1066,-1.9840752,13.2263155,3,-2.6344252,-15.1898365,0
MGYG000004343,Gut,989,-2.944484,13.460964,3,-2.6356406,-15.077563,0
MGYG000004344,Gut,1560,14.229917,4.4766846,0,11.6301365,16.136723,1
MGYG000004345,Gut,1745,1.1967822,10.87442,3,13.524244,4.1174746,4
MGYG000004346,Gut,1245,14.591359,8.054803,0,11.501008,16.003233,1
MGYG000004347,Gut,1414,-3.508098,7.2768836,5,0.9921434,-4.6758614,8
MGYG000004348,Gut,1222,4.162589,6.117552,4,-1.0917412,17.05137,2
MGYG000004349,Gut,1753,13.868623,3.1572874,0,10.884384,14.492203,1
MGYG000004350,Gut,1192,-3.6106987,11.688855,2,-8.789635,-10.253993,0
MGYG000004351,Gut,1926,1.9514332,5.43557,4,-6.9192977,-1.0861704,5
MGYG000004352,Gut,953,-2.6965454,13.291776,3,-2.4892027,-14.762154,0
MGYG000004353,Gut,1342,-3.435555,5.9301815,5,2.613029,-5.987009,8
MGYG000004354,Gut,1460,3.6655037,5.464688,4,1.2072108,13.457347,3
MGYG000004355,Gut,988,-2.0101871,13.330976,3,-2.6164005,-14.749276,0
MGYG000004356,Gut,1682,14.032533,3.489498,0,11.072533,15.297366,1
MGYG000004357,Gut,1142,-3.982119,12.537853,2,-8.721483,-10.243545,0
MGYG000004358,Gut,1592,14.664763,6.8791823,0,11.456028,15.818208,1
MGYG000004359,Gut,2279,-6.010464,2.1233916,5,9.9379,-6.347198,7
MGYG000004360,Gut,1095,3.403355,5.03918,4,4.833169,4.3280416,-1
MGYG000004361,Gut,1072,-1.3781354,5.428812,5,-2.706894,5.853279,5
MGYG000004362,Gut,1429,-2.2274213,5.586542,5,2.8952022,-7.843024,8
MGYG000004363,Gut,1449,14.663181,7.7372894,0,11.541506,16.26186,1
MGYG000004364,Gut,1502,14.583158,7.594386,0,11.613491,16.147863,1
MGYG000004365,Gut,1810,4.3898215,5.1401625,4,-0.61053115,14.485074,3
MGYG000004366,Gut,1640,13.821057,3.847719,0,11.207249,15.798531,1
MGYG000004367,Gut,1709,14.4474945,4.240392,0,10.951212,15.172287,1
MGYG000004368,Gut,1582,14.423017,4.0444064,0,11.255014,15.871905,1
MGYG000004369,Gut,2535,-4.145611,7.3937283,5,11.1761875,-5.203982,7
MGYG000004370,Gut,1207,-2.4343715,8.153237,5,-12.307257,1.7357659,-1
MGYG000004371,Gut,1951,3.6540422,6.4126616,4,-0.85302687,17.046772,2
MGYG000004372,Gut,821,4.687162,4.0814066,4,5.426209,7.4397054,-1
MGYG000004373,Gut,1435,14.668093,7.2635922,0,11.572191,16.268541,1
MGYG000004374,Gut,1646,14.64466,5.760337,0,11.438458,15.305345,1
MGYG000004375,Gut,1815,-1.2148995,11.464316,3,16.115402,2.07424,4
MGYG000004376,Gut,2038,-1.6560913,1.3874395,5,4.4470496,-3.1235955,8
MGYG000004377,Gut,1425,4.1642404,5.2252893,4,-0.18105537,14.586045,3
MGYG000004378,Gut,1670,14.6189,5.2949586,0,11.022377,15.582061,1
MGYG000004379,Gut,953,-2.878165,13.453465,3,-2.5524926,-14.704108,0
MGYG000004380,Gut,2098,-5.6676774,2.2949004,5,11.561575,-5.7214518,7
MGYG000004381,Gut,2301,-4.18014,7.78064,5,11.650765,-5.403572,7
MGYG000004382,Gut,2355,-4.191776,7.7310624,5,11.529671,-5.632285,7
MGYG000004383,Gut,1542,14.703105,6.3477306,0,11.601162,15.999991,1
MGYG000004384,Gut,1876,-3.7555199,6.0797668,5,0.91843027,-4.690683,8
MGYG000004385,Gut,2160,-4.2627854,7.770718,5,11.544431,-5.4183326,7
MGYG000004386,Gut,1670,14.326569,3.8693993,0,11.093631,15.614486,1
MGYG000004387,Gut,1658,14.218629,4.372277,0,11.1599,15.597512,1
MGYG000004388,Gut,1723,-3.8228893,5.2750306,5,4.4551587,-2.3435807,8
MGYG000004389,Gut,871,-2.009413,13.329913,3,-2.7649693,-14.664517,0
MGYG000004390,Gut,2343,3.9669356,6.456675,4,-0.98797286,17.184937,2
MGYG000004391,Gut,472,-2.1493278,13.142135,3,-2.7102165,-14.826663,0
MGYG000004392,Gut,1523,-2.9183948,7.000713,5,1.32986,-3.360982,8
MGYG000004393,Gut,1065,-2.598568,13.174256,3,-2.471279,-14.850893,0
MGYG000004394,Gut,708,-2.2395515,8.646333,5,-5.526371,-9.225276,0
MGYG000004395,Gut,815,-2.9733174,13.478321,3,-2.6949675,-14.800639,0
MGYG000004396,Gut,1654,14.536899,5.3268094,0,11.166072,15.745492,1
MGYG000004397,Gut,1864,1.5976267,4.112811,4,-6.4963455,-1.5619007,5
MGYG000004398,Gut,1480,14.696567,7.1220226,0,11.692743,16.201002,1
MGYG000004399,Gut,1586,14.704551,6.722268,0,11.346577,15.972416,1
MGYG000004400,Gut,1273,-1.4213034,5.4725575,5,-2.606951,5.9140244,5
MGYG000004401,Gut,1005,-2.6248274,13.193308,3,-2.6982954,-15.0680275,0
MGYG000004402,Gut,2158,3.8811564,4.542692,4,1.3315225,14.083553,3
MGYG000004403,Gut,2289,-5.977952,2.2097933,5,11.406952,-5.547297,7
MGYG000004405,Gut,1152,-4.1810746,12.751197,2,-8.749283,-10.148995,0
MGYG000004406,Gut,445,-1.9076633,12.649237,3,-2.7391691,-14.894818,0
MGYG000004407,Gut,1607,14.698266,6.291124,0,11.19739,15.901828,1
MGYG000004408,Gut,1714,14.682109,6.360101,0,11.778474,14.827654,1
MGYG000004409,Gut,885,-2.9646049,13.524295,3,-2.590111,-14.6069765,0
MGYG000004410,Gut,1236,-3.652011,12.547222,2,5.382005,7.484355,-1
MGYG000004411,Gut,1232,-4.0932655,12.6903925,2,-8.720279,-10.286434,0
MGYG000004412,Gut,1641,-1.7812716,1.2142656,5,4.4514017,-3.1555915,8
MGYG000004413,Gut,1625,-3.4957576,5.9662294,5,1.565076,-3.5715284,8
MGYG000004414,Gut,2079,-5.7710137,2.3244646,5,11.283003,-5.5097814,7
MGYG000004415,Gut,1706,14.60952,5.8799686,0,10.774352,15.1143,1
MGYG000004416,Gut,1268,-2.171741,8.543046,5,-12.305856,1.7120793,-1
MGYG000004417,Gut,1063,-2.3182003,13.063066,3,-2.6994672,-15.073095,0
MGYG000004418,Gut,751,1.2481254,7.1909633,4,-2.7222564,5.824596,5
MGYG000004419,Gut,1465,6.477988,3.0714798,1,12.481206,12.95614,1
MGYG000004420,Gut,1450,-2.3250766,8.217503,5,-12.267363,1.7081863,-1
MGYG000004421,Gut,1644,14.698323,6.5225773,0,11.057926,15.77835,1
MGYG000004422,Gut,1686,14.47763,5.464253,0,10.900415,15.331666,1
MGYG000004423,Gut,848,-2.2927306,12.873923,3,4.488227,4.6675525,-1
MGYG000004424,Gut,1575,6.4616933,3.2143652,1,12.42631,13.002375,1
MGYG000004425,Gut,1183,-1.1626759,12.03052,3,4.7423425,4.4175305,-1
MGYG000004426,Gut,590,-2.1554313,8.234532,5,-5.496737,-9.199899,0
MGYG000004427,Gut,1060,-4.1552515,12.656261,2,-8.455921,-10.127386,0
MGYG000004428,Gut,1854,4.228004,5.2592697,4,-0.41952902,14.585105,3
MGYG000004429,Gut,1864,-3.0311508,7.233649,5,6.177386,-3.2935588,8
MGYG000004430,Gut,2819,3.848802,4.9976296,4,-1.0058311,14.305832,3
MGYG000004431,Gut,3033,-5.500902,1.5803626,5,10.900276,-5.182793,7
MGYG000004432,Gut,1979,4.209042,5.4966674,4,-0.52535886,14.491295,3
MGYG000004433,Gut,2372,-0.32675484,2.2556043,5,-3.5853245,0.71880764,5
MGYG000004434,Gut,1212,-1.2878422,6.4980807,5,3.4718294,-7.368337,8
MGYG000004435,Gut,1336,-2.222788,5.161982,5,2.969112,-7.7445927,8
MGYG000004436,Gut,985,-1.9968505,3.259532,5,2.3795643,-5.6515484,8
MGYG000004437,Gut,1005,-2.6235406,8.357174,5,-5.9912066,-9.477818,0
MGYG000004438,Gut,1834,-1.9899402,1.0020214,5,4.191714,-3.6544344,8
MGYG000004439,Gut,1755,-3.1265724,6.265799,5,1.5773127,-5.8738575,8
MGYG000004440,Gut,1263,-2.6101243,13.189186,3,4.6993127,4.459143,-1
MGYG000004442,Gut,1313,14.679511,7.65551,0,11.768393,16.279306,1
MGYG000004443,Gut,1902,1.5365183,5.1199765,4,-0.81775934,14.663226,3
MGYG000004444,Gut,1307,-1.4490983,5.5047045,5,-2.5816786,5.941354,5
MGYG000004445,Gut,1506,-2.3054202,4.7448936,5,2.8405046,-7.9402924,8
MGYG000004446,Gut,898,-3.9279387,12.273758,2,-8.409527,-10.136844,0
MGYG000004447,Gut,931,-2.6227145,13.239827,3,-2.4246125,-14.730829,0
MGYG000004449,Gut,1164,-3.6799994,11.869349,2,-8.694118,-10.199749,0
MGYG000004450,Gut,1694,14.001578,3.4953103,0,10.9772625,15.234589,1
MGYG000004451,Gut,1191,-1.7674414,12.565737,3,4.525925,4.629933,-1
MGYG000004452,Gut,981,-3.6255076,12.078605,2,-8.475479,-10.120369,0
MGYG000004453,Gut,1100,-4.058182,12.684926,2,-8.717456,-10.250773,0
MGYG000004454,Gut,2096,5.7985635,3.347286,1,-7.9729967,7.9965386,6
MGYG000004455,Gut,1113,-1.9883859,13.057549,3,-2.6306674,-15.216961,0
MGYG000004456,Gut,2543,3.227848,6.8693924,4,-1.1011313,17.41288,2
MGYG000004457,Gut,1968,4.0564933,5.265741,4,-0.803523,14.343163,3
MGYG000004458,Gut,1235,-3.9602585,12.529105,2,-8.850877,-10.193122,0
MGYG000004459,Gut,972,-2.380909,8.794478,5,-12.331147,1.6697164,-1
MGYG000004460,Gut,1493,-2.107218,12.749769,3,4.500525,4.6552906,-1
MGYG000004461,Gut,3143,-0.49071836,3.9711964,5,-16.51635,10.109338,-1
MGYG000004462,Gut,1672,4.1577897,5.8892856,4,-1.0813674,17.013031,2
MGYG000004463,Gut,2197,-1.6219301,1.338242,5,4.412867,-3.1025493,8
MGYG000004464,Gut,1885,3.8475802,5.872589,4,-0.78893834,14.728453,3
MGYG000004465,Gut,1762,4.022867,4.448656,4,1.107821,13.999734,3
MGYG000004466,Gut,1767,14.473412,5.0478935,0,10.893954,14.613422,1
MGYG000004467,Gut,1712,14.369503,4.617846,0,10.974722,15.155183,1
MGYG000004468,Gut,1773,2.5165863,5.5465956,4,1.1720854,13.391703,3
MGYG000004469,Gut,1748,2.5641766,5.4819593,4,1.190705,13.38506,3
MGYG000004470,Gut,1463,-2.7677653,5.9424057,5,2.1414878,-6.029,8
MGYG000004471,Gut,1734,-3.5602412,7.400354,5,0.9590371,-4.7316036,8
MGYG000004472,Gut,1800,-2.3791018,4.4643574,5,2.6463845,-5.950902,8
MGYG000004473,Gut,1389,-2.3868377,8.482561,5,-12.306231,1.7127862,-1
MGYG000004474,Gut,2040,3.0828872,6.3804817,4,-0.7098891,14.728968,3
MGYG000004475,Gut,1509,-1.6388113,1.4024395,5,4.465311,-3.2042434,8
MGYG000004476,Gut,1309,-2.4132063,5.5811486,5,3.021519,-7.6790667,8
MGYG000004477,Gut,936,-3.7807271,12.329917,2,-8.425991,-10.159075,0
MGYG000004478,Gut,1673,-1.3619365,5.345496,5,-2.3926692,5.9129167,5
MGYG000004479,Gut,2934,2.1930199,4.433792,4,-2.4220746,16.298075,2
MGYG000004480,Gut,1709,13.667129,3.6653388,0,11.272334,15.143105,1
MGYG000004481,Gut,1703,-4.0015764,7.2715793,5,7.564091,-3.1900609,8
MGYG000004482,Gut,1630,-1.5347391,3.6694288,5,4.6646175,-3.30547,8
MGYG000004483,Gut,2118,4.139531,5.502426,4,-0.67579716,14.549493,3
MGYG000004484,Gut,1488,-1.4877164,5.140496,5,-2.3485336,5.9097857,5
MGYG000004485,Gut,1485,-1.5714594,5.0377755,5,-2.3677988,5.9115767,5
MGYG000004486,Gut,1746,-3.750925,5.3523326,5,4.518842,-2.3778236,8
MGYG000004487,Gut,1848,-1.6362491,1.413592,5,4.3924994,-3.0951786,8
MGYG000004488,Gut,1362,-2.593329,13.17892,3,4.721155,4.4373646,-1
MGYG000004489,Gut,1906,-1.5139781,3.692304,5,4.653215,-3.3111749,8
MGYG000004490,Gut,2449,3.8655548,5.7252307,4,-0.9992683,14.408774,3
MGYG000004491,Gut,2184,3.954561,6.4081345,4,-1.1019156,17.180681,2
MGYG000004492,Gut,1082,-2.3873854,4.8013015,5,-12.026837,1.9647361,-1
MGYG000004493,Gut,2197,-2.9804485,7.9073935,5,4.8207655,1.5001805,-1
MGYG000004494,Gut,1120,-4.073689,12.691663,2,-8.686702,-10.188982,0
MGYG000004495,Gut,2135,3.5581756,4.880096,4,-0.9270971,17.276814,2
MGYG000004496,Gut,972,-2.5976086,7.9629946,5,-5.9906187,-9.474279,0
MGYG000004497,Gut,1419,14.677853,8.069595,0,11.7489,16.200485,1
MGYG000004498,Gut,1225,-1.7613666,12.33755,3,4.731007,4.429183,-1
MGYG000004499,Gut,2853,-0.43518737,3.962736,5,-16.538345,10.132839,-1
MGYG000004501,Gut,1674,-1.8187222,4.5305834,5,-16.874475,10.507744,-1
MGYG000004502,Gut,1018,-2.0340164,13.107644,3,-2.5775077,-15.18919,0
MGYG000004503,Gut,1534,-2.4657457,4.1284175,5,2.6704454,-6.0192184,8
MGYG000004504,Gut,1016,14.636409,7.8121324,0,11.864258,15.97861,1
MGYG000004505,Gut,1443,14.66001,7.732829,0,11.495741,16.051943,1
MGYG000004506,Gut,1562,14.688393,6.399969,0,11.734217,16.110376,1
MGYG000004507,Gut,957,-2.7000191,13.32425,3,-2.3786974,-14.776693,0
MGYG000004508,Gut,724,-1.806466,12.986178,3,-2.7115278,-14.70494,0
MGYG000004509,Gut,1045,-1.969727,12.528192,3,-2.6085289,-15.090332,0
MGYG000004510,Gut,2274,3.6852558,6.443167,4,-1.0070285,17.408945,2
MGYG000004512,Gut,698,-2.1997526,8.731313,5,-5.5225315,-9.213685,0
MGYG000004513,Gut,2962,-0.41203183,3.97815,5,-16.536999,10.130886,-1
MGYG000004514,Gut,1538,14.704871,6.52367,0,11.744345,16.256119,1
MGYG000004515,Gut,1134,-4.075544,12.683008,2,-8.694749,-10.246574,0
MGYG000004516,Gut,1057,-4.6745987,12.215702,2,12.788212,3.466951,4
MGYG000004517,Gut,1735,-1.7078617,12.900212,3,0.9879472,-4.67901,8
MGYG000004518,Gut,1233,-2.432563,8.843856,5,-12.336141,1.7035651,-1
MGYG000004519,Gut,1760,-1.3774174,11.544917,3,9.945289,-6.0634766,7
MGYG000004520,Gut,1828,-3.089298,6.9880366,5,1.7098272,-4.6841173,8
MGYG000004521,Gut,1652,-1.4062724,5.3616843,5,-2.3586636,5.939803,5
MGYG000004522,Gut,1675,14.153097,4.409304,0,11.368905,15.370669,1
MGYG000004523,Gut,1364,6.988891,2.7571905,1,12.421372,12.931992,1
MGYG000004525,Gut,2254,-1.6340916,1.3471487,5,4.4202795,-3.0888379,8
MGYG000004526,Gut,1717,-1.0887128,3.3884382,5,4.4997354,-2.3380163,8
MGYG000004527,Gut,914,-2.6910374,13.314433,3,-2.7352855,-15.106515,0
MGYG000004528,Gut,971,-1.9638379,7.2144895,5,3.3621442,-7.3035684,8
MGYG000004529,Gut,1263,-2.152494,8.51757,5,-12.310308,1.7071333,-1
MGYG000004530,Gut,1011,-2.9639373,13.508874,3,-2.7088192,-15.079734,0
MGYG000004531,Gut,1125,-2.8498862,5.790443,5,2.0732827,-6.0549293,8
MGYG000004532,Gut,1523,6.6023803,3.1511755,1,-16.891096,10.528735,-1
MGYG000004533,Gut,1311,-1.4026265,5.4741654,5,-2.6136093,5.9060116,5
MGYG000004534,Gut,1092,-3.586593,11.622832,2,-8.491844,-10.16277,0
MGYG000004535,Gut,1254,-2.2732809,5.4742093,5,2.994696,-7.7111483,8
MGYG000004536,Gut,1786,4.294222,3.307336,4,1.2584615,13.33595,3
MGYG000004537,Gut,1069,-1.3874658,5.3822308,5,-2.719874,5.818774,5
MGYG000004538,Gut,1311,-1.7231104,12.036567,3,4.5136743,4.6407294,-1
MGYG000004539,Gut,936,-3.9312892,12.321017,2,-8.520219,-10.181605,0
MGYG000004540,Gut,1358,-3.7956343,12.267903,2,-8.754492,-10.282247,0
MGYG000004541,Gut,3333,-0.40904176,11.638514,3,10.378615,5.8411045,4
MGYG000004542,Gut,1736,14.393713,3.7570903,0,10.960706,14.759451,1
MGYG000004543,Gut,1128,-2.7257583,5.892346,5,2.1944602,-6.2011104,8
MGYG000004544,Gut,1950,4.556894,3.3160567,4,1.3025742,13.286988,3
MGYG000004545,Gut,1050,-1.804316,12.534788,3,4.7995987,4.3618097,-1
MGYG000004546,Gut,813,-1.8822345,12.896884,3,-2.37612,-14.743059,0
MGYG000004547,Gut,2033,-2.5300372,8.587362,5,6.2015467,-3.300114,8
MGYG000004548,Gut,2107,-5.8847103,2.3004272,5,11.196325,-5.4637704,7
MGYG000004549,Gut,1555,14.663938,7.314276,0,11.600636,16.187065,1
MGYG000004550,Gut,1671,14.389238,4.7980294,0,11.004582,15.426024,1
MGYG000004551,Gut,1621,-2.9021263,5.3098645,5,3.9536476,-4.211947,8
MGYG000004552,Gut,2308,-3.7031107,2.2593794,5,9.972435,-5.992073,7
MGYG000004553,Gut,1697,14.237238,4.1045866,0,10.896621,15.233226,1
MGYG000004554,Gut,1281,6.550597,3.3164918,1,13.171977,-14.189548,-1
MGYG000004555,Gut,1528,-3.2832615,6.627318,5,1.7112017,-4.753315,8
MGYG000004556,Gut,2350,-2.3477728,2.4095776,5,6.7902927,-3.212379,8
MGYG000004557,Gut,2211,1.3215874,1.7693385,-1,4.8537335,-2.332856,8
MGYG000004558,Gut,3222,-4.457003,2.4507766,5,9.360647,-6.3883085,7
MGYG000004559,Gut,1721,3.9986959,4.420971,4,1.0845053,13.999058,3
MGYG000004560,Gut,2068,-2.7602131,5.926316,5,2.0374424,-5.787983,8
MGYG000004561,Gut,2108,3.8040447,6.51913,4,-0.99802816,17.132788,2
MGYG000004562,Gut,1646,-1.8300539,12.660297,3,13.481875,3.886658,4
MGYG000004563,Gut,1499,-2.0057342,13.271022,3,5.39086,7.4759297,-1
MGYG000004564,Gut,2078,-3.7713127,5.160561,5,-6.484047,-1.9009625,5
MGYG000004565,Gut,1460,-3.7870235,10.811388,2,8.528894,-2.687163,8
MGYG000004566,Gut,1117,6.5124383,2.0898492,1,-6.501555,2.7606292,5
MGYG000004567,Gut,1564,6.950043,2.7529602,1,12.418179,12.940276,1
MGYG000004568,Gut,551,0.54036933,8.178344,-1,-5.7644796,-8.595803,0
MGYG000004569,Gut,1671,3.0075476,6.0876656,4,0.16756763,14.679586,3
MGYG000004570,Gut,1933,-2.9806082,7.846639,5,4.821484,1.5023595,-1
MGYG000004571,Gut,1689,3.1678352,6.3557863,4,-0.7738537,16.48783,2
MGYG000004572,Gut,1837,-3.6348803,1.7041076,5,9.573392,-6.4141192,7
MGYG000004573,Gut,1845,3.5950613,6.2066526,4,0.51586926,14.469923,3
MGYG000004574,Gut,883,4.6549425,4.0873213,4,5.4239473,7.4413385,-1
MGYG000004575,Gut,1981,1.3102176,1.7702316,-1,4.864822,-2.336422,8
MGYG000004576,Gut,1105,-1.783219,3.9815805,5,3.3116975,-7.164878,8
MGYG000004577,Gut,1096,6.978546,2.763071,1,12.420449,12.904917,1
MGYG000004578,Gut,1192,-2.6241684,5.3556194,5,3.0551236,-7.611168,8
MGYG000004581,Gut,2314,-5.479123,1.8598946,5,9.926476,-5.9408164,7
MGYG000004582,Gut,2311,-4.2833643,2.681127,5,9.085512,-4.836414,7
MGYG000004583,Gut,1702,14.695639,6.190757,0,11.254382,15.087722,1
MGYG000004584,Gut,1639,6.571809,3.356588,1,12.3236885,13.099079,1
MGYG000004585,Gut,1818,-3.307997,8.476029,5,5.3686213,7.4994836,-1
MGYG000004586,Gut,2051,-5.0925136,2.3713481,5,0.90257215,-4.697277,8
MGYG000004587,Gut,2127,-3.612036,5.919485,5,1.2952935,-4.975182,8
MGYG000004588,Gut,2463,3.6704037,6.427718,4,-1.0064776,17.423843,2
MGYG000004589,Gut,1930,-4.339046,2.691377,5,9.69108,-5.291619,7
MGYG000004590,Gut,1634,14.63628,5.616886,0,11.1846,15.863845,1
MGYG000004591,Gut,1638,-1.2924218,11.497601,3,16.037977,2.1370692,4
MGYG000004592,Gut,1425,6.284965,3.5187466,1,13.256387,-14.103071,-1
MGYG000004593,Gut,2218,-5.9880557,1.8735757,5,11.229419,-5.469023,7
MGYG000004594,Gut,1125,-3.8322194,12.105679,2,-8.632173,-10.204423,0
MGYG000004595,Gut,923,2.2873273,7.0726466,4,13.451453,-13.899775,-1
MGYG000004596,Gut,1638,3.6202917,4.957702,4,-0.7504161,16.450462,2
MGYG000004597,Gut,1679,14.610018,5.6252007,0,11.31102,15.246639,1
MGYG000004598,Gut,1594,-3.545661,7.487109,5,0.9794214,-4.662622,8
MGYG000004599,Gut,2633,1.9419982,4.641077,4,-2.449924,16.282326,2
MGYG000004600,Gut,1548,-1.6765805,12.776043,3,4.5658016,4.5909185,-1
MGYG000004601,Gut,1011,-3.0238693,13.562717,3,-2.6881537,-15.111135,0
MGYG000004602,Gut,1613,14.060238,4.3058443,0,11.360376,15.956622,1
MGYG000004603,Gut,1700,1.1793501,11.154547,3,13.339946,3.8830845,4
MGYG000004604,Gut,1635,-3.4145515,2.1125116,5,9.112917,-4.8474145,7
MGYG000004605,Gut,1942,4.314406,5.4562297,4,-0.53303546,14.428565,3
MGYG000004606,Gut,802,-2.4185798,9.270929,5,4.8118114,4.3456078,-1
MGYG000004607,Gut,1764,14.077404,3.371154,0,10.903384,14.552586,1
MGYG000004608,Gut,1679,14.079392,3.3887308,0,11.26285,15.275388,1
MGYG000004609,Gut,1987,-4.417083,2.0543363,5,9.581991,-6.4856873,7
MGYG000004610,Gut,1970,-1.0414609,11.352606,3,16.154629,2.0350294,4
MGYG000004611,Gut,1664,-3.420773,1.3261113,5,-6.5488677,-2.1321626,5
MGYG000004612,Gut,2151,-3.4234862,6.87573,5,0.69014937,-4.8890862,8
MGYG000004613,Gut,1454,-2.4885197,7.973293,5,-12.282067,1.6593485,-1
MGYG000004614,Gut,1181,2.22124,7.127162,4,13.442488,-13.90798,-1
MGYG000004615,Gut,1113,-1.8565311,4.2207093,5,3.344864,-7.176366,8
MGYG000004616,Gut,1908,-2.1603281,-0.0013204181,5,2.7354438,-4.738888,8
MGYG000004617,Gut,1863,6.9590154,2.787476,1,12.393801,12.948849,1
MGYG000004618,Gut,2469,-1.8334787,2.570899,5,5.1283445,-4.1379523,8
MGYG000004619,Gut,1702,13.958575,3.563055,0,10.913008,15.261425,1
MGYG000004620,Gut,655,-1.7343868,12.806556,3,-2.474683,-14.813136,0
MGYG000004621,Gut,2049,3.7768013,6.2678604,4,-0.9157435,17.197035,2
MGYG000004622,Gut,1796,3.9532142,6.430288,4,-0.92856896,17.02119,2
MGYG000004623,Gut,2702,-5.3313494,1.4861887,5,9.665706,-5.791052,7
MGYG000004624,Gut,1396,-3.6405168,5.323153,5,2.4858382,-6.053154,8
MGYG000004625,Gut,1747,13.888259,3.5371838,0,11.222469,14.708445,1
MGYG000004626,Gut,1507,1.2423977,7.2080283,4,-8.395017,7.7790666,6
MGYG000004627,Gut,2054,2.78052,6.147075,4,-0.7301651,17.015163,2
MGYG000004628,Gut,2587,-2.116849,0.15935364,5,5.3088326,-3.4611917,8
MGYG000004629,Gut,1771,2.806867,6.2082725,4,-0.65338343,16.900816,2
MGYG000004630,Gut,2614,-3.6723757,1.7838275,5,9.69645,-5.9919963,7
MGYG000004631,Gut,1435,-4.225802,1.5001346,5,7.8140283,-3.0153801,8
MGYG000004632,Gut,2074,3.4873238,6.4486113,4,-0.9356359,17.032198,2
MGYG000004633,Gut,2563,-1.6555923,12.468351,3,16.351448,1.8506278,4
MGYG000004634,Gut,1671,-3.5724685,7.879166,5,6.1803,-3.2899327,8
MGYG000004635,Gut,1291,6.415087,3.3449366,1,13.30352,-14.055794,-1
MGYG000004636,Gut,1719,4.2852902,5.112094,4,-0.51735264,14.48733,3
MGYG000004637,Gut,1239,1.042603,6.7345257,4,-8.307216,7.8539715,6
MGYG000004638,Gut,1262,2.2076385,7.119186,4,-0.628579,16.446083,2
MGYG000004639,Gut,1384,-1.4493145,5.539452,5,-2.575013,5.9449186,5
MGYG000004640,Gut,1876,4.1906962,6.0938997,4,-1.1566553,17.057138,2
MGYG000004642,Gut,1802,-3.4890382,6.381241,5,6.0132093,-3.3216197,8
MGYG000004643,Gut,1610,-2.9367342,6.7575293,5,1.3350456,-3.3503876,8
MGYG000004644,Gut,1896,-1.4187043,1.2381977,5,3.6756432,-3.9091654,8
MGYG000004645,Gut,1695,-2.669968,4.481499,5,2.4690478,-5.8118505,8
MGYG000004646,Gut,1254,-2.6433985,2.3576157,5,2.3561263,-5.319734,8
MGYG000004647,Gut,1746,1.9697275,7.234403,4,-7.9963956,8.011922,6
MGYG000004648,Gut,912,-2.6048276,7.349848,5,-2.68269,5.8612247,5
MGYG000004649,Gut,2040,-0.23895296,2.2925391,5,-3.5606303,0.7429887,5
MGYG000004650,Gut,2229,2.1798368,4.9010544,4,-3.1630015,16.681772,2
MGYG000004651,Gut,1867,13.513907,3.0181255,0,11.097389,14.289842,1
MGYG000004652,Gut,1613,1.1826578,9.784396,3,13.577928,5.169094,4
MGYG000004653,Gut,999,6.505445,2.9949198,1,12.458075,12.972199,1
MGYG000004654,Gut,1576,6.3269496,3.4819658,1,13.151817,-14.211802,-1
MGYG000004655,Gut,2162,4.1389937,5.4827847,4,-0.8224632,14.43688,3
MGYG000004656,Gut,1304,14.568063,8.180291,0,11.707503,16.018396,1
MGYG000004657,Gut,997,-3.6761281,12.140484,2,-8.419824,-10.190223,0
MGYG000004658,Gut,2747,4.0210924,3.2011333,4,1.3811828,13.12718,3
MGYG000004659,Gut,1798,-0.22600149,2.3086488,5,-3.5568972,0.7471766,5
MGYG000004660,Gut,1600,-6.109434,2.0158257,5,9.3216715,-5.122834,7
MGYG000004661,Gut,1191,0.7584082,14.259206,-1,-7.0278926,-0.93322325,5
MGYG000004662,Gut,1558,14.709948,7.844262,0,11.656094,16.198832,1
MGYG000004663,Gut,2004,-1.9021101,2.505662,5,5.200405,-3.9114866,8
MGYG000004664,Gut,1859,6.561043,2.8263216,1,12.315559,13.022491,1
MGYG000004665,Gut,1725,1.1876594,9.775391,3,13.638235,5.257858,4
MGYG000004666,Gut,1829,13.338908,3.0810466,0,11.563601,14.085071,1
MGYG000004667,Gut,5325,-4.2190304,11.687975,2,10.5032625,-3.3575387,8
MGYG000004668,Gut,1127,1.2891608,9.634967,3,13.670601,5.267575,4
MGYG000004669,Gut,616,-2.5298457,13.118723,3,-2.7323954,-14.949205,0
MGYG000004670,Gut,1576,-0.40145883,2.218947,5,-3.575636,0.7279012,5
MGYG000004671,Gut,1577,-2.0713992,2.392816,5,3.0749092,-5.6378417,8
MGYG000004672,Gut,1699,-3.8422034,5.1922746,5,4.4530315,-2.3825982,8
MGYG000004673,Gut,1695,0.6745991,14.168692,-1,-7.0420175,-0.944996,5
MGYG000004674,Gut,626,-1.4015113,5.5250535,5,-2.6175678,5.921847,5
MGYG000004675,Gut,1377,0.7588868,10.262734,3,4.8001194,4.3546963,-1
MGYG000004676,Gut,1368,2.23462,4.460238,4,-2.1498823,16.386997,2
MGYG000004677,Gut,2291,-3.7533412,1.6689664,5,9.065396,-4.9028916,7
MGYG000004678,Gut,1645,-2.3492737,9.394242,5,8.661436,-2.1153493,8
MGYG000004679,Gut,795,-1.199729,1.0780132,5,5.5281863,-5.281084,8
MGYG000004680,Gut,3173,-4.2820096,1.2667731,5,9.1599245,-5.0778666,7
MGYG000004681,Gut,1664,14.495453,5.488509,0,11.139505,15.486188,1
MGYG000004682,Gut,1029,14.588512,7.685344,0,11.950907,15.759437,1
MGYG000004683,Gut,1896,-2.286528,0.24488658,5,4.7847886,-3.278064,8
MGYG000004684,Gut,807,14.689008,8.095195,0,11.610182,16.293762,1
MGYG000004685,Gut,991,-3.8385172,12.289388,2,-8.386427,-10.139489,0
MGYG000004686,Gut,2329,-1.9905797,0.9389856,5,5.1744647,-2.915827,8
MGYG000004687,Gut,1871,3.4519582,-2.655116,-1,-9.09534,8.742261,6
MGYG000004688,Gut,1990,4.2189517,5.458068,4,-0.72026527,14.465758,3
MGYG000004689,Gut,2117,-5.797222,2.0996485,5,9.652773,-6.3975854,7
MGYG000004690,Gut,1514,-3.1660411,6.9744997,5,1.3207554,-3.338333,8
MGYG000004691,Gut,2159,-4.5142198,2.5881314,5,9.15527,-4.93194,7
MGYG000004692,Gut,1962,13.289617,3.020003,0,11.682596,14.020692,1
MGYG000004693,Gut,1559,-6.0535007,1.8279945,5,9.950664,-5.934617,7
MGYG000004694,Gut,1958,5.96688,3.2411702,1,-7.934717,8.06426,6
MGYG000004695,Gut,1485,14.682182,7.8682375,0,11.614757,16.170914,1
MGYG000004696,Gut,1803,13.884244,3.3833592,0,10.950621,14.466105,1
MGYG000004697,Gut,2183,-5.816727,2.358696,5,11.569686,-5.763217,7
MGYG000004698,Gut,2456,4.2808175,6.2536736,4,-1.2392402,17.156849,2
MGYG000004699,Gut,3277,-4.445901,11.986627,2,10.483005,-3.2943127,8
MGYG000004700,Gut,1648,-1.2348913,1.0372252,5,5.192175,-5.022342,8
MGYG000004701,Gut,1907,-0.4336093,2.2015305,5,-3.6047783,0.6989061,5
MGYG000004702,Gut,1419,-1.3361855,3.180304,5,3.8781166,-3.1644304,8
MGYG000004703,Gut,1793,4.0047174,5.9897037,4,-0.88774043,16.847452,2
MGYG000004704,Gut,1374,6.1459866,3.022609,1,-8.083744,7.981972,6
MGYG000004705,Gut,1770,4.039101,5.333481,4,-0.22672558,14.483314,3
MGYG000004706,Gut,2030,7.0109053,2.8443627,1,12.388392,12.958724,1
MGYG000004707,Gut,1549,-3.3579252,6.233302,5,1.5348094,-5.452522,8
MGYG000004708,Gut,1280,-3.6258662,6.0776095,5,-1.0224284,16.976381,2
MGYG000004709,Gut,1635,-1.3577621,3.2961395,5,2.519192,-5.7355933,8
MGYG000004710,Gut,809,14.583342,8.185402,0,11.865114,15.9132395,1
MGYG000004711,Gut,2749,1.3956472,5.071018,4,-3.0312865,16.527586,2
MGYG000004712,Gut,1635,-5.6679993,1.4949113,5,9.776182,-5.701062,7
MGYG000004713,Gut,781,2.124623,4.7601852,4,7.848275,-2.9785283,8
MGYG000004714,Gut,2339,-4.138833,11.305128,2,10.441536,-3.151977,8
MGYG000004715,Gut,1868,-4.3521056,2.666168,5,7.6621084,-3.1226983,8
MGYG000004716,Gut,1516,2.2997339,7.1114683,4,12.467224,12.898089,1
MGYG000004717,Gut,1812,-1.5932653,12.423481,3,-6.329725,-1.4553025,5
MGYG000004718,Gut,1667,-1.974154,8.313717,5,6.0308175,-3.296647,8
MGYG000004719,Gut,1996,-5.269867,2.1081696,5,10.924604,-5.4631886,7
MGYG000004720,Gut,1746,4.321303,5.3295164,4,-0.31265253,14.574204,3
MGYG000004721,Gut,1734,3.4709544,6.492516,4,-0.9583594,17.033813,2
MGYG000004722,Gut,1327,-2.1033242,4.5721045,5,2.5837607,-6.323116,8
MGYG000004723,Gut,1963,-1.9724987,0.20766954,5,2.762739,-4.7392955,8
MGYG000004724,Gut,1512,2.2692294,7.086986,4,13.394077,-13.95738,-1
MGYG000004725,Gut,1713,-2.2551665,0.19799961,5,4.9280615,-3.3161216,8
MGYG000004726,Gut,3410,-2.3883502,0.31350663,5,5.401942,-3.5673923,8
MGYG000004727,Gut,1772,-2.0387008,1.8796555,5,2.6858845,-4.7257137,8
MGYG000004728,Gut,1305,6.2820187,3.7504263,1,13.466482,-13.883866,-1
MGYG000004729,Gut,1768,-4.363874,2.6692452,5,7.7074814,-3.0810385,8
MGYG000004730,Gut,2344,-0.16507922,11.631236,3,10.368905,5.838844,4
MGYG000004731,Gut,1310,5.791154,2.5602458,1,-7.7002077,2.9953835,5
MGYG000004732,Gut,2336,-1.2460421,1.0567945,5,5.118283,-4.988795,8
MGYG000004733,Gut,3134,-5.868274,1.6081685,5,9.495837,-5.9041567,7
MGYG000004734,Gut,1623,-1.8439962,4.043179,5,2.8342905,-7.900689,8
MGYG000004735,Gut,2765,-4.5285654,2.5694518,5,9.557736,-5.8631988,7
MGYG000004736,Gut,1837,-2.1476297,0.026970485,5,5.112958,-3.1830177,8
MGYG000004737,Gut,1929,6.942234,2.6618414,1,12.439087,12.911345,1
MGYG000004738,Gut,1842,5.747809,3.4274192,1,-7.9810395,8.033952,6
MGYG000004739,Gut,2147,6.703004,2.2217085,1,-6.262848,2.8046715,5
MGYG000004740,Gut,2071,-6.0294266,1.8593506,5,9.8549385,-6.235709,7
MGYG000004741,Gut,755,-1.8246506,12.624592,3,-2.6124325,-15.189864,0
MGYG000004742,Gut,1432,-4.292859,10.889431,2,11.843958,2.5439086,4
MGYG000004743,Gut,598,-1.5919765,12.470559,3,-2.7829843,-14.881293,0
MGYG000004744,Gut,1796,-1.6509165,12.4889345,3,-6.3528314,-1.4429209,5
MGYG000004745,Gut,1044,-1.5429841,2.9429226,5,3.8309228,-3.2200637,8
MGYG000004746,Gut,1767,13.866184,3.2926261,0,10.906435,14.541872,1
MGYG000004747,Gut,2517,-5.2105613,1.532177,5,9.583558,-5.845359,7
MGYG000004748,Gut,3530,2.0782416,4.9155283,4,-2.82886,15.900651,2
MGYG000004749,Gut,1017,-0.36501625,4.9092116,5,-8.298653,8.201949,6
MGYG000004750,Gut,1394,-0.2464527,2.2923057,5,-3.5347774,0.7688379,5
MGYG000004751,Gut,1510,1.3122556,7.233541,4,-8.399959,7.7789,6
MGYG000004752,Gut,1618,-3.9568791,2.4842906,5,11.006146,-5.3635263,7
MGYG000004753,Gut,947,-1.9356761,13.158699,3,-2.685994,-14.755117,0
MGYG000004754,Gut,3616,-3.1029632,8.22195,5,-2.5668333,15.794163,2
MGYG000004755,Gut,1642,6.938002,2.7270505,1,12.439227,12.9067545,1
MGYG000004756,Gut,1791,3.957355,3.2266011,4,1.257794,13.310727,3
MGYG000004757,Gut,1756,3.8792024,5.6157966,4,-0.7789183,16.48147,2
MGYG000004758,Gut,1969,3.9012353,6.609303,4,-0.9592335,17.203527,2
MGYG000004759,Gut,1797,2.1310499,4.4511375,4,-1.0693549,16.474428,2
MGYG000004760,Gut,1389,-1.5256847,2.87425,5,2.3575263,-5.7911787,8
MGYG000004761,Gut,1766,14.698961,6.645799,0,10.993371,14.6911955,1
MGYG000004762,Gut,2539,-3.8144116,1.9883999,5,9.857101,-5.585753,7
MGYG000004763,Gut,2595,2.7288728,4.739901,4,-2.3716972,16.482174,2
MGYG000004764,Gut,2061,-4.303432,2.7248015,5,9.702484,-5.434158,7
MGYG000004765,Gut,1802,13.698459,3.1227014,0,10.988274,14.362819,1
MGYG000004766,Gut,1701,14.560959,7.951516,0,10.803053,15.083776,1
MGYG000004767,Gut,1171,1.2210819,9.267644,3,13.780311,5.3773527,4
MGYG000004768,Gut,845,3.8575137,3.3626542,4,1.1795182,13.511261,3
MGYG000004769,Gut,2123,-2.1234403,6.6150045,5,-6.6892066,-2.301364,5
MGYG000004770,Gut,1795,1.2610906,11.079079,3,13.46399,4.0853524,4
MGYG000004771,Gut,611,-3.8817732,12.262709,2,-8.444986,-10.176367,0
MGYG000004772,Gut,1371,14.587745,8.15414,0,11.885118,15.913872,1
MGYG000004773,Gut,1994,6.791333,2.9653983,1,-8.961729,8.308099,6
MGYG000004774,Gut,2436,-4.4978695,1.4473076,5,9.232149,-5.1043134,7
MGYG000004775,Gut,2392,-2.6165998,2.2001457,5,2.8765447,-4.8560023,8
MGYG000004776,Gut,872,-1.7259991,12.514677,3,-2.5292287,-14.907587,0
MGYG000004777,Gut,1774,13.458737,3.009663,0,11.009269,14.397707,1
MGYG000004778,Gut,905,-2.7611907,2.666073,5,3.115226,-6.9225698,8
MGYG000004779,Gut,2113,-1.9941099,2.1194453,5,2.34741,-4.93376,8
MGYG000004780,Gut,1958,-1.3029833,5.419866,5,-8.97573,8.871003,6
MGYG000004781,Gut,2949,-1.4415418,11.562876,3,9.652289,-5.4461613,7
MGYG000004782,Gut,1061,0.7525473,14.252521,-1,-7.0217133,-0.99952155,5
MGYG000004783,Gut,1843,-3.3724382,6.1709723,5,1.97865,-5.7107463,8
MGYG000004784,Gut,1682,-2.094793,0.5619783,5,4.8544197,-3.2012556,8
MGYG000004785,Gut,2181,-5.649463,1.4463792,5,9.625747,-5.743345,7
MGYG000004786,Gut,2201,-1.5496361,2.2822313,5,3.6127295,-4.879336,8
MGYG000004787,Gut,1833,-1.608898,2.4403424,5,4.1342716,-3.7540765,8
MGYG000004788,Gut,2218,1.095809,10.087466,3,13.384117,5.2721176,4
MGYG000004789,Gut,1832,1.1937937,10.826611,3,13.599834,4.070404,4
MGYG000004790,Gut,1346,4.2581925,4.685416,4,1.2317613,13.985106,3
MGYG000004791,Gut,2510,-1.2398028,1.5836147,5,4.9766345,-4.8653455,8
MGYG000004792,Gut,1757,1.2968224,9.578466,3,13.659185,5.242176,4
MGYG000004793,Gut,1104,1.4678555,4.9718294,4,1.0481176,13.5596285,3
MGYG000004794,Gut,843,-3.7634099,12.080766,2,-8.465326,-10.182111,0
MGYG000004795,Gut,911,-2.7528872,13.335119,3,-2.6970322,-15.067644,0
MGYG000004796,Gut,1633,-2.827889,2.8773594,5,-6.5637593,-1.4823866,5
MGYG000004797,Gut,4107,2.1811235,4.5990973,4,-3.0457327,15.694201,2
MGYG000004798,Gut,2434,0.29769945,11.106716,3,12.8455105,5.1752815,4
MGYG000004799,Gut,2528,-6.0011287,2.2400448,5,9.465184,-6.4518266,7
MGYG000004800,Gut,1164,-3.8126485,12.434518,2,-8.670134,-10.394362,0
MGYG000004801,Gut,2141,1.314325,3.7836816,4,-6.4751368,-1.5971055,5
MGYG000004802,Gut,1791,-2.3291328,3.3402803,5,2.6464584,-5.0408382,8
MGYG000004803,Gut,1180,-1.8065716,1.0769944,5,4.527312,-2.5811536,8
MGYG000004804,Gut,1292,-4.108987,1.3173167,5,-7.152177,-1.7921461,5
MGYG000004805,Gut,2156,-2.1838949,0.7524264,5,-6.5152407,-2.0550485,5
MGYG000004806,Gut,1780,13.436198,3.3058589,0,11.087644,14.424789,1
MGYG000004807,Gut,2552,-1.9742622,0.26012954,5,2.7489862,-4.7249107,8
MGYG000004808,Gut,1462,6.9778557,2.8283405,1,12.426288,12.898335,1
MGYG000004809,Gut,1981,-3.132355,4.077985,5,7.5935063,-3.20191,8
MGYG000004810,Gut,1394,-3.6388686,5.3619003,5,2.5324297,-6.0990996,8
MGYG000004811,Gut,1228,-2.1377282,0.35041505,5,4.798448,-3.2965484,8
MGYG000004812,Gut,1661,-3.3790636,1.9787899,5,-7.147497,-1.7973595,5
MGYG000004813,Gut,2588,3.3322928,-2.9232678,-1,-10.225162,11.802873,6
MGYG000004814,Gut,1070,14.591131,8.179958,0,11.524605,16.272465,1
MGYG000004815,Gut,2025,-1.1827596,3.2360613,5,2.67299,-4.7911468,8
MGYG000004816,Gut,1733,-2.1687965,6.5547504,5,-6.736421,-2.3382142,5
MGYG000004817,Gut,1937,6.592581,3.1120682,1,12.933362,-14.443128,-1
MGYG000004818,Gut,1505,-1.2338308,3.210461,5,3.9867065,-3.1499856,8
MGYG000004819,Gut,1764,1.2763427,9.592481,3,13.599072,5.229374,4
MGYG000004820,Gut,1673,4.1657763,5.1665263,4,-0.55708176,14.398242,3
MGYG000004821,Gut,1157,1.2881414,9.646918,3,13.690113,5.2464705,4
MGYG000004822,Gut,2615,1.5330998,4.862869,4,-3.1694934,16.686388,2
MGYG000004823,Gut,2717,1.8969513,5.073297,4,-2.4682667,16.313826,2
MGYG000004824,Gut,2132,1.9347723,4.5878997,4,-1.7718164,16.59782,2
MGYG000004825,Gut,1770,1.7512846,7.2731457,4,-7.9966254,7.977235,6
MGYG000004826,Gut,1456,-2.7063785,6.1131306,5,1.6273967,-5.908825,8
MGYG000004827,Gut,1544,14.68204,6.014456,0,11.671323,16.254456,1
MGYG000004828,Gut,2356,-4.866786,11.49942,2,11.834515,2.5379498,4
MGYG000004829,Gut,2211,5.7677016,3.4187043,1,-7.926565,8.028018,6
MGYG000004830,Gut,1956,4.16774,5.25924,4,-0.70439404,14.372827,3
MGYG000004831,Gut,1316,-1.5085574,3.6524034,5,4.600726,-3.2721143,8
MGYG000004832,Gut,1992,-2.1723554,0.051083602,5,5.185805,-3.4116464,8
MGYG000004833,Gut,1926,1.3259019,1.7676007,-1,4.835526,-2.308518,8
MGYG000004834,Gut,2216,-1.7018195,11.990711,3,16.326948,1.8729193,4
MGYG000004835,Gut,1983,6.4536047,3.251155,1,12.918538,-14.45919,-1
MGYG000004836,Gut,2111,-2.1990268,0.7693052,5,-6.52967,-2.0880878,5
MGYG000004837,Gut,1705,3.4388313,-2.6750443,-1,-9.113815,8.739368,6
MGYG000004838,Gut,1546,3.6158807,4.0446467,4,3.951452,-4.7974787,8
MGYG000004839,Gut,2505,-5.2323904,1.5452751,5,9.752216,-5.659136,7
MGYG000004840,Gut,1399,1.3073832,9.559006,3,13.651601,5.262585,4
MGYG000004841,Gut,1373,-2.491426,9.025682,5,-12.340253,1.7111018,-1
MGYG000004842,Gut,2012,-6.042015,2.2831273,5,9.547835,-6.486608,7
MGYG000004843,Gut,1863,13.767157,3.0687943,0,11.708808,14.0697155,1
MGYG000004844,Gut,1505,14.68367,7.183748,0,11.607943,16.138474,1
MGYG000004845,Gut,2278,-3.5622947,6.391276,5,1.4904842,-5.392372,8
MGYG000004846,Gut,1730,13.9435005,3.3558736,0,10.916443,14.751143,1
MGYG000004847,Gut,2162,-3.9097788,7.262946,5,5.9839997,-3.2667353,8
MGYG000004848,Gut,1498,4.282083,6.2338433,4,-1.0891794,16.976225,2
MGYG000004849,Gut,2750,-2.3167999,1.4527152,5,2.7105672,-4.962222,8
MGYG000004850,Gut,1763,-1.9143366,0.87277496,5,2.56784,-4.7119455,8
MGYG000004851,Gut,2474,6.6159143,3.295872,1,-3.586599,0.7169106,5
MGYG000004852,Gut,2063,-4.6751003,12.02904,2,10.627028,-3.329701,8
MGYG000004853,Gut,1357,4.075333,5.3041353,4,-0.14510548,14.55769,3
MGYG000004854,Gut,2220,-3.686857,6.0182276,5,0.9009866,-4.7298336,8
MGYG000004855,Gut,2446,-4.3619437,1.925572,5,9.094382,-4.928427,7
MGYG000004856,Gut,2631,6.3964176,3.5137327,1,12.880491,-14.498882,-1
MGYG000004857,Gut,1193,-1.6914145,2.6495519,5,4.088137,-3.7799892,8
MGYG000004858,Gut,739,0.765824,14.267798,-1,-7.0753803,-0.90077144,5
MGYG000004859,Gut,1349,6.5579176,3.160453,1,12.43604,12.965238,1
MGYG000004860,Gut,2261,1.2705928,9.614426,3,13.284368,5.2577267,4
MGYG000004861,Gut,1844,1.2851005,9.56015,3,13.601094,5.2689605,4
MGYG000004862,Gut,801,-1.9414773,13.0483465,3,-2.687679,-14.723016,0
MGYG000004863,Gut,1625,-3.8938663,7.324126,5,7.625275,-3.1814523,8
MGYG000004864,Gut,2213,-0.94477373,1.90045,5,-3.5846725,0.7190334,5
MGYG000004865,Gut,2387,3.6873035,4.0141187,4,3.9978948,-4.7724385,8
MGYG000004866,Gut,2102,-1.1176078,1.5222815,5,5.1925607,-5.033173,8
MGYG000004867,Gut,1686,-3.4553936,6.193423,5,3.0164123,-5.540475,8
MGYG000004868,Gut,1436,14.654657,8.0431385,0,11.73663,16.088568,1
MGYG000004869,Gut,4312,-4.178798,1.4034077,5,8.75037,-5.9330134,7
MGYG000004870,Gut,1294,-3.063456,7.319154,5,6.05245,-3.316207,8
MGYG000004871,Gut,1724,4.1986794,5.254976,4,-0.17029455,14.459404,3
MGYG000004872,Gut,3358,-1.7223446,12.008063,3,16.37662,1.827124,4
MGYG000004873,Gut,1192,-2.58659,2.8283858,5,1.9064314,-4.698457,8
MGYG000004874,Gut,1409,-1.8576771,1.3722517,5,3.2345989,-5.011455,8
MGYG000004875,Gut,1767,13.7420225,3.3334827,0,11.71773,14.302385,1
MGYG000004876,Gut,3425,2.139574,4.6549463,4,-3.0398054,15.690816,2
MGYG000004877,Gut,1776,6.9418044,2.596212,1,12.417926,12.930066,1
MGYG000004878,Gut,3240,1.1622585,5.447495,4,-3.2216349,16.751713,2
MGYG000004879,Gut,3217,-6.031433,1.86896,5,11.383891,-5.2657356,7
MGYG000004880,Gut,2095,4.1629725,6.067367,4,-1.0997488,17.093187,2
MGYG000004881,Gut,1563,-3.0579882,6.1221156,5,1.5082233,-5.8604646,8
MGYG000004882,Gut,637,-1.9605995,8.291463,5,-5.494653,-9.20681,0
MGYG000004883,Gut,1581,6.4611816,1.4093148,1,-6.4085393,3.1657388,5
MGYG000004884,Gut,2133,-4.379574,2.638411,5,9.870183,-5.582728,7
MGYG000004885,Gut,1438,3.429092,5.016719,4,-0.72243565,16.45895,2
MGYG000004886,Gut,1026,6.4571576,1.465921,1,-6.4188685,3.1785846,5
MGYG000004887,Gut,1531,-1.4963603,3.2219577,5,2.7738473,-4.8243465,8
MGYG000004888,Gut,951,0.753799,14.253304,-1,-7.1198077,-0.86953044,5
MGYG000004889,Gut,2039,-1.8746685,2.2279801,5,2.3682,-4.9361525,8
MGYG000004890,Gut,592,-2.0213182,13.296138,3,-2.7297323,-14.65374,0
MGYG000004891,Gut,3094,-1.3038938,11.526041,3,10.496682,-4.8910203,7
MGYG000004892,Gut,1192,-1.5976448,2.9481595,5,2.1629777,-5.8886476,8
MGYG000004893,Gut,2102,-4.947404,11.565095,2,11.826322,2.5265112,4
MGYG000004894,Gut,1351,0.799799,14.301537,-1,-7.046221,-0.93610984,5
MGYG000004895,Gut,1221,6.408859,3.3537555,1,13.158291,-14.20443,-1
MGYG000004896,Gut,3252,6.4446597,3.2522507,1,12.892661,-14.4864645,-1
MGYG000004897,Gut,2367,-2.0207222,0.8475868,5,5.1796875,-2.9025114,8
MGYG000004898,Gut,1425,1.22083,9.642229,3,13.564989,5.186995,4
MGYG000004899,Gut,3932,2.1618814,5.0500436,4,-3.0007484,15.759326,2
MGYG000004900,Gut,1721,6.41302,3.216337,1,13.150523,-14.213411,-1
MGYG000004901,Gut,1893,-0.98316,1.874618,5,-3.6339219,0.66932565,5
MGYG000004902,Gut,2029,-3.7548454,5.1767774,5,-6.5207763,-1.8863767,5
MGYG000004903,Gut,2237,-5.516065,1.7509366,5,9.661803,-5.956288,7
MGYG000004904,Gut,1673,-4.157704,12.69594,2,-8.953878,-10.137745,0
MGYG000004905,Gut,862,-1.4627656,5.6226115,5,-2.7153695,5.8242106,5
MGYG000001302.1,Gut,2104,3.8696883,3.2665174,4,1.327032,13.238611,3
MGYG000002387,Gut,1941,1.0297347,10.126822,3,13.771022,5.4154863,4
